day,bm_unit,lead_party,mwh,cost_gbp
2025-09-19,E_BTUIW-3,SP Renewables (UK) Limited,185.6,989.0
2025-09-19,E_GRGRW-1,Evolve Energy Supply Limited,82.2,5751.0
2025-09-19,T_AKGLW-3,AIK2A Sustainable Energy Ltd,72.1,4905.0
2025-09-19,T_BROCW-1,Smartestenergy Limited,114.7,4472.0
2025-09-19,T_CLDCW-1,Clyde Windfarm (Scotland) Ltd,15.2,1480.0
2025-09-19,T_CRDEW-1,EDF Energy Customers Limited,78.4,4235.0
2025-09-19,T_CRDEW-2,EDF Energy Customers Limited,78.8,4256.0
2025-09-19,T_CRGHW-1,Statkraft Markets Gmbh,52.9,4074.0
2025-09-19,T_CUMHW-1,Uniper UK Limited,210.8,4874.0
2025-09-19,T_DALQW-1,Statkraft Markets Gmbh,90.5,5520.0
2025-09-19,T_DOREW-1,Dorenell Windfarm Limited,571.5,17616.0
2025-09-19,T_DOREW-2,Dorenell Windfarm Limited,369.1,13134.0
2025-09-19,T_DOUGW-1,Erova Energy Limited,143.5,4304.0
2025-09-19,T_DRSLW-1,SP Renewables (UK) Limited,45.9,3397.0
2025-09-19,T_EDINW-1,Vattenfall Wind Power Ltd,287.5,31620.0
2025-09-19,T_GLNKW-1,EDF Energy Customers Limited,501.4,24315.0
2025-09-19,T_GORDW-2,SSE Generation Ltd,284.5,2255.0
2025-09-19,T_HALSW-1,SP Renewables (UK) Limited,230.5,1514.0
2025-09-19,T_HOWBO-2,Sonningmay Wind Limited,135.9,6061.0
2025-09-19,T_HOWBO-3,Soundmark Wind Limited,216.4,9385.0
2025-09-19,T_KENNW-1,Kennoxhead Wind Farm Limited,172.7,5427.0
2025-09-19,T_KYPEW-1,Kype Extension Wind Farm Ltd,262.2,6818.0
2025-09-19,T_LARYW-1,London Array Limited,333.8,60001.0
2025-09-19,T_LARYW-2,London Array Limited,333.0,59856.0
2025-09-19,T_LARYW-3,London Array Limited,291.2,52340.0
2025-09-19,T_LARYW-4,London Array Limited,297.9,53545.0
2025-09-19,T_LIMKW-1,Limekiln Extension Ltd,889.4,35575.0
2025-09-19,T_MOWEO-1,Moray Offshore Wind East Ltd,2619.3,79643.0
2025-09-19,T_MOWEO-2,Moray Offshore Wind East Ltd,2340.1,71314.0
2025-09-19,T_MOWEO-3,Moray Offshore Wind East Ltd,2347.2,72548.0
2025-09-19,T_MOWWO-1,Moray Offshore Wind West Ltd,1954.7,85459.0
2025-09-19,T_MOWWO-2,Moray Offshore Wind West Ltd,1335.9,58405.0
2025-09-19,T_MOWWO-3,Moray Offshore Wind West Ltd,1402.8,61328.0
2025-09-19,T_MOWWO-4,Moray Offshore Wind West Ltd,2686.0,156674.0
2025-09-19,T_RMPNO-1,Rampion Offshore Windfarm Ltd,268.0,44670.0
2025-09-19,T_RMPNO-2,Rampion Offshore Windfarm Ltd,230.4,38405.0
2025-09-19,T_SGRWO-1,Seagreen Wind Energy Limited,2968.5,51504.0
2025-09-19,T_SGRWO-2,Seagreen Wind Energy Limited,945.9,16412.0
2025-09-19,T_SGRWO-3,Seagreen Wind Energy Limited,1842.6,31968.0
2025-09-19,T_SGRWO-4,Seagreen Wind Energy Limited,1291.7,22412.0
2025-09-19,T_SGRWO-5,Seagreen Wind Energy Limited,725.7,12592.0
2025-09-19,T_SGRWO-6,Seagreen Wind Energy Limited,3969.3,68867.0
2025-09-19,T_THNTO-1,Thanet Offshore Wind Limited,194.7,38752.0
2025-09-19,T_THNTO-2,Thanet Offshore Wind Limited,194.7,38752.0
2025-09-19,T_VKNGW-1,Viking Energy Wind Farm LLP,1317.5,14949.0
2025-09-19,T_VKNGW-2,Viking Energy Wind Farm LLP,1413.8,16042.0
2025-09-19,T_VKNGW-3,Viking Energy Wind Farm LLP,1275.3,14470.0
2025-09-19,T_VKNGW-4,Viking Energy Wind Farm LLP,1195.7,13568.0
2025-09-19,T_WISTW-2,BROCKLOCH RIG WINDFARM LTD,15.7,1267.0
2025-09-20,E_BABAW-1,Statkraft Markets Gmbh,289.4,23727.0
2025-09-20,E_BLARW-1,Erova Energy Limited,61.5,3889.0
2025-09-20,E_BTUIW-3,SP Renewables (UK) Limited,149.0,794.0
2025-09-20,E_GRGRW-1,Evolve Energy Supply Limited,110.1,7706.0
2025-09-20,E_MINSW-1,Mobius Renewables Gen. (GB),58.6,6036.0
2025-09-20,T_AKGLW-2,Aikengall 2 CWCL,242.8,21121.0
2025-09-20,T_AKGLW-3,AIK2A Sustainable Energy Ltd,562.3,38237.0
2025-09-20,T_BHLAW-1,SSE Generation Ltd,263.7,22143.0
2025-09-20,T_CGTHW-1,Corriegarth Wind Energy LTD,69.9,5639.0
2025-09-20,T_CRDEW-1,EDF Energy Customers Limited,123.9,6693.0
2025-09-20,T_CRDEW-2,EDF Energy Customers Limited,123.9,6693.0
2025-09-20,T_CRGHW-1,Statkraft Markets Gmbh,84.9,6535.0
2025-09-20,T_CRMLW-1,EDF Energy Customers Limited,42.5,3383.0
2025-09-20,T_CRYRW-2,Eneco Energy Trade,761.1,64390.0
2025-09-20,T_CRYRW-3,Eneco Energy Trade,90.1,6908.0
2025-09-20,T_CUMHW-1,Uniper UK Limited,101.6,2350.0
2025-09-20,T_DNLWW-1,SP Renewables (UK) Limited,16.5,1358.0
2025-09-20,T_DOREW-1,Dorenell Windfarm Limited,1230.1,60738.0
2025-09-20,T_DOREW-2,Dorenell Windfarm Limited,879.2,43470.0
2025-09-20,T_EDINW-1,Vattenfall Wind Power Ltd,119.1,13099.0
2025-09-20,T_EWHLW-1,SP Renewables (UK) Limited,137.3,10172.0
2025-09-20,T_FALGW-1,Fallago Rig Wind Farm Limited,783.3,66951.0
2025-09-20,T_GLNKW-1,EDF Energy Customers Limited,321.5,15592.0
2025-09-20,T_GORDW-1,SSE Generation Ltd,122.5,10518.0
2025-09-20,T_GORDW-2,SSE Generation Ltd,470.1,3700.0
2025-09-20,T_GRGBW-1,Greater Gabbard Offshore Winds,437.6,72602.0
2025-09-20,T_GRGBW-2,Greater Gabbard Offshore Winds,406.0,67364.0
2025-09-20,T_GRGBW-3,Greater Gabbard Offshore Winds,371.3,61606.0
2025-09-20,T_HALSW-1,SP Renewables (UK) Limited,563.2,3700.0
2025-09-20,T_KYPEW-1,Kype Extension Wind Farm Ltd,127.6,3318.0
2025-09-20,T_LARYW-1,London Array Limited,1109.0,199346.0
2025-09-20,T_LARYW-2,London Array Limited,1109.1,199379.0
2025-09-20,T_LARYW-3,London Array Limited,1072.4,192766.0
2025-09-20,T_LARYW-4,London Array Limited,1124.3,202100.0
2025-09-20,T_LIMKW-1,Limekiln Extension Ltd,1524.9,60997.0
2025-09-20,T_MOWEO-1,Moray Offshore Wind East Ltd,5022.8,220020.0
2025-09-20,T_MOWEO-2,Moray Offshore Wind East Ltd,4730.1,234191.0
2025-09-20,T_MOWEO-3,Moray Offshore Wind East Ltd,5359.9,255207.0
2025-09-20,T_MOWWO-1,Moray Offshore Wind West Ltd,3268.4,142895.0
2025-09-20,T_MOWWO-2,Moray Offshore Wind West Ltd,2815.8,123107.0
2025-09-20,T_MOWWO-3,Moray Offshore Wind West Ltd,2146.5,93846.0
2025-09-20,T_MOWWO-4,Moray Offshore Wind West Ltd,2777.0,161984.0
2025-09-20,T_NNGAO-1,Neart Na Gaoithe Offshore Wind,300.4,34963.0
2025-09-20,T_NNGAO-2,Neart Na Gaoithe Offshore Wind,18.8,1665.0
2025-09-20,T_RMPNO-1,Rampion Offshore Windfarm Ltd,1544.6,257493.0
2025-09-20,T_RMPNO-2,Rampion Offshore Windfarm Ltd,1344.5,224131.0
2025-09-20,T_SGRWO-1,Seagreen Wind Energy Limited,3077.4,53393.0
2025-09-20,T_SGRWO-2,Seagreen Wind Energy Limited,875.3,15186.0
2025-09-20,T_SGRWO-3,Seagreen Wind Energy Limited,1696.1,29428.0
2025-09-20,T_SGRWO-4,Seagreen Wind Energy Limited,1756.7,30479.0
2025-09-20,T_SGRWO-5,Seagreen Wind Energy Limited,616.6,10699.0
2025-09-20,T_SGRWO-6,Seagreen Wind Energy Limited,1975.0,34267.0
2025-09-20,T_STRNW-1,Strathy Wind Farm Limited,249.7,21324.0
2025-09-20,T_TDBNW-1,SSE Generation Ltd,3.2,294.0
2025-09-20,T_THNTO-1,Thanet Offshore Wind Limited,961.3,191295.0
2025-09-20,T_THNTO-2,Thanet Offshore Wind Limited,961.3,191295.0
2025-09-20,T_TWSHW-1,Twentyshilling Limited,102.1,2940.0
2025-09-20,T_VKNGW-1,Viking Energy Wind Farm LLP,2025.6,22869.0
2025-09-20,T_VKNGW-2,Viking Energy Wind Farm LLP,2133.1,24083.0
2025-09-20,T_VKNGW-3,Viking Energy Wind Farm LLP,1955.4,22076.0
2025-09-20,T_VKNGW-4,Viking Energy Wind Farm LLP,1822.1,20571.0
2025-09-21,2__PENEC001,Eneco Energy Trade,166.7,14667.0
2025-09-21,2__PENEC002,Eneco Energy Trade,196.3,17650.0
2025-09-21,2__PSMAE001,Smartestenergy Limited,116.5,10660.0
2025-09-21,2__PSTAT001,Statkraft Markets Gmbh,111.1,9413.0
2025-09-21,C__PSTAT011,Statkraft Markets Gmbh,174.5,15004.0
2025-09-21,E_BABAW-1,Statkraft Markets Gmbh,568.5,46618.0
2025-09-21,E_BETHW-1,SP Renewables (UK) Limited,250.3,20636.0
2025-09-21,E_BLARW-1,Erova Energy Limited,54.0,5773.0
2025-09-21,E_BNWKW-1,Eneco Energy Trade,84.3,7584.0
2025-09-21,E_BTUIW-3,SP Renewables (UK) Limited,262.8,1401.0
2025-09-21,E_CLDRW-1,Vattenfall Energy Trading,129.9,11955.0
2025-09-21,E_GRGRW-1,Evolve Energy Supply Limited,46.9,3281.0
2025-09-21,E_TULWW-2,Eneco Energy Trade,90.6,8153.0
2025-09-21,T_AKGLW-2,Aikengall 2 CWCL,822.7,71573.0
2025-09-21,T_AKGLW-3,AIK2A Sustainable Energy Ltd,927.2,63052.0
2025-09-21,T_BHLAW-1,SSE Generation Ltd,373.8,31391.0
2025-09-21,T_BROCW-1,Smartestenergy Limited,19.3,755.0
2025-09-21,T_CGTHW-1,Corriegarth Wind Energy LTD,4.6,368.0
2025-09-21,T_CRDEW-1,EDF Energy Customers Limited,64.1,3461.0
2025-09-21,T_CRDEW-2,EDF Energy Customers Limited,65.4,3531.0
2025-09-21,T_CRGHW-1,Statkraft Markets Gmbh,143.0,11008.0
2025-09-21,T_CRMLW-1,EDF Energy Customers Limited,330.3,26289.0
2025-09-21,T_CRYRW-2,Eneco Energy Trade,694.5,58751.0
2025-09-21,T_CRYRW-3,Eneco Energy Trade,64.5,4946.0
2025-09-21,T_CUMHW-1,Uniper UK Limited,189.3,5952.0
2025-09-21,T_DALQW-1,Statkraft Markets Gmbh,5.1,311.0
2025-09-21,T_DNLWW-1,SP Renewables (UK) Limited,45.3,3731.0
2025-09-21,T_DOREW-1,Dorenell Windfarm Limited,958.3,89659.0
2025-09-21,T_DOREW-2,Dorenell Windfarm Limited,674.7,63185.0
2025-09-21,T_DOUGW-1,Erova Energy Limited,11.1,333.0
2025-09-21,T_DRSLW-1,SP Renewables (UK) Limited,18.1,1343.0
2025-09-21,T_DUNGW-1,Dunmaglass Wind Farm Limited,282.1,25322.0
2025-09-21,T_EDINW-1,Vattenfall Wind Power Ltd,98.5,10830.0
2025-09-21,T_EWHLW-1,SP Renewables (UK) Limited,74.6,5523.0
2025-09-21,T_FALGW-1,Fallago Rig Wind Farm Limited,1012.1,86505.0
2025-09-21,T_GLNKW-1,EDF Energy Customers Limited,208.8,10126.0
2025-09-21,T_GORDW-1,SSE Generation Ltd,603.0,51779.0
2025-09-21,T_GORDW-2,SSE Generation Ltd,468.4,3687.0
2025-09-21,T_GRGBW-1,Greater Gabbard Offshore Winds,464.5,77071.0
2025-09-21,T_GRGBW-2,Greater Gabbard Offshore Winds,290.0,48113.0
2025-09-21,T_GRGBW-3,Greater Gabbard Offshore Winds,385.3,63929.0
2025-09-21,T_HALSW-1,SP Renewables (UK) Limited,538.9,3541.0
2025-09-21,T_HOWBO-1,Breesea Limited,36.2,3241.0
2025-09-21,T_HOWBO-2,Sonningmay Wind Limited,25.5,2274.0
2025-09-21,T_HOWBO-3,Soundmark Wind Limited,30.8,2720.0
2025-09-21,T_KILBW-1,Kilbraur Wind Energy Ltd,185.5,16277.0
2025-09-21,T_KYPEW-1,Kype Extension Wind Farm Ltd,129.2,3358.0
2025-09-21,T_LCLTW-1,Eneco Energy Trade,139.6,12566.0
2025-09-21,T_LIMKW-1,Limekiln Extension Ltd,1596.5,63862.0
2025-09-21,T_MOWEO-1,Moray Offshore Wind East Ltd,1391.4,94636.0
2025-09-21,T_MOWEO-2,Moray Offshore Wind East Ltd,4410.0,401126.0
2025-09-21,T_MOWEO-3,Moray Offshore Wind East Ltd,1738.6,89359.0
2025-09-21,T_MOWWO-1,Moray Offshore Wind West Ltd,3685.1,161112.0
2025-09-21,T_MOWWO-2,Moray Offshore Wind West Ltd,3357.9,146807.0
2025-09-21,T_MOWWO-3,Moray Offshore Wind West Ltd,2605.3,113903.0
2025-09-21,T_MOWWO-4,Moray Offshore Wind West Ltd,3957.9,230862.0
2025-09-21,T_NNGAO-1,Neart Na Gaoithe Offshore Wind,192.8,33811.0
2025-09-21,T_SAKNW-1,Sandy Knowe Wind Farm Ltd,28.9,1154.0
2025-09-21,T_SGRWO-1,Seagreen Wind Energy Limited,5152.6,89397.0
2025-09-21,T_SGRWO-2,Seagreen Wind Energy Limited,1259.2,21847.0
2025-09-21,T_SGRWO-3,Seagreen Wind Energy Limited,1629.3,28268.0
2025-09-21,T_SGRWO-4,Seagreen Wind Energy Limited,2645.7,45903.0
2025-09-21,T_SGRWO-5,Seagreen Wind Energy Limited,1371.3,23793.0
2025-09-21,T_SGRWO-6,Seagreen Wind Energy Limited,3486.4,60488.0
2025-09-21,T_SOKYW-1,South Kyle Wind Farm Limited,49.2,1476.0
2025-09-21,T_STLGW-1,Stronelairg Windfarm Limited,253.5,22821.0
2025-09-21,T_STLGW-2,Stronelairg Windfarm Limited,277.9,25018.0
2025-09-21,T_STLGW-3,Stronelairg Windfarm Limited,244.5,22014.0
2025-09-21,T_STRNW-1,Strathy Wind Farm Limited,845.5,72218.0
2025-09-21,T_TDBNW-1,SSE Generation Ltd,28.1,2615.0
2025-09-21,T_TWSHW-1,Twentyshilling Limited,124.2,3575.0
2025-09-21,T_VKNGW-1,Viking Energy Wind Farm LLP,1712.3,19331.0
2025-09-21,T_VKNGW-2,Viking Energy Wind Farm LLP,1802.4,20349.0
2025-09-21,T_VKNGW-3,Viking Energy Wind Farm LLP,1670.8,18864.0
2025-09-21,T_VKNGW-4,Viking Energy Wind Farm LLP,1563.3,17650.0
2025-09-21,T_WDRGW-1,Windy Rig Wind Farm Limited,28.6,838.0
2025-09-22,E_BABAW-1,Statkraft Markets Gmbh,28.1,2300.0
2025-09-22,T_CGTHW-1,Corriegarth Wind Energy LTD,5.2,420.0
2025-09-22,T_CRMLW-1,EDF Energy Customers Limited,18.7,1492.0
2025-09-22,T_DOREW-1,Dorenell Windfarm Limited,485.8,19937.0
2025-09-22,T_DOREW-2,Dorenell Windfarm Limited,622.5,28962.0
2025-09-22,T_GLNKW-1,EDF Energy Customers Limited,272.1,13198.0
2025-09-22,T_GORDW-2,SSE Generation Ltd,269.2,2119.0
2025-09-22,T_GRGBW-1,Greater Gabbard Offshore Winds,287.1,47641.0
2025-09-22,T_GRGBW-2,Greater Gabbard Offshore Winds,68.4,11354.0
2025-09-22,T_GRGBW-3,Greater Gabbard Offshore Winds,31.0,5137.0
2025-09-22,T_HALSW-1,SP Renewables (UK) Limited,363.5,2389.0
2025-09-22,T_LIMKW-1,Limekiln Extension Ltd,1468.3,58733.0
2025-09-22,T_MOWEO-1,Moray Offshore Wind East Ltd,3279.0,123635.0
2025-09-22,T_MOWEO-2,Moray Offshore Wind East Ltd,2479.6,95274.0
2025-09-22,T_MOWEO-3,Moray Offshore Wind East Ltd,2318.5,98678.0
2025-09-22,T_MOWWO-1,Moray Offshore Wind West Ltd,2390.9,104529.0
2025-09-22,T_MOWWO-2,Moray Offshore Wind West Ltd,1763.3,77093.0
2025-09-22,T_MOWWO-3,Moray Offshore Wind West Ltd,1767.0,77255.0
2025-09-22,T_MOWWO-4,Moray Offshore Wind West Ltd,2990.7,174448.0
2025-09-22,T_SGRWO-1,Seagreen Wind Energy Limited,662.9,11501.0
2025-09-22,T_SGRWO-2,Seagreen Wind Energy Limited,12.5,218.0
2025-09-22,T_SGRWO-3,Seagreen Wind Energy Limited,1.2,22.0
2025-09-22,T_SGRWO-4,Seagreen Wind Energy Limited,17.0,296.0
2025-09-22,T_SGRWO-5,Seagreen Wind Energy Limited,23.8,413.0
2025-09-22,T_SGRWO-6,Seagreen Wind Energy Limited,804.0,13950.0
2025-09-22,T_VKNGW-1,Viking Energy Wind Farm LLP,795.4,8980.0
2025-09-22,T_VKNGW-2,Viking Energy Wind Farm LLP,896.4,10121.0
2025-09-22,T_VKNGW-3,Viking Energy Wind Farm LLP,634.5,7163.0
2025-09-22,T_VKNGW-4,Viking Energy Wind Farm LLP,520.8,5880.0
2025-09-23,T_GRGBW-1,Greater Gabbard Offshore Winds,170.2,28234.0
2025-09-23,T_GRGBW-2,Greater Gabbard Offshore Winds,115.1,19092.0
2025-09-23,T_GRGBW-3,Greater Gabbard Offshore Winds,137.5,22820.0
2025-09-24,T_GRGBW-1,Greater Gabbard Offshore Winds,560.2,92944.0
2025-09-24,T_GRGBW-2,Greater Gabbard Offshore Winds,135.6,22507.0
2025-09-24,T_GRGBW-3,Greater Gabbard Offshore Winds,176.7,29313.0
2025-09-25,T_CREAW-1,Creag Riabhach Wind Farm Ltd,17.8,957.0
2025-09-25,T_DOREW-1,Dorenell Windfarm Limited,399.1,15106.0
2025-09-25,T_DOREW-2,Dorenell Windfarm Limited,244.9,8855.0
2025-09-25,T_DUNGW-1,Dunmaglass Wind Farm Limited,46.9,4205.0
2025-09-25,T_EDINW-1,Vattenfall Wind Power Ltd,0.3,28.0
2025-09-25,T_GORDW-1,SSE Generation Ltd,28.6,2457.0
2025-09-25,T_GORDW-2,SSE Generation Ltd,54.4,428.0
2025-09-25,T_GRGBW-1,Greater Gabbard Offshore Winds,724.4,120186.0
2025-09-25,T_GRGBW-2,Greater Gabbard Offshore Winds,404.7,67153.0
2025-09-25,T_GRGBW-3,Greater Gabbard Offshore Winds,515.2,85486.0
2025-09-25,T_HALSW-1,SP Renewables (UK) Limited,132.3,869.0
2025-09-25,T_LIMKW-1,Limekiln Extension Ltd,85.1,3403.0
2025-09-25,T_MOWEO-1,Moray Offshore Wind East Ltd,1137.1,48928.0
2025-09-25,T_MOWEO-2,Moray Offshore Wind East Ltd,951.1,41826.0
2025-09-25,T_MOWEO-3,Moray Offshore Wind East Ltd,1063.3,46727.0
2025-09-25,T_MOWWO-1,Moray Offshore Wind West Ltd,1012.6,44270.0
2025-09-25,T_MOWWO-2,Moray Offshore Wind West Ltd,819.2,35816.0
2025-09-25,T_MOWWO-3,Moray Offshore Wind West Ltd,691.1,30217.0
2025-09-25,T_MOWWO-4,Moray Offshore Wind West Ltd,789.8,46067.0
2025-09-25,T_SGRWO-1,Seagreen Wind Energy Limited,353.7,6020.0
2025-09-25,T_SGRWO-2,Seagreen Wind Energy Limited,109.0,1856.0
2025-09-25,T_SGRWO-6,Seagreen Wind Energy Limited,265.5,4519.0
2025-09-25,T_VKNGW-1,Viking Energy Wind Farm LLP,627.6,7086.0
2025-09-25,T_VKNGW-2,Viking Energy Wind Farm LLP,580.8,6558.0
2025-09-25,T_VKNGW-3,Viking Energy Wind Farm LLP,488.0,5510.0
2025-09-25,T_VKNGW-4,Viking Energy Wind Farm LLP,441.6,4985.0
2025-09-26,2__PSTAT001,Statkraft Markets Gmbh,13.0,1104.0
2025-09-26,C__PSTAT011,Statkraft Markets Gmbh,43.6,3749.0
2025-09-26,E_BABAW-1,Statkraft Markets Gmbh,430.8,35327.0
2025-09-26,E_BETHW-1,SP Renewables (UK) Limited,28.1,2320.0
2025-09-26,T_BDCHW-1,RWE Generation UK plc,104.2,8311.0
2025-09-26,T_BHLAW-1,SSE Generation Ltd,722.3,60673.0
2025-09-26,T_CGTHW-1,Corriegarth Wind Energy LTD,451.5,36435.0
2025-09-26,T_CREAW-1,Creag Riabhach Wind Farm Ltd,1416.9,76088.0
2025-09-26,T_CRMLW-1,EDF Energy Customers Limited,368.2,29308.0
2025-09-26,T_DOREW-1,Dorenell Windfarm Limited,2065.0,85815.0
2025-09-26,T_DOREW-2,Dorenell Windfarm Limited,1569.8,65946.0
2025-09-26,T_EDINW-1,Vattenfall Wind Power Ltd,116.4,12802.0
2025-09-26,T_GLNKW-1,EDF Energy Customers Limited,592.3,43477.0
2025-09-26,T_GORDW-1,SSE Generation Ltd,250.5,21524.0
2025-09-26,T_GORDW-2,SSE Generation Ltd,685.9,5391.0
2025-09-26,T_GRGBW-1,Greater Gabbard Offshore Winds,8.4,1395.0
2025-09-26,T_GRGBW-2,Greater Gabbard Offshore Winds,10.1,1674.0
2025-09-26,T_GRGBW-3,Greater Gabbard Offshore Winds,8.9,1474.0
2025-09-26,T_HALSW-1,SP Renewables (UK) Limited,639.8,4203.0
2025-09-26,T_LIMKW-1,Limekiln Extension Ltd,2193.6,87745.0
2025-09-26,T_MKHLW-1,SP Renewables (UK) Limited,50.5,4164.0
2025-09-26,T_MOWEO-1,Moray Offshore Wind East Ltd,6536.1,270136.0
2025-09-26,T_MOWEO-2,Moray Offshore Wind East Ltd,6099.7,251355.0
2025-09-26,T_MOWEO-3,Moray Offshore Wind East Ltd,5980.1,246960.0
2025-09-26,T_MOWWO-1,Moray Offshore Wind West Ltd,4300.0,187996.0
2025-09-26,T_MOWWO-2,Moray Offshore Wind West Ltd,4073.0,178072.0
2025-09-26,T_MOWWO-3,Moray Offshore Wind West Ltd,2946.5,128821.0
2025-09-26,T_MOWWO-4,Moray Offshore Wind West Ltd,5151.7,300500.0
2025-09-26,T_SGRWO-1,Seagreen Wind Energy Limited,1361.6,23175.0
2025-09-26,T_SGRWO-2,Seagreen Wind Energy Limited,839.8,14294.0
2025-09-26,T_SGRWO-3,Seagreen Wind Energy Limited,655.2,11152.0
2025-09-26,T_SGRWO-4,Seagreen Wind Energy Limited,1.2,21.0
2025-09-26,T_SGRWO-5,Seagreen Wind Energy Limited,734.6,12503.0
2025-09-26,T_SGRWO-6,Seagreen Wind Energy Limited,741.1,12613.0
2025-09-26,T_STRNW-1,Strathy Wind Farm Limited,140.8,12025.0
2025-09-26,T_VKNGW-1,Viking Energy Wind Farm LLP,2357.6,26599.0
2025-09-26,T_VKNGW-2,Viking Energy Wind Farm LLP,2325.1,26232.0
2025-09-26,T_VKNGW-3,Viking Energy Wind Farm LLP,2217.1,25014.0
2025-09-26,T_VKNGW-4,Viking Energy Wind Farm LLP,2077.0,23433.0
2025-09-26,T_WHIHW-1,Whiteside Hill,35.8,3223.0
2025-09-26,T_WISTW-2,BROCKLOCH RIG WINDFARM LTD,83.5,6720.0
2025-09-27,2__PSTAT001,Statkraft Markets Gmbh,174.6,14793.0
2025-09-27,E_BABAW-1,Statkraft Markets Gmbh,414.6,33998.0
2025-09-27,E_BETHW-1,SP Renewables (UK) Limited,10.7,884.0
2025-09-27,T_BHLAW-1,SSE Generation Ltd,766.7,64520.0
2025-09-27,T_CGTHW-1,Corriegarth Wind Energy LTD,442.1,35681.0
2025-09-27,T_CREAW-1,Creag Riabhach Wind Farm Ltd,976.6,52444.0
2025-09-27,T_CRMLW-1,EDF Energy Customers Limited,372.7,29661.0
2025-09-27,T_DOREW-1,Dorenell Windfarm Limited,1058.5,37224.0
2025-09-27,T_DOREW-2,Dorenell Windfarm Limited,795.2,28305.0
2025-09-27,T_EDINW-1,Vattenfall Wind Power Ltd,44.6,4906.0
2025-09-27,T_GLNKW-1,EDF Energy Customers Limited,535.9,39334.0
2025-09-27,T_GORDW-1,SSE Generation Ltd,76.2,6557.0
2025-09-27,T_GORDW-2,SSE Generation Ltd,626.5,4811.0
2025-09-27,T_HALSW-1,SP Renewables (UK) Limited,556.2,3654.0
2025-09-27,T_LIMKW-1,Limekiln Extension Ltd,1751.4,70056.0
2025-09-27,T_MKHLW-1,SP Renewables (UK) Limited,102.5,8453.0
2025-09-27,T_MOWEO-1,Moray Offshore Wind East Ltd,5938.9,254830.0
2025-09-27,T_MOWEO-2,Moray Offshore Wind East Ltd,5493.6,236369.0
2025-09-27,T_MOWEO-3,Moray Offshore Wind East Ltd,5569.7,238404.0
2025-09-27,T_MOWWO-1,Moray Offshore Wind West Ltd,3057.0,133652.0
2025-09-27,T_MOWWO-2,Moray Offshore Wind West Ltd,3406.0,148910.0
2025-09-27,T_MOWWO-3,Moray Offshore Wind West Ltd,2523.7,110335.0
2025-09-27,T_MOWWO-4,Moray Offshore Wind West Ltd,4086.2,238350.0
2025-09-27,T_SGRWO-1,Seagreen Wind Energy Limited,4165.3,70893.0
2025-09-27,T_SGRWO-2,Seagreen Wind Energy Limited,1198.6,20400.0
2025-09-27,T_SGRWO-3,Seagreen Wind Energy Limited,2680.2,45617.0
2025-09-27,T_SGRWO-5,Seagreen Wind Energy Limited,1176.9,20030.0
2025-09-27,T_SGRWO-6,Seagreen Wind Energy Limited,4827.4,82162.0
2025-09-27,T_STRNW-1,Strathy Wind Farm Limited,271.3,23226.0
2025-09-27,T_VKNGW-1,Viking Energy Wind Farm LLP,2403.2,26747.0
2025-09-27,T_VKNGW-2,Viking Energy Wind Farm LLP,2347.8,26131.0
2025-09-27,T_VKNGW-3,Viking Energy Wind Farm LLP,2257.1,25121.0
2025-09-27,T_VKNGW-4,Viking Energy Wind Farm LLP,2163.8,24083.0
2025-09-27,T_WHIHW-1,Whiteside Hill,67.6,6081.0
2025-09-27,T_WISTW-2,BROCKLOCH RIG WINDFARM LTD,150.4,12108.0
2025-09-28,T_GORDW-2,SSE Generation Ltd,0.1,1.0
2025-09-28,T_HALSW-1,SP Renewables (UK) Limited,10.1,66.0
2025-09-28,T_LIMKW-1,Limekiln Extension Ltd,59.6,2386.0
2025-09-28,T_MOWEO-1,Moray Offshore Wind East Ltd,51.4,2580.0
2025-09-28,T_MOWEO-2,Moray Offshore Wind East Ltd,37.4,1881.0
2025-09-28,T_MOWEO-3,Moray Offshore Wind East Ltd,12.6,633.0
2025-09-28,T_MOWWO-1,Moray Offshore Wind West Ltd,13.7,601.0
2025-09-28,T_MOWWO-2,Moray Offshore Wind West Ltd,9.3,407.0
2025-09-28,T_MOWWO-3,Moray Offshore Wind West Ltd,7.8,340.0
2025-09-28,T_MOWWO-4,Moray Offshore Wind West Ltd,15.4,897.0
2025-09-28,T_SGRWO-1,Seagreen Wind Energy Limited,426.2,7253.0
2025-09-28,T_SGRWO-2,Seagreen Wind Energy Limited,131.2,2233.0
2025-09-28,T_SGRWO-3,Seagreen Wind Energy Limited,262.5,4467.0
2025-09-28,T_SGRWO-4,Seagreen Wind Energy Limited,8.2,140.0
2025-09-28,T_SGRWO-6,Seagreen Wind Energy Limited,252.7,4300.0
2025-09-28,T_VKNGW-1,Viking Energy Wind Farm LLP,151.4,1685.0
2025-09-28,T_VKNGW-2,Viking Energy Wind Farm LLP,143.0,1591.0
2025-09-28,T_VKNGW-3,Viking Energy Wind Farm LLP,131.5,1464.0
2025-09-28,T_VKNGW-4,Viking Energy Wind Farm LLP,121.3,1350.0
2025-09-29,T_EDINW-1,Vattenfall Wind Power Ltd,0.0,3.0
2025-09-30,E_BTUIW-3,SP Renewables (UK) Limited,4.7,25.0
2025-09-30,T_CREAW-1,Creag Riabhach Wind Farm Ltd,43.2,2318.0
2025-09-30,T_DOREW-2,Dorenell Windfarm Limited,96.2,4698.0
2025-09-30,T_EDINW-1,Vattenfall Wind Power Ltd,5.1,562.0
2025-09-30,T_GORDW-2,SSE Generation Ltd,123.0,945.0
2025-09-30,T_HALSW-1,SP Renewables (UK) Limited,225.7,1483.0
2025-09-30,T_LIMKW-1,Limekiln Extension Ltd,285.9,11435.0
2025-09-30,T_MOWEO-1,Moray Offshore Wind East Ltd,1273.3,50073.0
2025-09-30,T_MOWEO-2,Moray Offshore Wind East Ltd,1086.5,44345.0
2025-09-30,T_MOWEO-3,Moray Offshore Wind East Ltd,1214.3,48213.0
2025-09-30,T_MOWWO-1,Moray Offshore Wind West Ltd,574.2,23318.0
2025-09-30,T_MOWWO-2,Moray Offshore Wind West Ltd,551.5,22335.0
2025-09-30,T_MOWWO-3,Moray Offshore Wind West Ltd,365.0,14792.0
2025-09-30,T_MOWWO-4,Moray Offshore Wind West Ltd,417.0,21265.0
2025-09-30,T_SGRWO-1,Seagreen Wind Energy Limited,568.0,9814.0
2025-09-30,T_SGRWO-2,Seagreen Wind Energy Limited,208.1,3595.0
2025-09-30,T_SGRWO-3,Seagreen Wind Energy Limited,352.1,6084.0
2025-09-30,T_SGRWO-4,Seagreen Wind Energy Limited,425.8,7359.0
2025-09-30,T_SGRWO-5,Seagreen Wind Energy Limited,254.4,4397.0
2025-09-30,T_SGRWO-6,Seagreen Wind Energy Limited,692.0,11957.0
2025-09-30,T_VKNGW-1,Viking Energy Wind Farm LLP,482.7,5373.0
2025-09-30,T_VKNGW-2,Viking Energy Wind Farm LLP,509.7,5673.0
2025-09-30,T_VKNGW-3,Viking Energy Wind Farm LLP,486.3,5412.0
2025-09-30,T_VKNGW-4,Viking Energy Wind Farm LLP,458.3,5101.0
2025-10-01,E_BABAW-1,Statkraft Markets Gmbh,137.1,11238.0
2025-10-01,E_BTUIW-3,SP Renewables (UK) Limited,74.5,558.0
2025-10-01,T_BDCHW-1,RWE Generation UK plc,4.6,348.0
2025-10-01,T_CREAW-1,Creag Riabhach Wind Farm Ltd,432.3,23214.0
2025-10-01,T_CUMHW-1,Uniper UK Limited,55.4,1282.0
2025-10-01,T_DOREW-1,Dorenell Windfarm Limited,41.4,1421.0
2025-10-01,T_DOREW-2,Dorenell Windfarm Limited,537.3,26920.0
2025-10-01,T_EDINW-1,Vattenfall Wind Power Ltd,101.9,11206.0
2025-10-01,T_GLNKW-1,EDF Energy Customers Limited,26.1,1915.0
2025-10-01,T_GORDW-2,SSE Generation Ltd,385.0,2956.0
2025-10-01,T_HALSW-1,SP Renewables (UK) Limited,488.5,4284.0
2025-10-01,T_KYPEW-1,Kype Extension Wind Farm Ltd,10.6,275.0
2025-10-01,T_LIMKW-1,Limekiln Extension Ltd,1197.5,47899.0
2025-10-01,T_MOWEO-1,Moray Offshore Wind East Ltd,4459.1,210812.0
2025-10-01,T_MOWEO-2,Moray Offshore Wind East Ltd,4194.4,199121.0
2025-10-01,T_MOWEO-3,Moray Offshore Wind East Ltd,4879.8,220188.0
2025-10-01,T_MOWWO-1,Moray Offshore Wind West Ltd,2524.4,102177.0
2025-10-01,T_MOWWO-2,Moray Offshore Wind West Ltd,1978.5,80105.0
2025-10-01,T_MOWWO-3,Moray Offshore Wind West Ltd,1580.3,63898.0
2025-10-01,T_MOWWO-4,Moray Offshore Wind West Ltd,2572.2,131156.0
2025-10-01,T_SGRWO-1,Seagreen Wind Energy Limited,5915.4,102217.0
2025-10-01,T_SGRWO-2,Seagreen Wind Energy Limited,1595.3,27568.0
2025-10-01,T_SGRWO-3,Seagreen Wind Energy Limited,2505.9,43302.0
2025-10-01,T_SGRWO-4,Seagreen Wind Energy Limited,2134.5,36884.0
2025-10-01,T_SGRWO-5,Seagreen Wind Energy Limited,1327.9,22946.0
2025-10-01,T_SGRWO-6,Seagreen Wind Energy Limited,7311.7,126346.0
2025-10-01,T_SOKYW-1,South Kyle Wind Farm Limited,21.5,644.0
2025-10-01,T_STRNW-1,Strathy Wind Farm Limited,155.4,13302.0
2025-10-01,T_TWSHW-1,Twentyshilling Limited,7.5,215.0
2025-10-01,T_VKNGW-1,Viking Energy Wind Farm LLP,2083.4,23188.0
2025-10-01,T_VKNGW-2,Viking Energy Wind Farm LLP,2114.6,23535.0
2025-10-01,T_VKNGW-3,Viking Energy Wind Farm LLP,2056.0,22883.0
2025-10-01,T_VKNGW-4,Viking Energy Wind Farm LLP,1827.3,20338.0
2025-10-01,T_WDRGW-1,Windy Rig Wind Farm Limited,4.9,142.0
2025-10-02,2__PENEC001,Eneco Energy Trade,87.4,7694.0
2025-10-02,2__PSTAT001,Statkraft Markets Gmbh,245.5,20796.0
2025-10-02,C__PSTAT011,Statkraft Markets Gmbh,152.9,13152.0
2025-10-02,E_BABAW-1,Statkraft Markets Gmbh,204.1,16736.0
2025-10-02,E_BLARW-1,Erova Energy Limited,252.0,9837.0
2025-10-02,E_BTUIW-2,SP Renewables (UK) Limited,215.7,18212.0
2025-10-02,E_BTUIW-3,SP Renewables (UK) Limited,601.2,4509.0
2025-10-02,E_GRGRW-1,Evolve Energy Supply Limited,252.6,17682.0
2025-10-02,E_HRHLW-1,SP Renewables (UK) Limited,110.2,8385.0
2025-10-02,T_AKGLW-2,Aikengall 2 CWCL,193.0,16795.0
2025-10-02,T_AKGLW-3,AIK2A Sustainable Energy Ltd,495.2,33672.0
2025-10-02,T_BDCHW-1,RWE Generation UK plc,12.6,1062.0
2025-10-02,T_BHLAW-1,SSE Generation Ltd,419.6,35308.0
2025-10-02,T_BLLA-1,SP Renewables (UK) Limited,523.2,44390.0
2025-10-02,T_BLLA-2,SP Renewables (UK) Limited,269.2,20478.0
2025-10-02,T_BROCW-1,Smartestenergy Limited,333.0,12988.0
2025-10-02,T_CGTHW-1,Corriegarth Wind Energy LTD,321.9,25975.0
2025-10-02,T_CRDEW-1,EDF Energy Customers Limited,143.3,7740.0
2025-10-02,T_CRDEW-2,EDF Energy Customers Limited,175.4,9469.0
2025-10-02,T_CREAW-1,Creag Riabhach Wind Farm Ltd,357.2,19180.0
2025-10-02,T_CRGHW-1,Statkraft Markets Gmbh,161.4,12425.0
2025-10-02,T_CRMLW-1,EDF Energy Customers Limited,103.8,8263.0
2025-10-02,T_CRYRW-2,Eneco Energy Trade,724.2,61268.0
2025-10-02,T_CRYRW-3,Eneco Energy Trade,80.2,6148.0
2025-10-02,T_CUMHW-1,Uniper UK Limited,481.3,11415.0
2025-10-02,T_DALQW-1,Statkraft Markets Gmbh,267.8,16336.0
2025-10-02,T_DOREW-1,Dorenell Windfarm Limited,956.8,52178.0
2025-10-02,T_DOREW-2,Dorenell Windfarm Limited,716.1,39849.0
2025-10-02,T_DOUGW-1,Erova Energy Limited,453.8,13615.0
2025-10-02,T_DRSLW-1,SP Renewables (UK) Limited,332.1,25259.0
2025-10-02,T_EDINW-1,Vattenfall Wind Power Ltd,2.2,247.0
2025-10-02,T_FALGW-1,Fallago Rig Wind Farm Limited,497.5,42518.0
2025-10-02,T_GLNKW-1,EDF Energy Customers Limited,292.0,21435.0
2025-10-02,T_GNAPW-1,SP Renewables (UK) Limited,122.0,9281.0
2025-10-02,T_GORDW-1,SSE Generation Ltd,299.8,25813.0
2025-10-02,T_GORDW-2,SSE Generation Ltd,319.5,2454.0
2025-10-02,T_GRGBW-1,Greater Gabbard Offshore Winds,123.1,20515.0
2025-10-02,T_GRGBW-2,Greater Gabbard Offshore Winds,110.4,18408.0
2025-10-02,T_GRGBW-3,Greater Gabbard Offshore Winds,153.2,25541.0
2025-10-02,T_HALSW-1,SP Renewables (UK) Limited,297.4,2608.0
2025-10-02,T_HRSTW-1,SP Renewables (UK) Limited,679.8,57610.0
2025-10-02,T_KILBW-1,Kilbraur Wind Energy Ltd,81.9,7183.0
2025-10-02,T_KPMRW-1,OnPath Energy Limited,469.1,32078.0
2025-10-02,T_KYPEW-1,Kype Extension Wind Farm Ltd,684.8,17805.0
2025-10-02,T_LIMKW-1,Limekiln Extension Ltd,1016.1,40645.0
2025-10-02,T_MKHLW-1,SP Renewables (UK) Limited,306.7,25895.0
2025-10-02,T_MOWEO-1,Moray Offshore Wind East Ltd,2874.6,160171.0
2025-10-02,T_MOWEO-2,Moray Offshore Wind East Ltd,2628.0,147628.0
2025-10-02,T_MOWEO-3,Moray Offshore Wind East Ltd,3040.8,168511.0
2025-10-02,T_MOWWO-1,Moray Offshore Wind West Ltd,2193.5,89827.0
2025-10-02,T_MOWWO-2,Moray Offshore Wind West Ltd,1855.1,75905.0
2025-10-02,T_MOWWO-3,Moray Offshore Wind West Ltd,1491.4,61126.0
2025-10-02,T_MOWWO-4,Moray Offshore Wind West Ltd,2800.3,142786.0
2025-10-02,T_MYGPW-1,Minnygap Energy Limited,91.6,7788.0
2025-10-02,T_NNGAO-1,Neart Na Gaoithe Offshore Wind,160.5,12478.0
2025-10-02,T_NNGAO-2,Neart Na Gaoithe Offshore Wind,200.8,15969.0
2025-10-02,T_SAKNW-1,Sandy Knowe Wind Farm Ltd,778.8,31153.0
2025-10-02,T_SGRWO-1,Seagreen Wind Energy Limited,4192.8,72452.0
2025-10-02,T_SGRWO-2,Seagreen Wind Energy Limited,1167.7,20178.0
2025-10-02,T_SGRWO-3,Seagreen Wind Energy Limited,2210.8,38202.0
2025-10-02,T_SGRWO-4,Seagreen Wind Energy Limited,2291.5,39596.0
2025-10-02,T_SGRWO-5,Seagreen Wind Energy Limited,1038.8,17950.0
2025-10-02,T_SGRWO-6,Seagreen Wind Energy Limited,5877.1,101556.0
2025-10-02,T_SOKYW-1,South Kyle Wind Farm Limited,2773.2,83197.0
2025-10-02,T_STRNW-1,Strathy Wind Farm Limited,265.2,22700.0
2025-10-02,T_TWSHW-1,Twentyshilling Limited,404.4,11642.0
2025-10-02,T_VKNGW-1,Viking Energy Wind Farm LLP,1267.1,14103.0
2025-10-02,T_VKNGW-2,Viking Energy Wind Farm LLP,1331.7,14822.0
2025-10-02,T_VKNGW-3,Viking Energy Wind Farm LLP,1199.7,13353.0
2025-10-02,T_VKNGW-4,Viking Energy Wind Farm LLP,1251.2,13926.0
2025-10-02,T_WDRGW-1,Windy Rig Wind Farm Limited,467.2,13713.0
2025-10-02,T_WHILW-1,SP Renewables (UK) Limited,941.4,80782.0
2025-10-02,T_WISTW-2,BROCKLOCH RIG WINDFARM LTD,208.6,16793.0
2025-10-03,2__PENEC001,Eneco Energy Trade,63.5,5591.0
2025-10-03,2__PSTAT001,Statkraft Markets Gmbh,266.9,22604.0
2025-10-03,C__PSTAT011,Statkraft Markets Gmbh,234.2,20138.0
2025-10-03,E_BABAW-1,Statkraft Markets Gmbh,250.8,20563.0
2025-10-03,E_BETHW-1,SP Renewables (UK) Limited,81.6,6892.0
2025-10-03,E_BLARW-1,Erova Energy Limited,155.3,7805.0
2025-10-03,E_BTUIW-2,SP Renewables (UK) Limited,176.8,14928.0
2025-10-03,E_BTUIW-3,SP Renewables (UK) Limited,514.6,3859.0
2025-10-03,E_CLFLW-1,SP Renewables (UK) Limited,34.1,2877.0
2025-10-03,E_GRGRW-1,Evolve Energy Supply Limited,360.6,25241.0
2025-10-03,E_HRHLW-1,SP Renewables (UK) Limited,92.6,7041.0
2025-10-03,T_AKGLW-3,AIK2A Sustainable Energy Ltd,629.3,42796.0
2025-10-03,T_ARCHW-1,SP Renewables (UK) Limited,276.1,23293.0
2025-10-03,T_BHLAW-1,SSE Generation Ltd,490.3,41257.0
2025-10-03,T_BLLA-1,SP Renewables (UK) Limited,206.4,17511.0
2025-10-03,T_BLLA-2,SP Renewables (UK) Limited,260.0,19774.0
2025-10-03,T_BROCW-1,Smartestenergy Limited,244.0,9515.0
2025-10-03,T_CGTHW-1,Corriegarth Wind Energy LTD,264.0,21302.0
2025-10-03,T_CRDEW-1,EDF Energy Customers Limited,153.7,8302.0
2025-10-03,T_CRDEW-2,EDF Energy Customers Limited,156.7,8462.0
2025-10-03,T_CREAW-1,Creag Riabhach Wind Farm Ltd,423.8,22761.0
2025-10-03,T_CRGHW-1,Statkraft Markets Gmbh,151.9,11699.0
2025-10-03,T_CRMLW-1,EDF Energy Customers Limited,169.2,13465.0
2025-10-03,T_CRYRW-2,Eneco Energy Trade,507.1,42900.0
2025-10-03,T_CRYRW-3,Eneco Energy Trade,81.7,6266.0
2025-10-03,T_CUMHW-1,Uniper UK Limited,363.5,10562.0
2025-10-03,T_DALQW-1,Statkraft Markets Gmbh,246.3,15024.0
2025-10-03,T_DNLWW-1,SP Renewables (UK) Limited,91.8,7750.0
2025-10-03,T_DOREW-1,Dorenell Windfarm Limited,594.8,40027.0
2025-10-03,T_DOREW-2,Dorenell Windfarm Limited,489.4,31098.0
2025-10-03,T_DOUGW-1,Erova Energy Limited,324.0,9720.0
2025-10-03,T_DRSLW-1,SP Renewables (UK) Limited,391.0,29741.0
2025-10-03,T_EDINW-1,Vattenfall Wind Power Ltd,24.8,2725.0
2025-10-03,T_EWHLW-1,SP Renewables (UK) Limited,33.3,2537.0
2025-10-03,T_FALGW-1,Fallago Rig Wind Farm Limited,361.8,30923.0
2025-10-03,T_GLNKW-1,EDF Energy Customers Limited,286.5,21030.0
2025-10-03,T_GNAPW-1,SP Renewables (UK) Limited,106.9,8129.0
2025-10-03,T_GORDW-1,SSE Generation Ltd,243.2,20943.0
2025-10-03,T_GORDW-2,SSE Generation Ltd,403.0,3097.0
2025-10-03,T_GRGBW-1,Greater Gabbard Offshore Winds,1202.6,200465.0
2025-10-03,T_GRGBW-2,Greater Gabbard Offshore Winds,617.8,102989.0
2025-10-03,T_GRGBW-3,Greater Gabbard Offshore Winds,1045.0,174203.0
2025-10-03,T_HALSW-1,SP Renewables (UK) Limited,388.4,3406.0
2025-10-03,T_HRSTW-1,SP Renewables (UK) Limited,182.9,15496.0
2025-10-03,T_KENNW-1,Kennoxhead Wind Farm Limited,464.0,19033.0
2025-10-03,T_KILBW-1,Kilbraur Wind Energy Ltd,84.4,7402.0
2025-10-03,T_KLGLW-1,SP Renewables (UK) Limited,765.5,58056.0
2025-10-03,T_KPMRW-1,OnPath Energy Limited,20.9,1582.0
2025-10-03,T_KYPEW-1,Kype Extension Wind Farm Ltd,491.8,12788.0
2025-10-03,T_LIMKW-1,Limekiln Extension Ltd,1071.1,42843.0
2025-10-03,T_MKHLW-1,SP Renewables (UK) Limited,211.9,17891.0
2025-10-03,T_MOWEO-1,Moray Offshore Wind East Ltd,3353.2,269763.0
2025-10-03,T_MOWEO-2,Moray Offshore Wind East Ltd,2092.7,151622.0
2025-10-03,T_MOWEO-3,Moray Offshore Wind East Ltd,3028.6,243315.0
2025-10-03,T_MOWWO-1,Moray Offshore Wind West Ltd,2294.5,100073.0
2025-10-03,T_MOWWO-2,Moray Offshore Wind West Ltd,2203.5,95646.0
2025-10-03,T_MOWWO-3,Moray Offshore Wind West Ltd,1535.6,66977.0
2025-10-03,T_MOWWO-4,Moray Offshore Wind West Ltd,2906.5,148201.0
2025-10-03,T_SAKNW-1,Sandy Knowe Wind Farm Ltd,648.5,25940.0
2025-10-03,T_SGRWO-1,Seagreen Wind Energy Limited,4201.1,74024.0
2025-10-03,T_SGRWO-2,Seagreen Wind Energy Limited,1073.9,18922.0
2025-10-03,T_SGRWO-3,Seagreen Wind Energy Limited,2600.6,45823.0
2025-10-03,T_SGRWO-4,Seagreen Wind Energy Limited,1960.7,34548.0
2025-10-03,T_SGRWO-5,Seagreen Wind Energy Limited,1273.8,22444.0
2025-10-03,T_SGRWO-6,Seagreen Wind Energy Limited,5024.0,88523.0
2025-10-03,T_SOKYW-1,South Kyle Wind Farm Limited,1821.1,54633.0
2025-10-03,T_STLGW-1,Stronelairg Windfarm Limited,283.0,25412.0
2025-10-03,T_STLGW-2,Stronelairg Windfarm Limited,342.9,30782.0
2025-10-03,T_STLGW-3,Stronelairg Windfarm Limited,273.2,24528.0
2025-10-03,T_STRNW-1,Strathy Wind Farm Limited,328.8,28144.0
2025-10-03,T_TWSHW-1,Twentyshilling Limited,438.7,12631.0
2025-10-03,T_VKNGW-1,Viking Energy Wind Farm LLP,1658.3,18460.0
2025-10-03,T_VKNGW-2,Viking Energy Wind Farm LLP,1680.3,18702.0
2025-10-03,T_VKNGW-3,Viking Energy Wind Farm LLP,1567.3,17444.0
2025-10-03,T_VKNGW-4,Viking Energy Wind Farm LLP,1738.3,19349.0
2025-10-03,T_WDRGW-1,Windy Rig Wind Farm Limited,424.2,12450.0
2025-10-03,T_WHILW-1,SP Renewables (UK) Limited,823.0,70622.0
2025-10-03,T_WISTW-2,BROCKLOCH RIG WINDFARM LTD,310.5,24996.0
2025-10-04,2__PEDGE003,Edgware Energy Limited,63.4,7164.0
2025-10-04,2__PEDGE004,Edgware Energy Limited,213.1,23426.0
2025-10-04,2__PENEC001,Eneco Energy Trade,131.6,11579.0
2025-10-04,2__PSMAE001,Smartestenergy Limited,488.7,44716.0
2025-10-04,2__PSTAT001,Statkraft Markets Gmbh,780.5,66106.0
2025-10-04,C__PSTAT011,Statkraft Markets Gmbh,829.3,71323.0
2025-10-04,E_ABRTW-1,Npower Commercial Gas Limited,86.4,7858.0
2025-10-04,E_BABAW-1,Statkraft Markets Gmbh,513.0,42065.0
2025-10-04,E_BETHW-1,SP Renewables (UK) Limited,363.7,30704.0
2025-10-04,E_BNWKW-1,Eneco Energy Trade,370.2,34432.0
2025-10-04,E_BTUIW-2,SP Renewables (UK) Limited,158.8,13411.0
2025-10-04,E_BTUIW-3,SP Renewables (UK) Limited,130.6,980.0
2025-10-04,E_CLDRW-1,Vattenfall Energy Trading,669.7,61608.0
2025-10-04,E_GDSTW-1,Mobius Renewables Gen. (GB),103.7,10890.0
2025-10-04,E_GLOFW-1,Glens of Foudland Ltd,248.0,27277.0
2025-10-04,E_GRGRW-1,Evolve Energy Supply Limited,507.6,35529.0
2025-10-04,E_HRHLW-1,SP Renewables (UK) Limited,406.2,30902.0
2025-10-04,E_MOYEW-1,Eneco Energy Trade,1040.8,96790.0
2025-10-04,E_TULWW-2,Eneco Energy Trade,371.1,34509.0
2025-10-04,T_AKGLW-2,Aikengall 2 CWCL,19.3,1679.0
2025-10-04,T_AKGLW-3,AIK2A Sustainable Energy Ltd,1262.2,85826.0
2025-10-04,T_BEINW-1,Beinneun Wind Farm Ltd,1584.2,155252.0
2025-10-04,T_BHLAW-1,SSE Generation Ltd,1364.0,114901.0
2025-10-04,T_BLLA-1,SP Renewables (UK) Limited,478.6,40609.0
2025-10-04,T_BLLA-2,SP Renewables (UK) Limited,466.4,35480.0
2025-10-04,T_BROCW-1,Smartestenergy Limited,211.7,8254.0
2025-10-04,T_CGTHW-1,Corriegarth Wind Energy LTD,1240.9,100140.0
2025-10-04,T_CLDNW-1,Clyde Windfarm (Scotland) Ltd,33.7,3111.0
2025-10-04,T_CRDEW-1,EDF Energy Customers Limited,191.5,10341.0
2025-10-04,T_CRDEW-2,EDF Energy Customers Limited,191.9,10360.0
2025-10-04,T_CREAW-1,Creag Riabhach Wind Farm Ltd,205.2,11019.0
2025-10-04,T_CRGHW-1,Statkraft Markets Gmbh,498.2,38360.0
2025-10-04,T_CRMLW-1,EDF Energy Customers Limited,953.7,75906.0
2025-10-04,T_CRYRW-2,Eneco Energy Trade,2583.5,218563.0
2025-10-04,T_CRYRW-3,Eneco Energy Trade,84.0,6439.0
2025-10-04,T_CUMHW-1,Uniper UK Limited,428.2,31019.0
2025-10-04,T_DALQW-1,Statkraft Markets Gmbh,687.0,41910.0
2025-10-04,T_DOREW-1,Dorenell Windfarm Limited,856.4,104784.0
2025-10-04,T_DOREW-2,Dorenell Windfarm Limited,382.0,47277.0
2025-10-04,T_DOUGW-1,Erova Energy Limited,681.9,20456.0
2025-10-04,T_DRSLW-1,SP Renewables (UK) Limited,979.5,74511.0
2025-10-04,T_DUNGW-1,Dunmaglass Wind Farm Limited,1463.4,131122.0
2025-10-04,T_EDINW-1,Vattenfall Wind Power Ltd,273.0,30029.0
2025-10-04,T_FARR-1,Smartestenergy Limited,829.5,75901.0
2025-10-04,T_FARR-2,Smartestenergy Limited,716.2,65529.0
2025-10-04,T_GLNKW-1,EDF Energy Customers Limited,1036.6,76083.0
2025-10-04,T_GLWSW-1,GALAWHISTLE WIND FARM,29.7,2648.0
2025-10-04,T_GNAPW-1,SP Renewables (UK) Limited,263.5,20048.0
2025-10-04,T_GORDW-1,SSE Generation Ltd,1450.8,125047.0
2025-10-04,T_GORDW-2,SSE Generation Ltd,763.6,5933.0
2025-10-04,T_GRGBW-1,Greater Gabbard Offshore Winds,1200.2,200076.0
2025-10-04,T_GRGBW-2,Greater Gabbard Offshore Winds,912.0,152026.0
2025-10-04,T_GRGBW-3,Greater Gabbard Offshore Winds,1036.8,172843.0
2025-10-04,T_HALSW-1,SP Renewables (UK) Limited,641.7,5627.0
2025-10-04,T_HRSTW-1,SP Renewables (UK) Limited,158.2,13403.0
2025-10-04,T_KENNW-1,Kennoxhead Wind Farm Limited,70.3,5090.0
2025-10-04,T_KILBW-1,Kilbraur Wind Energy Ltd,556.3,48812.0
2025-10-04,T_KYPEW-1,Kype Extension Wind Farm Ltd,685.2,17816.0
2025-10-04,T_LIMKW-1,Limekiln Extension Ltd,1416.3,56652.0
2025-10-04,T_MKHLW-1,SP Renewables (UK) Limited,405.2,34215.0
2025-10-04,T_MOWEO-1,Moray Offshore Wind East Ltd,132.4,16509.0
2025-10-04,T_MOWEO-2,Moray Offshore Wind East Ltd,1018.4,120086.0
2025-10-04,T_MOWEO-3,Moray Offshore Wind East Ltd,1224.4,144880.0
2025-10-04,T_MOWWO-1,Moray Offshore Wind West Ltd,3176.3,157551.0
2025-10-04,T_MOWWO-2,Moray Offshore Wind West Ltd,3417.5,169503.0
2025-10-04,T_MOWWO-3,Moray Offshore Wind West Ltd,2315.4,114995.0
2025-10-04,T_MOWWO-4,Moray Offshore Wind West Ltd,4840.7,246826.0
2025-10-04,T_MYGPW-1,Minnygap Energy Limited,15.8,1343.0
2025-10-04,T_SAKNW-1,Sandy Knowe Wind Farm Ltd,258.3,10332.0
2025-10-04,T_SANQW-1,SANQUHAR CWCL,187.0,16737.0
2025-10-04,T_SGRWO-1,Seagreen Wind Energy Limited,5272.5,92902.0
2025-10-04,T_SGRWO-2,Seagreen Wind Energy Limited,1444.9,25460.0
2025-10-04,T_SGRWO-3,Seagreen Wind Energy Limited,2564.9,45193.0
2025-10-04,T_SGRWO-4,Seagreen Wind Energy Limited,2441.4,43018.0
2025-10-04,T_SGRWO-5,Seagreen Wind Energy Limited,1583.8,27907.0
2025-10-04,T_SGRWO-6,Seagreen Wind Energy Limited,6166.0,108645.0
2025-10-04,T_SOKYW-1,South Kyle Wind Farm Limited,4801.5,144045.0
2025-10-04,T_STRNW-1,Strathy Wind Farm Limited,440.4,37739.0
2025-10-04,T_TWSHW-1,Twentyshilling Limited,806.9,23230.0
2025-10-04,T_VKNGW-1,Viking Energy Wind Farm LLP,2077.2,23306.0
2025-10-04,T_VKNGW-2,Viking Energy Wind Farm LLP,1948.6,21863.0
2025-10-04,T_VKNGW-3,Viking Energy Wind Farm LLP,2054.3,23049.0
2025-10-04,T_VKNGW-4,Viking Energy Wind Farm LLP,2127.0,23865.0
2025-10-04,T_WDRGW-1,Windy Rig Wind Farm Limited,806.2,23663.0
2025-10-04,T_WISTW-2,BROCKLOCH RIG WINDFARM LTD,582.8,46916.0
2025-10-05,2__PENEC001,Eneco Energy Trade,613.3,53972.0
2025-10-05,2__PSMAE001,Smartestenergy Limited,58.8,5383.0
2025-10-05,2__PSTAT001,Statkraft Markets Gmbh,514.5,43575.0
2025-10-05,C__PSTAT011,Statkraft Markets Gmbh,873.3,75101.0
2025-10-05,E_BABAW-1,Statkraft Markets Gmbh,744.7,61063.0
2025-10-05,E_BETHW-1,SP Renewables (UK) Limited,159.5,13469.0
2025-10-05,E_BNWKW-1,Eneco Energy Trade,66.6,6195.0
2025-10-05,E_BTUIW-2,SP Renewables (UK) Limited,0.6,46.0
2025-10-05,E_BTUIW-3,SP Renewables (UK) Limited,175.5,1316.0
2025-10-05,E_CLDRW-1,Vattenfall Energy Trading,162.9,14986.0
2025-10-05,E_GRGRW-1,Evolve Energy Supply Limited,536.0,37520.0
2025-10-05,E_MOYEW-1,Eneco Energy Trade,190.8,17747.0
2025-10-05,E_TULWW-2,Eneco Energy Trade,18.3,1705.0
2025-10-05,T_AKGLW-3,AIK2A Sustainable Energy Ltd,1059.5,72044.0
2025-10-05,T_BEINW-1,Beinneun Wind Farm Ltd,5.0,490.0
2025-10-05,T_BHLAW-1,SSE Generation Ltd,1470.7,123890.0
2025-10-05,T_BLLA-2,SP Renewables (UK) Limited,0.9,65.0
2025-10-05,T_BROCW-1,Smartestenergy Limited,18.7,728.0
2025-10-05,T_CGTHW-1,Corriegarth Wind Energy LTD,866.5,69925.0
2025-10-05,T_CRDEW-1,EDF Energy Customers Limited,0.4,19.0
2025-10-05,T_CRDEW-2,EDF Energy Customers Limited,0.4,19.0
2025-10-05,T_CREAW-1,Creag Riabhach Wind Farm Ltd,452.9,24320.0
2025-10-05,T_CRGHW-1,Statkraft Markets Gmbh,0.4,30.0
2025-10-05,T_CRMLW-1,EDF Energy Customers Limited,783.5,62363.0
2025-10-05,T_CRYRW-2,Eneco Energy Trade,1814.4,153498.0
2025-10-05,T_CRYRW-3,Eneco Energy Trade,188.8,14478.0
2025-10-05,T_CUMHW-1,Uniper UK Limited,34.0,787.0
2025-10-05,T_DALQW-1,Statkraft Markets Gmbh,15.7,961.0
2025-10-05,T_DOREW-1,Dorenell Windfarm Limited,97.9,9845.0
2025-10-05,T_DOREW-2,Dorenell Windfarm Limited,83.1,8357.0
2025-10-05,T_DOUGW-1,Erova Energy Limited,78.8,2365.0
2025-10-05,T_DRSLW-1,SP Renewables (UK) Limited,2.2,165.0
2025-10-05,T_DUNGW-1,Dunmaglass Wind Farm Limited,1119.4,100295.0
2025-10-05,T_EDINW-1,Vattenfall Wind Power Ltd,42.5,4670.0
2025-10-05,T_FALGW-1,Fallago Rig Wind Farm Limited,363.4,31059.0
2025-10-05,T_FARR-1,Smartestenergy Limited,383.8,35114.0
2025-10-05,T_FARR-2,Smartestenergy Limited,200.7,18362.0
2025-10-05,T_GLNKW-1,EDF Energy Customers Limited,1022.1,75018.0
2025-10-05,T_GORDW-1,SSE Generation Ltd,1059.8,91348.0
2025-10-05,T_GORDW-2,SSE Generation Ltd,698.2,5425.0
2025-10-05,T_GRGBW-1,Greater Gabbard Offshore Winds,943.9,157355.0
2025-10-05,T_GRGBW-2,Greater Gabbard Offshore Winds,798.7,133145.0
2025-10-05,T_GRGBW-3,Greater Gabbard Offshore Winds,690.5,115112.0
2025-10-05,T_HALSW-1,SP Renewables (UK) Limited,482.1,4228.0
2025-10-05,T_KILBW-1,Kilbraur Wind Energy Ltd,762.0,66864.0
2025-10-05,T_KYPEW-1,Kype Extension Wind Farm Ltd,346.3,9005.0
2025-10-05,T_LIMKW-1,Limekiln Extension Ltd,1495.0,59800.0
2025-10-05,T_MKHLW-1,SP Renewables (UK) Limited,0.4,30.0
2025-10-05,T_MOWEO-1,Moray Offshore Wind East Ltd,494.7,51254.0
2025-10-05,T_MOWEO-2,Moray Offshore Wind East Ltd,180.9,19553.0
2025-10-05,T_MOWEO-3,Moray Offshore Wind East Ltd,224.4,25090.0
2025-10-05,T_MOWWO-1,Moray Offshore Wind West Ltd,3518.3,170118.0
2025-10-05,T_MOWWO-2,Moray Offshore Wind West Ltd,3604.1,174744.0
2025-10-05,T_MOWWO-3,Moray Offshore Wind West Ltd,2397.7,115897.0
2025-10-05,T_MOWWO-4,Moray Offshore Wind West Ltd,5009.0,255407.0
2025-10-05,T_SGRWO-1,Seagreen Wind Energy Limited,4955.2,87311.0
2025-10-05,T_SGRWO-2,Seagreen Wind Energy Limited,1365.8,24066.0
2025-10-05,T_SGRWO-3,Seagreen Wind Energy Limited,2276.2,40107.0
2025-10-05,T_SGRWO-4,Seagreen Wind Energy Limited,2252.1,39682.0
2025-10-05,T_SGRWO-5,Seagreen Wind Energy Limited,1419.7,25015.0
2025-10-05,T_SGRWO-6,Seagreen Wind Energy Limited,5403.5,95209.0
2025-10-05,T_SOKYW-1,South Kyle Wind Farm Limited,971.1,29132.0
2025-10-05,T_STRNW-1,Strathy Wind Farm Limited,939.8,80530.0
2025-10-05,T_TWSHW-1,Twentyshilling Limited,274.6,7906.0
2025-10-05,T_VKNGW-1,Viking Energy Wind Farm LLP,1881.3,21109.0
2025-10-05,T_VKNGW-2,Viking Energy Wind Farm LLP,1942.9,21799.0
2025-10-05,T_VKNGW-3,Viking Energy Wind Farm LLP,2008.0,22529.0
2025-10-05,T_VKNGW-4,Viking Energy Wind Farm LLP,1807.0,20275.0
2025-10-05,T_WDRGW-1,Windy Rig Wind Farm Limited,176.6,5182.0
2025-10-06,2__PEDGE003,Edgware Energy Limited,6.3,716.0
2025-10-06,2__PEDGE004,Edgware Energy Limited,2.5,274.0
2025-10-06,2__PENEC001,Eneco Energy Trade,486.5,42813.0
2025-10-06,2__PSTAT001,Statkraft Markets Gmbh,719.3,60925.0
2025-10-06,C__PSTAT011,Statkraft Markets Gmbh,774.0,66564.0
2025-10-06,E_BABAW-1,Statkraft Markets Gmbh,659.0,54038.0
2025-10-06,E_BETHW-1,SP Renewables (UK) Limited,238.3,20124.0
2025-10-06,E_BLARW-1,Erova Energy Limited,71.1,2179.0
2025-10-06,E_BNWKW-1,Eneco Energy Trade,122.5,11394.0
2025-10-06,E_BRDUW-1,Erova Energy Limited,12.2,1200.0
2025-10-06,E_BTUIW-3,SP Renewables (UK) Limited,632.8,4746.0
2025-10-06,E_CLDRW-1,Vattenfall Energy Trading,190.6,17534.0
2025-10-06,E_GLOFW-1,Glens of Foudland Ltd,1.1,123.0
2025-10-06,E_GRGRW-1,Evolve Energy Supply Limited,734.5,51415.0
2025-10-06,E_HRHLW-1,SP Renewables (UK) Limited,56.0,4262.0
2025-10-06,E_MOYEW-1,Eneco Energy Trade,519.3,48297.0
2025-10-06,E_TULWW-1,Eneco Energy Trade,16.0,1491.0
2025-10-06,E_TULWW-2,Eneco Energy Trade,133.0,12371.0
2025-10-06,T_ACHRW-1,Mobius Renewables Gen. (GB2,2.7,263.0
2025-10-06,T_AKGLW-3,AIK2A Sustainable Energy Ltd,140.2,9533.0
2025-10-06,T_BDCHW-1,RWE Generation UK plc,113.9,8932.0
2025-10-06,T_BEATO-1,Beatrice Offshore Windfarm Ltd,17.5,2323.0
2025-10-06,T_BEATO-2,Beatrice Offshore Windfarm Ltd,6.3,832.0
2025-10-06,T_BEINW-1,Beinneun Wind Farm Ltd,259.3,25410.0
2025-10-06,T_BHLAW-1,SSE Generation Ltd,1807.8,152285.0
2025-10-06,T_BLLA-1,SP Renewables (UK) Limited,59.3,5030.0
2025-10-06,T_BROCW-1,Smartestenergy Limited,276.3,10774.0
2025-10-06,T_CGTHW-1,Corriegarth Wind Energy LTD,429.0,34621.0
2025-10-06,T_CRDEW-1,EDF Energy Customers Limited,54.1,2924.0
2025-10-06,T_CRDEW-2,EDF Energy Customers Limited,183.6,9917.0
2025-10-06,T_CREAW-1,Creag Riabhach Wind Farm Ltd,1457.9,78290.0
2025-10-06,T_CRGHW-1,Statkraft Markets Gmbh,324.2,24964.0
2025-10-06,T_CRMLW-1,EDF Energy Customers Limited,884.2,70372.0
2025-10-06,T_CRYRW-2,Eneco Energy Trade,925.3,78280.0
2025-10-06,T_CRYRW-3,Eneco Energy Trade,24.6,1889.0
2025-10-06,T_CUMHW-1,Uniper UK Limited,586.0,13548.0
2025-10-06,T_DALQW-1,Statkraft Markets Gmbh,344.9,21040.0
2025-10-06,T_DOREW-1,Dorenell Windfarm Limited,1335.9,52639.0
2025-10-06,T_DOREW-2,Dorenell Windfarm Limited,1113.6,45313.0
2025-10-06,T_DOUGW-1,Erova Energy Limited,403.8,12115.0
2025-10-06,T_DRSLW-1,SP Renewables (UK) Limited,37.2,2827.0
2025-10-06,T_DUNGW-1,Dunmaglass Wind Farm Limited,771.6,69137.0
2025-10-06,T_EDINW-1,Vattenfall Wind Power Ltd,7.3,801.0
2025-10-06,T_FALGW-1,Fallago Rig Wind Farm Limited,197.2,16855.0
2025-10-06,T_FARR-1,Smartestenergy Limited,127.3,11647.0
2025-10-06,T_GLNKW-1,EDF Energy Customers Limited,1021.6,74982.0
2025-10-06,T_GORDW-1,SSE Generation Ltd,710.3,61217.0
2025-10-06,T_GORDW-2,SSE Generation Ltd,440.1,3420.0
2025-10-06,T_GRGBW-1,Greater Gabbard Offshore Winds,3.4,558.0
2025-10-06,T_GRGBW-2,Greater Gabbard Offshore Winds,3.6,600.0
2025-10-06,T_GRGBW-3,Greater Gabbard Offshore Winds,1.0,168.0
2025-10-06,T_GRIFW-1,Griffin Wind Farm Ltd,141.3,13175.0
2025-10-06,T_GRIFW-2,Griffin Wind Farm Ltd,103.7,9670.0
2025-10-06,T_HALSW-1,SP Renewables (UK) Limited,551.5,4837.0
2025-10-06,T_HRSTW-1,SP Renewables (UK) Limited,142.3,12061.0
2025-10-06,T_KENNW-1,Kennoxhead Wind Farm Limited,406.3,13257.0
2025-10-06,T_KILBW-1,Kilbraur Wind Energy Ltd,566.8,49736.0
2025-10-06,T_KLGLW-1,SP Renewables (UK) Limited,71.9,5449.0
2025-10-06,T_KPMRW-1,OnPath Energy Limited,156.5,9776.0
2025-10-06,T_KYPEW-1,Kype Extension Wind Farm Ltd,696.2,18101.0
2025-10-06,T_LIMKW-1,Limekiln Extension Ltd,1786.7,71469.0
2025-10-06,T_MIDMW-1,OnPath Energy Limited,48.5,3012.0
2025-10-06,T_MOWEO-1,Moray Offshore Wind East Ltd,5630.7,282546.0
2025-10-06,T_MOWEO-2,Moray Offshore Wind East Ltd,4211.0,180370.0
2025-10-06,T_MOWEO-3,Moray Offshore Wind East Ltd,5719.9,276219.0
2025-10-06,T_MOWWO-1,Moray Offshore Wind West Ltd,3713.7,149647.0
2025-10-06,T_MOWWO-2,Moray Offshore Wind West Ltd,3282.3,132390.0
2025-10-06,T_MOWWO-3,Moray Offshore Wind West Ltd,2402.9,97727.0
2025-10-06,T_MOWWO-4,Moray Offshore Wind West Ltd,5283.9,269426.0
2025-10-06,T_MYGPW-1,Minnygap Energy Limited,28.1,2388.0
2025-10-06,T_SAKNW-1,Sandy Knowe Wind Farm Ltd,519.5,20778.0
2025-10-06,T_SGRWO-1,Seagreen Wind Energy Limited,5501.1,96930.0
2025-10-06,T_SGRWO-2,Seagreen Wind Energy Limited,1612.7,28415.0
2025-10-06,T_SGRWO-3,Seagreen Wind Energy Limited,2597.0,45759.0
2025-10-06,T_SGRWO-4,Seagreen Wind Energy Limited,2642.0,46551.0
2025-10-06,T_SGRWO-5,Seagreen Wind Energy Limited,1638.7,28874.0
2025-10-06,T_SGRWO-6,Seagreen Wind Energy Limited,6248.1,110092.0
2025-10-06,T_SOKYW-1,South Kyle Wind Farm Limited,880.2,26407.0
2025-10-06,T_STRNW-1,Strathy Wind Farm Limited,991.5,84961.0
2025-10-06,T_TWSHW-1,Twentyshilling Limited,295.5,8508.0
2025-10-06,T_VKNGW-1,Viking Energy Wind Farm LLP,2298.8,25792.0
2025-10-06,T_VKNGW-2,Viking Energy Wind Farm LLP,2341.6,26273.0
2025-10-06,T_VKNGW-3,Viking Energy Wind Farm LLP,2154.3,24171.0
2025-10-06,T_VKNGW-4,Viking Energy Wind Farm LLP,1975.5,22165.0
2025-10-06,T_WDRGW-1,Windy Rig Wind Farm Limited,393.0,11535.0
2025-10-06,T_WISTW-2,BROCKLOCH RIG WINDFARM LTD,136.8,11012.0
2025-10-07,2__PEDGE003,Edgware Energy Limited,151.1,17080.0
2025-10-07,2__PEDGE004,Edgware Energy Limited,63.4,6974.0
2025-10-07,2__PENEC001,Eneco Energy Trade,109.4,9623.0
2025-10-07,2__PSTAT001,Statkraft Markets Gmbh,152.0,12874.0
2025-10-07,C__PSTAT011,Statkraft Markets Gmbh,254.4,21875.0
2025-10-07,E_BABAW-1,Statkraft Markets Gmbh,168.2,13791.0
2025-10-07,E_BETHW-1,SP Renewables (UK) Limited,97.3,8213.0
2025-10-07,E_BLARW-1,Erova Energy Limited,128.4,3870.0
2025-10-07,E_BNWKW-1,Eneco Energy Trade,100.3,9324.0
2025-10-07,E_BRDUW-1,Erova Energy Limited,277.3,27171.0
2025-10-07,E_BTUIW-2,SP Renewables (UK) Limited,101.5,8566.0
2025-10-07,E_BTUIW-3,SP Renewables (UK) Limited,741.5,5561.0
2025-10-07,E_CLDRW-1,Vattenfall Energy Trading,73.1,6728.0
2025-10-07,E_GLOFW-1,Glens of Foudland Ltd,42.0,4617.0
2025-10-07,E_GRGRW-1,Evolve Energy Supply Limited,227.1,15899.0
2025-10-07,E_HRHLW-1,SP Renewables (UK) Limited,95.4,7258.0
2025-10-07,E_MOYEW-1,Eneco Energy Trade,184.4,17147.0
2025-10-07,E_TULWW-1,Eneco Energy Trade,73.8,6868.0
2025-10-07,E_TULWW-2,Eneco Energy Trade,107.1,9959.0
2025-10-07,T_ACHRW-1,Mobius Renewables Gen. (GB2,45.2,4476.0
2025-10-07,T_AKGLW-3,AIK2A Sustainable Energy Ltd,401.5,27300.0
2025-10-07,T_BDCHW-1,RWE Generation UK plc,33.7,3592.0
2025-10-07,T_BEATO-1,Beatrice Offshore Windfarm Ltd,434.4,63129.0
2025-10-07,T_BEATO-2,Beatrice Offshore Windfarm Ltd,320.7,46634.0
2025-10-07,T_BEINW-1,Beinneun Wind Farm Ltd,426.4,41785.0
2025-10-07,T_BHLAW-1,SSE Generation Ltd,628.4,52934.0
2025-10-07,T_BLLA-1,SP Renewables (UK) Limited,222.1,18840.0
2025-10-07,T_BLLA-2,SP Renewables (UK) Limited,127.4,9688.0
2025-10-07,T_BROCW-1,Smartestenergy Limited,119.6,4665.0
2025-10-07,T_CGTHW-1,Corriegarth Wind Energy LTD,346.9,27993.0
2025-10-07,T_CRDEW-1,EDF Energy Customers Limited,82.3,4446.0
2025-10-07,T_CRDEW-2,EDF Energy Customers Limited,82.3,4446.0
2025-10-07,T_CREAW-1,Creag Riabhach Wind Farm Ltd,416.5,22368.0
2025-10-07,T_CRGHW-1,Statkraft Markets Gmbh,123.3,9497.0
2025-10-07,T_CRMLW-1,EDF Energy Customers Limited,246.1,19588.0
2025-10-07,T_CRYRW-2,Eneco Energy Trade,411.2,34790.0
2025-10-07,T_CRYRW-3,Eneco Energy Trade,61.1,4689.0
2025-10-07,T_CUMHW-1,Uniper UK Limited,348.2,8050.0
2025-10-07,T_DALQW-1,Statkraft Markets Gmbh,142.8,8712.0
2025-10-07,T_DOREW-1,Dorenell Windfarm Limited,501.9,22873.0
2025-10-07,T_DOREW-2,Dorenell Windfarm Limited,510.6,21231.0
2025-10-07,T_DOUGW-1,Erova Energy Limited,255.6,7669.0
2025-10-07,T_DRSLW-1,SP Renewables (UK) Limited,159.6,12143.0
2025-10-07,T_DUNGW-1,Dunmaglass Wind Farm Limited,331.2,29678.0
2025-10-07,T_EDINW-1,Vattenfall Wind Power Ltd,147.4,16210.0
2025-10-07,T_FALGW-1,Fallago Rig Wind Farm Limited,177.9,15206.0
2025-10-07,T_FARR-1,Smartestenergy Limited,194.9,17832.0
2025-10-07,T_GLNKW-1,EDF Energy Customers Limited,244.3,17934.0
2025-10-07,T_GORDW-1,SSE Generation Ltd,237.9,20503.0
2025-10-07,T_GORDW-2,SSE Generation Ltd,220.9,1717.0
2025-10-07,T_GRIFW-1,Griffin Wind Farm Ltd,230.9,21538.0
2025-10-07,T_GRIFW-2,Griffin Wind Farm Ltd,194.1,18099.0
2025-10-07,T_HALSW-1,SP Renewables (UK) Limited,221.6,1943.0
2025-10-07,T_HRSTW-1,SP Renewables (UK) Limited,240.2,20357.0
2025-10-07,T_KENNW-1,Kennoxhead Wind Farm Limited,216.9,6815.0
2025-10-07,T_KILBW-1,Kilbraur Wind Energy Ltd,207.1,18169.0
2025-10-07,T_KPMRW-1,OnPath Energy Limited,281.5,20723.0
2025-10-07,T_KYPEW-1,Kype Extension Wind Farm Ltd,321.3,8353.0
2025-10-07,T_LIMKW-1,Limekiln Extension Ltd,801.7,32069.0
2025-10-07,T_MIDMW-1,OnPath Energy Limited,142.0,10496.0
2025-10-07,T_MOWEO-1,Moray Offshore Wind East Ltd,3000.9,110582.0
2025-10-07,T_MOWEO-2,Moray Offshore Wind East Ltd,2557.6,93616.0
2025-10-07,T_MOWEO-3,Moray Offshore Wind East Ltd,2863.0,108864.0
2025-10-07,T_MOWWO-1,Moray Offshore Wind West Ltd,2129.8,83290.0
2025-10-07,T_MOWWO-2,Moray Offshore Wind West Ltd,2214.1,85236.0
2025-10-07,T_MOWWO-3,Moray Offshore Wind West Ltd,1408.4,54411.0
2025-10-07,T_MOWWO-4,Moray Offshore Wind West Ltd,2863.1,145991.0
2025-10-07,T_MYGPW-1,Minnygap Energy Limited,30.9,2625.0
2025-10-07,T_SAKNW-1,Sandy Knowe Wind Farm Ltd,350.3,14014.0
2025-10-07,T_SGRWO-1,Seagreen Wind Energy Limited,2303.8,39695.0
2025-10-07,T_SGRWO-2,Seagreen Wind Energy Limited,697.9,12025.0
2025-10-07,T_SGRWO-3,Seagreen Wind Energy Limited,1588.8,27375.0
2025-10-07,T_SGRWO-4,Seagreen Wind Energy Limited,1562.8,26926.0
2025-10-07,T_SGRWO-5,Seagreen Wind Energy Limited,1057.4,18219.0
2025-10-07,T_SGRWO-6,Seagreen Wind Energy Limited,5254.3,90531.0
2025-10-07,T_SOKYW-1,South Kyle Wind Farm Limited,684.7,20540.0
2025-10-07,T_STRNW-1,Strathy Wind Farm Limited,317.9,27237.0
2025-10-07,T_TWSHW-1,Twentyshilling Limited,220.6,6352.0
2025-10-07,T_VKNGW-1,Viking Energy Wind Farm LLP,1505.3,16889.0
2025-10-07,T_VKNGW-2,Viking Energy Wind Farm LLP,2153.8,24166.0
2025-10-07,T_VKNGW-3,Viking Energy Wind Farm LLP,1876.4,21053.0
2025-10-07,T_VKNGW-4,Viking Energy Wind Farm LLP,1713.9,19230.0
2025-10-07,T_WDRGW-1,Windy Rig Wind Farm Limited,242.7,7122.0
2025-10-07,T_WISTW-2,BROCKLOCH RIG WINDFARM LTD,261.8,21077.0
2025-10-08,2__PENEC001,Eneco Energy Trade,263.2,23160.0
2025-10-08,2__PSTAT001,Statkraft Markets Gmbh,360.4,30526.0
2025-10-08,C__PSTAT011,Statkraft Markets Gmbh,520.7,44783.0
2025-10-08,E_BABAW-1,Statkraft Markets Gmbh,288.5,23657.0
2025-10-08,E_BLARW-1,Erova Energy Limited,423.9,11857.0
2025-10-08,E_BTUIW-2,SP Renewables (UK) Limited,195.7,16527.0
2025-10-08,E_BTUIW-3,SP Renewables (UK) Limited,915.7,6868.0
2025-10-08,E_CLDRW-1,Vattenfall Energy Trading,5.7,523.0
2025-10-08,E_GRGRW-1,Evolve Energy Supply Limited,468.5,32793.0
2025-10-08,E_MOYEW-1,Eneco Energy Trade,86.6,8049.0
2025-10-08,T_BDCHW-1,RWE Generation UK plc,139.3,10705.0
2025-10-08,T_BHLAW-1,SSE Generation Ltd,840.6,70809.0
2025-10-08,T_CGTHW-1,Corriegarth Wind Energy LTD,596.6,48149.0
2025-10-08,T_CREAW-1,Creag Riabhach Wind Farm Ltd,794.0,42639.0
2025-10-08,T_CRGHW-1,Statkraft Markets Gmbh,359.4,27674.0
2025-10-08,T_CRMLW-1,EDF Energy Customers Limited,296.4,23587.0
2025-10-08,T_DOREW-1,Dorenell Windfarm Limited,1300.6,42174.0
2025-10-08,T_DOREW-2,Dorenell Windfarm Limited,1646.3,53350.0
2025-10-08,T_DUNGW-1,Dunmaglass Wind Farm Limited,938.2,84063.0
2025-10-08,T_EDINW-1,Vattenfall Wind Power Ltd,8.9,974.0
2025-10-08,T_GLNKW-1,EDF Energy Customers Limited,604.3,44357.0
2025-10-08,T_GORDW-1,SSE Generation Ltd,547.7,47206.0
2025-10-08,T_GORDW-2,SSE Generation Ltd,329.1,2557.0
2025-10-08,T_GRIFW-1,Griffin Wind Farm Ltd,107.9,10065.0
2025-10-08,T_GRIFW-2,Griffin Wind Farm Ltd,105.9,9878.0
2025-10-08,T_HALSW-1,SP Renewables (UK) Limited,328.6,2882.0
2025-10-08,T_KILBW-1,Kilbraur Wind Energy Ltd,505.4,44349.0
2025-10-08,T_KYPEW-1,Kype Extension Wind Farm Ltd,44.8,1165.0
2025-10-08,T_LIMKW-1,Limekiln Extension Ltd,1456.4,58255.0
2025-10-08,T_MOWEO-1,Moray Offshore Wind East Ltd,5400.4,179175.0
2025-10-08,T_MOWEO-2,Moray Offshore Wind East Ltd,5014.6,165447.0
2025-10-08,T_MOWEO-3,Moray Offshore Wind East Ltd,5263.6,174128.0
2025-10-08,T_MOWWO-1,Moray Offshore Wind West Ltd,3258.7,124329.0
2025-10-08,T_MOWWO-2,Moray Offshore Wind West Ltd,3679.7,140509.0
2025-10-08,T_MOWWO-3,Moray Offshore Wind West Ltd,2430.9,92648.0
2025-10-08,T_MOWWO-4,Moray Offshore Wind West Ltd,4708.8,240104.0
2025-10-08,T_SGRWO-1,Seagreen Wind Energy Limited,4211.1,72557.0
2025-10-08,T_SGRWO-2,Seagreen Wind Energy Limited,1179.0,20315.0
2025-10-08,T_SGRWO-3,Seagreen Wind Energy Limited,1999.8,34457.0
2025-10-08,T_SGRWO-4,Seagreen Wind Energy Limited,1881.7,32422.0
2025-10-08,T_SGRWO-5,Seagreen Wind Energy Limited,826.3,14238.0
2025-10-08,T_SGRWO-6,Seagreen Wind Energy Limited,4569.6,78734.0
2025-10-08,T_STLGW-1,Stronelairg Windfarm Limited,357.6,32140.0
2025-10-08,T_STLGW-2,Stronelairg Windfarm Limited,614.5,55224.0
2025-10-08,T_STLGW-3,Stronelairg Windfarm Limited,531.1,47728.0
2025-10-08,T_STRNW-1,Strathy Wind Farm Limited,526.7,45134.0
2025-10-08,T_TWSHW-1,Twentyshilling Limited,18.4,530.0
2025-10-08,T_VKNGW-1,Viking Energy Wind Farm LLP,1948.2,21859.0
2025-10-08,T_VKNGW-2,Viking Energy Wind Farm LLP,2301.9,25827.0
2025-10-08,T_VKNGW-3,Viking Energy Wind Farm LLP,2123.1,23821.0
2025-10-08,T_VKNGW-4,Viking Energy Wind Farm LLP,1966.3,22062.0
2025-10-08,T_WDRGW-1,Windy Rig Wind Farm Limited,30.8,903.0
2025-10-09,2__PENEC001,Eneco Energy Trade,437.6,38506.0
2025-10-09,2__PENEC002,Eneco Energy Trade,466.0,41891.0
2025-10-09,2__PSMAE001,Smartestenergy Limited,58.5,5350.0
2025-10-09,2__PSTAT001,Statkraft Markets Gmbh,428.2,36267.0
2025-10-09,C__PSTAT011,Statkraft Markets Gmbh,596.7,51313.0
2025-10-09,E_BABAW-1,Statkraft Markets Gmbh,536.8,44014.0
2025-10-09,E_BETHW-1,SP Renewables (UK) Limited,40.5,3422.0
2025-10-09,E_BLARW-1,Erova Energy Limited,367.6,10603.0
2025-10-09,E_BRDUW-1,Erova Energy Limited,19.6,1925.0
2025-10-09,E_BTUIW-2,SP Renewables (UK) Limited,281.0,23728.0
2025-10-09,E_BTUIW-3,SP Renewables (UK) Limited,1003.6,7527.0
2025-10-09,E_GRGRW-1,Evolve Energy Supply Limited,591.4,41396.0
2025-10-09,E_MOYEW-1,Eneco Energy Trade,52.8,4913.0
2025-10-09,T_BDCHW-1,RWE Generation UK plc,128.0,9439.0
2025-10-09,T_BHLAW-1,SSE Generation Ltd,1108.7,93395.0
2025-10-09,T_CGTHW-1,Corriegarth Wind Energy LTD,733.0,59154.0
2025-10-09,T_CREAW-1,Creag Riabhach Wind Farm Ltd,1558.4,83688.0
2025-10-09,T_CRGHW-1,Statkraft Markets Gmbh,564.8,43486.0
2025-10-09,T_CRMLW-1,EDF Energy Customers Limited,489.2,38937.0
2025-10-09,T_DOREW-1,Dorenell Windfarm Limited,2142.0,78959.0
2025-10-09,T_DOREW-2,Dorenell Windfarm Limited,1795.1,66206.0
2025-10-09,T_DUNGW-1,Dunmaglass Wind Farm Limited,877.2,78596.0
2025-10-09,T_EDINW-1,Vattenfall Wind Power Ltd,7.4,810.0
2025-10-09,T_FARR-1,Smartestenergy Limited,528.2,48332.0
2025-10-09,T_FARR-2,Smartestenergy Limited,544.6,49828.0
2025-10-09,T_GLNKW-1,EDF Energy Customers Limited,986.0,72371.0
2025-10-09,T_GORDW-1,SSE Generation Ltd,948.2,81723.0
2025-10-09,T_GORDW-2,SSE Generation Ltd,702.9,5462.0
2025-10-09,T_GRIFW-1,Griffin Wind Farm Ltd,377.5,35210.0
2025-10-09,T_GRIFW-2,Griffin Wind Farm Ltd,739.5,68969.0
2025-10-09,T_HALSW-1,SP Renewables (UK) Limited,456.8,4006.0
2025-10-09,T_KILBW-1,Kilbraur Wind Energy Ltd,870.3,76368.0
2025-10-09,T_LCLTW-1,Eneco Energy Trade,34.8,3236.0
2025-10-09,T_LIMKW-1,Limekiln Extension Ltd,2170.7,86827.0
2025-10-09,T_MOWEO-1,Moray Offshore Wind East Ltd,6086.1,231028.0
2025-10-09,T_MOWEO-2,Moray Offshore Wind East Ltd,5794.1,219891.0
2025-10-09,T_MOWEO-3,Moray Offshore Wind East Ltd,5958.9,225681.0
2025-10-09,T_MOWWO-1,Moray Offshore Wind West Ltd,4127.6,160875.0
2025-10-09,T_MOWWO-2,Moray Offshore Wind West Ltd,4120.8,160461.0
2025-10-09,T_MOWWO-3,Moray Offshore Wind West Ltd,2851.2,111116.0
2025-10-09,T_MOWWO-4,Moray Offshore Wind West Ltd,5847.6,298169.0
2025-10-09,T_SGRWO-1,Seagreen Wind Energy Limited,5256.9,90576.0
2025-10-09,T_SGRWO-2,Seagreen Wind Energy Limited,1474.4,25404.0
2025-10-09,T_SGRWO-3,Seagreen Wind Energy Limited,2724.7,46947.0
2025-10-09,T_SGRWO-4,Seagreen Wind Energy Limited,2432.4,41910.0
2025-10-09,T_SGRWO-5,Seagreen Wind Energy Limited,1413.8,24360.0
2025-10-09,T_SGRWO-6,Seagreen Wind Energy Limited,6079.6,104752.0
2025-10-09,T_STLGW-1,Stronelairg Windfarm Limited,646.1,58064.0
2025-10-09,T_STLGW-2,Stronelairg Windfarm Limited,1151.9,103518.0
2025-10-09,T_STLGW-3,Stronelairg Windfarm Limited,884.4,79483.0
2025-10-09,T_STRNW-1,Strathy Wind Farm Limited,605.8,51911.0
2025-10-09,T_VKNGW-1,Viking Energy Wind Farm LLP,2224.5,24959.0
2025-10-09,T_VKNGW-2,Viking Energy Wind Farm LLP,2524.4,28323.0
2025-10-09,T_VKNGW-3,Viking Energy Wind Farm LLP,2421.0,27163.0
2025-10-09,T_VKNGW-4,Viking Energy Wind Farm LLP,2284.9,25637.0
2025-10-10,2__PENEC001,Eneco Energy Trade,170.4,14998.0
2025-10-10,2__PSTAT001,Statkraft Markets Gmbh,253.6,21480.0
2025-10-10,C__PSTAT011,Statkraft Markets Gmbh,263.4,22656.0
2025-10-10,E_BABAW-1,Statkraft Markets Gmbh,251.4,20613.0
2025-10-10,E_BETHW-1,SP Renewables (UK) Limited,31.3,2640.0
2025-10-10,E_BLARW-1,Erova Energy Limited,177.0,5183.0
2025-10-10,E_BTUIW-2,SP Renewables (UK) Limited,34.0,2872.0
2025-10-10,E_BTUIW-3,SP Renewables (UK) Limited,693.7,5203.0
2025-10-10,E_GRGRW-1,Evolve Energy Supply Limited,234.3,16400.0
2025-10-10,T_BDCHW-1,RWE Generation UK plc,87.9,7871.0
2025-10-10,T_BHLAW-1,SSE Generation Ltd,457.6,38550.0
2025-10-10,T_CGTHW-1,Corriegarth Wind Energy LTD,360.7,29106.0
2025-10-10,T_CREAW-1,Creag Riabhach Wind Farm Ltd,565.6,30374.0
2025-10-10,T_CRGHW-1,Statkraft Markets Gmbh,159.3,12268.0
2025-10-10,T_CRMLW-1,EDF Energy Customers Limited,515.4,41021.0
2025-10-10,T_DOREW-1,Dorenell Windfarm Limited,1677.2,64695.0
2025-10-10,T_DOREW-2,Dorenell Windfarm Limited,1313.9,49923.0
2025-10-10,T_DUNGW-1,Dunmaglass Wind Farm Limited,227.8,20411.0
2025-10-10,T_GLNKW-1,EDF Energy Customers Limited,473.1,34722.0
2025-10-10,T_GORDW-1,SSE Generation Ltd,729.9,62912.0
2025-10-10,T_GORDW-2,SSE Generation Ltd,612.4,4757.0
2025-10-10,T_HALSW-1,SP Renewables (UK) Limited,489.9,4297.0
2025-10-10,T_KILBW-1,Kilbraur Wind Energy Ltd,280.7,24635.0
2025-10-10,T_LIMKW-1,Limekiln Extension Ltd,1579.7,63188.0
2025-10-10,T_MOWEO-1,Moray Offshore Wind East Ltd,5181.3,200380.0
2025-10-10,T_MOWEO-2,Moray Offshore Wind East Ltd,4942.6,192329.0
2025-10-10,T_MOWEO-3,Moray Offshore Wind East Ltd,4975.1,192858.0
2025-10-10,T_MOWWO-1,Moray Offshore Wind West Ltd,3418.7,134511.0
2025-10-10,T_MOWWO-2,Moray Offshore Wind West Ltd,2999.5,118590.0
2025-10-10,T_MOWWO-3,Moray Offshore Wind West Ltd,2086.3,82710.0
2025-10-10,T_MOWWO-4,Moray Offshore Wind West Ltd,3384.6,172582.0
2025-10-10,T_SGRWO-1,Seagreen Wind Energy Limited,4102.9,70692.0
2025-10-10,T_SGRWO-2,Seagreen Wind Energy Limited,1029.8,17744.0
2025-10-10,T_SGRWO-3,Seagreen Wind Energy Limited,2097.0,36131.0
2025-10-10,T_SGRWO-4,Seagreen Wind Energy Limited,1550.1,26708.0
2025-10-10,T_SGRWO-5,Seagreen Wind Energy Limited,905.6,15604.0
2025-10-10,T_SGRWO-6,Seagreen Wind Energy Limited,5058.0,87149.0
2025-10-10,T_STLGW-1,Stronelairg Windfarm Limited,222.3,19975.0
2025-10-10,T_STLGW-2,Stronelairg Windfarm Limited,413.1,37124.0
2025-10-10,T_STLGW-3,Stronelairg Windfarm Limited,381.6,34298.0
2025-10-10,T_STRNW-1,Strathy Wind Farm Limited,530.2,45429.0
2025-10-10,T_VKNGW-1,Viking Energy Wind Farm LLP,2514.9,28211.0
2025-10-10,T_VKNGW-2,Viking Energy Wind Farm LLP,2512.8,28188.0
2025-10-10,T_VKNGW-3,Viking Energy Wind Farm LLP,2405.3,26982.0
2025-10-10,T_VKNGW-4,Viking Energy Wind Farm LLP,2293.1,25724.0
2025-10-11,E_BTUIW-3,SP Renewables (UK) Limited,90.9,682.0
2025-10-11,T_DOREW-1,Dorenell Windfarm Limited,385.0,14846.0
2025-10-11,T_DOREW-2,Dorenell Windfarm Limited,348.3,14297.0
2025-10-11,T_GORDW-2,SSE Generation Ltd,205.0,1581.0
2025-10-11,T_HALSW-1,SP Renewables (UK) Limited,183.5,1609.0
2025-10-11,T_LIMKW-1,Limekiln Extension Ltd,593.6,23742.0
2025-10-11,T_MOWEO-1,Moray Offshore Wind East Ltd,419.1,15476.0
2025-10-11,T_MOWEO-2,Moray Offshore Wind East Ltd,502.1,17856.0
2025-10-11,T_MOWEO-3,Moray Offshore Wind East Ltd,628.3,23696.0
2025-10-11,T_MOWWO-1,Moray Offshore Wind West Ltd,1327.7,52613.0
2025-10-11,T_MOWWO-2,Moray Offshore Wind West Ltd,1632.9,64451.0
2025-10-11,T_MOWWO-3,Moray Offshore Wind West Ltd,1110.4,44327.0
2025-10-11,T_MOWWO-4,Moray Offshore Wind West Ltd,259.1,13211.0
2025-10-11,T_VKNGW-1,Viking Energy Wind Farm LLP,1019.3,11375.0
2025-10-11,T_VKNGW-2,Viking Energy Wind Farm LLP,1063.4,11867.0
2025-10-11,T_VKNGW-3,Viking Energy Wind Farm LLP,805.2,8986.0
2025-10-11,T_VKNGW-4,Viking Energy Wind Farm LLP,715.6,7986.0
2025-10-14,T_GRGBW-1,Greater Gabbard Offshore Winds,19.0,3167.0
2025-10-15,T_HOWBO-1,Breesea Limited,30.3,0.0
2025-10-15,T_HOWBO-2,Sonningmay Wind Limited,37.8,0.0
2025-10-15,T_HOWBO-3,Soundmark Wind Limited,53.2,0.0
2025-10-18,T_DRSLW-1,SP Renewables (UK) Limited,98.2,7470.0
2025-10-18,T_GORDW-2,SSE Generation Ltd,5.6,43.0
2025-10-18,T_HALSW-1,SP Renewables (UK) Limited,12.7,111.0
2025-10-18,T_KLGLW-1,SP Renewables (UK) Limited,256.3,19440.0
2025-10-18,T_MOWEO-1,Moray Offshore Wind East Ltd,174.7,6129.0
2025-10-18,T_MOWEO-2,Moray Offshore Wind East Ltd,120.1,4037.0
2025-10-18,T_MOWEO-3,Moray Offshore Wind East Ltd,137.9,4152.0
2025-10-18,T_SAKNW-1,Sandy Knowe Wind Farm Ltd,54.6,2186.0
2025-10-18,T_SGRWO-1,Seagreen Wind Energy Limited,55.0,943.0
2025-10-18,T_SGRWO-4,Seagreen Wind Energy Limited,50.9,873.0
2025-10-18,T_SGRWO-5,Seagreen Wind Energy Limited,74.3,1273.0
2025-10-18,T_SGRWO-6,Seagreen Wind Energy Limited,522.1,8944.0
2025-10-18,T_SOKYW-1,South Kyle Wind Farm Limited,389.2,11675.0
2025-10-18,T_TWSHW-1,Twentyshilling Limited,110.9,3193.0
2025-10-18,T_VKNGW-1,Viking Energy Wind Farm LLP,102.4,1135.0
2025-10-18,T_VKNGW-2,Viking Energy Wind Farm LLP,112.3,1245.0
2025-10-18,T_VKNGW-3,Viking Energy Wind Farm LLP,91.0,1010.0
2025-10-18,T_VKNGW-4,Viking Energy Wind Farm LLP,82.9,920.0
2025-10-18,T_WDRGW-1,Windy Rig Wind Farm Limited,120.3,3531.0
2025-10-19,2__PENEC001,Eneco Energy Trade,23.8,2092.0
2025-10-19,C__PSTAT011,Statkraft Markets Gmbh,46.1,3966.0
2025-10-19,E_BABAW-1,Statkraft Markets Gmbh,158.3,12979.0
2025-10-19,T_BHLAW-1,SSE Generation Ltd,10.3,866.0
2025-10-19,T_CGTHW-1,Corriegarth Wind Energy LTD,410.4,33117.0
2025-10-19,T_CRDEW-1,EDF Energy Customers Limited,8.2,441.0
2025-10-19,T_CREAW-1,Creag Riabhach Wind Farm Ltd,996.0,53485.0
2025-10-19,T_CRMLW-1,EDF Energy Customers Limited,22.3,1773.0
2025-10-19,T_DOREW-1,Dorenell Windfarm Limited,1597.2,103868.0
2025-10-19,T_DOREW-2,Dorenell Windfarm Limited,1272.9,83483.0
2025-10-19,T_DRSLW-1,SP Renewables (UK) Limited,295.8,22503.0
2025-10-19,T_GLNKW-1,EDF Energy Customers Limited,376.1,27605.0
2025-10-19,T_GORDW-1,SSE Generation Ltd,38.4,3300.0
2025-10-19,T_GORDW-2,SSE Generation Ltd,694.4,5305.0
2025-10-19,T_HALSW-1,SP Renewables (UK) Limited,584.2,5123.0
2025-10-19,T_KILBW-1,Kilbraur Wind Energy Ltd,24.8,2176.0
2025-10-19,T_KLGLW-1,SP Renewables (UK) Limited,1108.6,84075.0
2025-10-19,T_LIMKW-1,Limekiln Extension Ltd,1953.8,78150.0
2025-10-19,T_MOWEO-1,Moray Offshore Wind East Ltd,4787.4,308954.0
2025-10-19,T_MOWEO-2,Moray Offshore Wind East Ltd,2988.7,180211.0
2025-10-19,T_MOWEO-3,Moray Offshore Wind East Ltd,3188.0,188593.0
2025-10-19,T_MOWWO-1,Moray Offshore Wind West Ltd,4214.2,175809.0
2025-10-19,T_MOWWO-2,Moray Offshore Wind West Ltd,4362.3,181966.0
2025-10-19,T_MOWWO-3,Moray Offshore Wind West Ltd,2856.6,119135.0
2025-10-19,T_MOWWO-4,Moray Offshore Wind West Ltd,5084.7,259271.0
2025-10-19,T_SAKNW-1,Sandy Knowe Wind Farm Ltd,313.3,12532.0
2025-10-19,T_SGRWO-1,Seagreen Wind Energy Limited,5125.5,87799.0
2025-10-19,T_SGRWO-2,Seagreen Wind Energy Limited,1297.9,22232.0
2025-10-19,T_SGRWO-3,Seagreen Wind Energy Limited,2925.1,50108.0
2025-10-19,T_SGRWO-4,Seagreen Wind Energy Limited,2579.2,44181.0
2025-10-19,T_SGRWO-5,Seagreen Wind Energy Limited,1446.0,24770.0
2025-10-19,T_SGRWO-6,Seagreen Wind Energy Limited,6917.1,118490.0
2025-10-19,T_SOKYW-1,South Kyle Wind Farm Limited,1081.7,32452.0
2025-10-19,T_STRNW-1,Strathy Wind Farm Limited,86.2,7372.0
2025-10-19,T_TWSHW-1,Twentyshilling Limited,137.3,3952.0
2025-10-19,T_VKNGW-1,Viking Energy Wind Farm LLP,1690.1,18743.0
2025-10-19,T_VKNGW-2,Viking Energy Wind Farm LLP,1592.6,17662.0
2025-10-19,T_VKNGW-3,Viking Energy Wind Farm LLP,1434.0,15904.0
2025-10-19,T_VKNGW-4,Viking Energy Wind Farm LLP,1348.2,14952.0
2025-10-19,T_WDRGW-1,Windy Rig Wind Farm Limited,255.0,7485.0
2025-10-20,T_CREAW-1,Creag Riabhach Wind Farm Ltd,122.9,6600.0
2025-10-20,T_GNFSW-1,Gunfleet Sands Limited,11.1,1676.0
2025-10-20,T_GORDW-2,SSE Generation Ltd,215.4,1645.0
2025-10-20,T_GRGBW-3,Greater Gabbard Offshore Winds,96.8,16135.0
2025-10-20,T_HALSW-1,SP Renewables (UK) Limited,214.0,1876.0
2025-10-20,T_LIMKW-1,Limekiln Extension Ltd,531.7,21268.0
2025-10-20,T_MOWEO-1,Moray Offshore Wind East Ltd,165.6,12935.0
2025-10-20,T_MOWEO-2,Moray Offshore Wind East Ltd,641.7,49050.0
2025-10-20,T_MOWEO-3,Moray Offshore Wind East Ltd,63.3,2817.0
2025-10-20,T_MOWWO-1,Moray Offshore Wind West Ltd,1434.8,59291.0
2025-10-20,T_MOWWO-2,Moray Offshore Wind West Ltd,1471.5,60817.0
2025-10-20,T_MOWWO-3,Moray Offshore Wind West Ltd,988.5,40887.0
2025-10-20,T_MOWWO-4,Moray Offshore Wind West Ltd,1945.7,99213.0
2025-10-20,T_SGRWO-1,Seagreen Wind Energy Limited,484.4,8298.0
2025-10-20,T_SGRWO-2,Seagreen Wind Energy Limited,101.6,1740.0
2025-10-20,T_SGRWO-3,Seagreen Wind Energy Limited,209.6,3590.0
2025-10-20,T_SGRWO-4,Seagreen Wind Energy Limited,167.7,2873.0
2025-10-20,T_SGRWO-5,Seagreen Wind Energy Limited,93.6,1604.0
2025-10-20,T_SGRWO-6,Seagreen Wind Energy Limited,717.8,12296.0
2025-10-20,T_VKNGW-1,Viking Energy Wind Farm LLP,1299.9,14416.0
2025-10-20,T_VKNGW-2,Viking Energy Wind Farm LLP,1245.7,13814.0
2025-10-20,T_VKNGW-3,Viking Energy Wind Farm LLP,919.9,10202.0
2025-10-20,T_VKNGW-4,Viking Energy Wind Farm LLP,727.5,8068.0
2025-10-21,E_BABAW-1,Statkraft Markets Gmbh,30.8,2526.0
2025-10-21,E_BLARW-1,Erova Energy Limited,101.4,3789.0
2025-10-21,E_BTUIW-3,SP Renewables (UK) Limited,214.1,1606.0
2025-10-21,T_AKGLW-2,Aikengall 2 CWCL,92.5,8048.0
2025-10-21,T_AKGLW-3,AIK2A Sustainable Energy Ltd,305.6,20779.0
2025-10-21,T_BHLAW-1,SSE Generation Ltd,28.9,2429.0
2025-10-21,T_BROCW-1,Smartestenergy Limited,40.7,1586.0
2025-10-21,T_CGTHW-1,Corriegarth Wind Energy LTD,26.3,2122.0
2025-10-21,T_CREAW-1,Creag Riabhach Wind Farm Ltd,58.4,3138.0
2025-10-21,T_CRMLW-1,EDF Energy Customers Limited,28.3,2254.0
2025-10-21,T_CUMHW-1,Uniper UK Limited,219.6,5078.0
2025-10-21,T_DOREW-1,Dorenell Windfarm Limited,429.3,23417.0
2025-10-21,T_DOREW-2,Dorenell Windfarm Limited,338.0,18828.0
2025-10-21,T_DOUGW-1,Erova Energy Limited,49.1,1472.0
2025-10-21,T_FALGW-1,Fallago Rig Wind Farm Limited,186.6,15946.0
2025-10-21,T_GLNKW-1,EDF Energy Customers Limited,33.3,2445.0
2025-10-21,T_GORDW-2,SSE Generation Ltd,81.9,625.0
2025-10-21,T_HALSW-1,SP Renewables (UK) Limited,56.6,496.0
2025-10-21,T_KENNW-1,Kennoxhead Wind Farm Limited,85.9,2699.0
2025-10-21,T_KYPEW-1,Kype Extension Wind Farm Ltd,104.8,2724.0
2025-10-21,T_LIMKW-1,Limekiln Extension Ltd,75.9,3036.0
2025-10-21,T_MOWEO-1,Moray Offshore Wind East Ltd,1095.1,63570.0
2025-10-21,T_MOWEO-2,Moray Offshore Wind East Ltd,984.3,57824.0
2025-10-21,T_MOWEO-3,Moray Offshore Wind East Ltd,1045.8,60681.0
2025-10-21,T_MOWWO-1,Moray Offshore Wind West Ltd,613.4,25398.0
2025-10-21,T_MOWWO-2,Moray Offshore Wind West Ltd,491.8,20756.0
2025-10-21,T_MOWWO-3,Moray Offshore Wind West Ltd,348.6,14706.0
2025-10-21,T_MOWWO-4,Moray Offshore Wind West Ltd,723.1,36871.0
2025-10-21,T_NNGAO-2,Neart Na Gaoithe Offshore Wind,214.0,26012.0
2025-10-21,T_SGRWO-1,Seagreen Wind Energy Limited,584.4,10121.0
2025-10-21,T_SGRWO-2,Seagreen Wind Energy Limited,114.7,1987.0
2025-10-21,T_SGRWO-3,Seagreen Wind Energy Limited,223.0,3862.0
2025-10-21,T_SGRWO-4,Seagreen Wind Energy Limited,193.0,3343.0
2025-10-21,T_SGRWO-5,Seagreen Wind Energy Limited,111.1,1925.0
2025-10-21,T_SGRWO-6,Seagreen Wind Energy Limited,655.3,11350.0
2025-10-21,T_SOKYW-1,South Kyle Wind Farm Limited,293.9,8817.0
2025-10-21,T_VKNGW-1,Viking Energy Wind Farm LLP,182.5,2024.0
2025-10-21,T_VKNGW-2,Viking Energy Wind Farm LLP,161.5,1791.0
2025-10-21,T_VKNGW-3,Viking Energy Wind Farm LLP,123.9,1375.0
2025-10-21,T_VKNGW-4,Viking Energy Wind Farm LLP,124.9,1385.0
2025-10-22,2__PSTAT001,Statkraft Markets Gmbh,48.5,4108.0
2025-10-22,E_BABAW-1,Statkraft Markets Gmbh,110.7,9079.0
2025-10-22,E_BTUIW-3,SP Renewables (UK) Limited,92.8,696.0
2025-10-22,T_AKGLW-2,Aikengall 2 CWCL,490.9,42707.0
2025-10-22,T_AKGLW-3,AIK2A Sustainable Energy Ltd,611.8,41605.0
2025-10-22,T_BHLAW-1,SSE Generation Ltd,190.1,15984.0
2025-10-22,T_CGTHW-1,Corriegarth Wind Energy LTD,72.9,5883.0
2025-10-22,T_CREAW-1,Creag Riabhach Wind Farm Ltd,268.1,14397.0
2025-10-22,T_CRMLW-1,EDF Energy Customers Limited,243.5,19383.0
2025-10-22,T_CUMHW-1,Uniper UK Limited,84.4,1950.0
2025-10-22,T_DOREW-1,Dorenell Windfarm Limited,723.1,41196.0
2025-10-22,T_DOREW-2,Dorenell Windfarm Limited,739.3,39168.0
2025-10-22,T_FALGW-1,Fallago Rig Wind Farm Limited,871.7,74507.0
2025-10-22,T_GLNKW-1,EDF Energy Customers Limited,193.6,14208.0
2025-10-22,T_GORDW-2,SSE Generation Ltd,228.8,1748.0
2025-10-22,T_GRGBW-1,Greater Gabbard Offshore Winds,0.3,50.0
2025-10-22,T_GRGBW-2,Greater Gabbard Offshore Winds,0.7,118.0
2025-10-22,T_HALSW-1,SP Renewables (UK) Limited,289.6,2540.0
2025-10-22,T_LIMKW-1,Limekiln Extension Ltd,1003.3,40131.0
2025-10-22,T_MOWEO-1,Moray Offshore Wind East Ltd,3069.7,159039.0
2025-10-22,T_MOWEO-2,Moray Offshore Wind East Ltd,2443.9,128653.0
2025-10-22,T_MOWEO-3,Moray Offshore Wind East Ltd,2981.9,154048.0
2025-10-22,T_MOWWO-1,Moray Offshore Wind West Ltd,2278.4,92516.0
2025-10-22,T_MOWWO-2,Moray Offshore Wind West Ltd,2016.3,82289.0
2025-10-22,T_MOWWO-3,Moray Offshore Wind West Ltd,1415.2,57818.0
2025-10-22,T_MOWWO-4,Moray Offshore Wind West Ltd,1974.9,100698.0
2025-10-22,T_NNGAO-2,Neart Na Gaoithe Offshore Wind,1322.6,142346.0
2025-10-22,T_SGRWO-1,Seagreen Wind Energy Limited,1537.1,26623.0
2025-10-22,T_SGRWO-2,Seagreen Wind Energy Limited,128.2,2221.0
2025-10-22,T_SGRWO-3,Seagreen Wind Energy Limited,640.6,11095.0
2025-10-22,T_SGRWO-4,Seagreen Wind Energy Limited,778.9,13490.0
2025-10-22,T_SGRWO-5,Seagreen Wind Energy Limited,411.3,7123.0
2025-10-22,T_SGRWO-6,Seagreen Wind Energy Limited,2029.7,35155.0
2025-10-22,T_STRNW-1,Strathy Wind Farm Limited,62.6,5360.0
2025-10-22,T_VKNGW-1,Viking Energy Wind Farm LLP,1069.6,11862.0
2025-10-22,T_VKNGW-2,Viking Energy Wind Farm LLP,1096.3,12158.0
2025-10-22,T_VKNGW-3,Viking Energy Wind Farm LLP,947.9,10512.0
2025-10-22,T_VKNGW-4,Viking Energy Wind Farm LLP,938.3,10406.0
2025-10-23,T_SGRWO-2,Seagreen Wind Energy Limited,89.3,1546.0
2025-10-23,T_SGRWO-3,Seagreen Wind Energy Limited,247.0,4279.0
2025-10-23,T_SGRWO-5,Seagreen Wind Energy Limited,135.8,2352.0
2025-10-23,T_VKNGW-1,Viking Energy Wind Farm LLP,93.8,1040.0
2025-10-23,T_VKNGW-2,Viking Energy Wind Farm LLP,106.9,1186.0
2025-10-23,T_VKNGW-3,Viking Energy Wind Farm LLP,93.1,1033.0
2025-10-23,T_VKNGW-4,Viking Energy Wind Farm LLP,103.7,1150.0
2025-10-24,2__PEDGE003,Edgware Energy Limited,39.5,4465.0
2025-10-24,2__PENEC001,Eneco Energy Trade,119.7,10534.0
2025-10-24,2__PENEC002,Eneco Energy Trade,59.8,5380.0
2025-10-24,2__PSTAT001,Statkraft Markets Gmbh,403.4,34169.0
2025-10-24,C__PSTAT011,Statkraft Markets Gmbh,108.0,9288.0
2025-10-24,E_BABAW-1,Statkraft Markets Gmbh,574.4,47103.0
2025-10-24,E_BETHW-1,SP Renewables (UK) Limited,154.5,13045.0
2025-10-24,E_BTUIW-3,SP Renewables (UK) Limited,36.5,274.0
2025-10-24,E_CLDRW-1,Vattenfall Energy Trading,18.6,1711.0
2025-10-24,E_GRGRW-1,Evolve Energy Supply Limited,30.6,2140.0
2025-10-24,T_AKGLW-3,AIK2A Sustainable Energy Ltd,82.3,5596.0
2025-10-24,T_BHLAW-1,SSE Generation Ltd,706.2,59383.0
2025-10-24,T_BROCW-1,Smartestenergy Limited,28.5,1113.0
2025-10-24,T_CGTHW-1,Corriegarth Wind Energy LTD,276.6,22320.0
2025-10-24,T_CLDNW-1,Clyde Windfarm (Scotland) Ltd,16.5,1522.0
2025-10-24,T_CREAW-1,Creag Riabhach Wind Farm Ltd,868.8,46653.0
2025-10-24,T_CRMLW-1,EDF Energy Customers Limited,357.1,28424.0
2025-10-24,T_CRYRW-2,Eneco Energy Trade,86.6,7327.0
2025-10-24,T_CUMHW-1,Uniper UK Limited,35.2,2252.0
2025-10-24,T_DALQW-1,Statkraft Markets Gmbh,10.8,658.0
2025-10-24,T_DOREW-1,Dorenell Windfarm Limited,976.4,68955.0
2025-10-24,T_DOREW-2,Dorenell Windfarm Limited,704.3,50388.0
2025-10-24,T_DRSLW-1,SP Renewables (UK) Limited,33.2,2526.0
2025-10-24,T_DUNGW-1,Dunmaglass Wind Farm Limited,215.8,19297.0
2025-10-24,T_EDINW-1,Vattenfall Wind Power Ltd,92.3,10156.0
2025-10-24,T_FALGW-1,Fallago Rig Wind Farm Limited,127.7,10918.0
2025-10-24,T_FARR-1,Smartestenergy Limited,31.7,2901.0
2025-10-24,T_FARR-2,Smartestenergy Limited,29.0,2658.0
2025-10-24,T_GLNKW-1,EDF Energy Customers Limited,467.6,34323.0
2025-10-24,T_GORDW-1,SSE Generation Ltd,163.8,14095.0
2025-10-24,T_GORDW-2,SSE Generation Ltd,562.9,4297.0
2025-10-24,T_HALSW-1,SP Renewables (UK) Limited,408.9,3586.0
2025-10-24,T_KENNW-1,Kennoxhead Wind Farm Limited,38.6,2742.0
2025-10-24,T_KILBW-1,Kilbraur Wind Energy Ltd,61.0,5355.0
2025-10-24,T_LIMKW-1,Limekiln Extension Ltd,1907.0,76279.0
2025-10-24,T_MOWEO-1,Moray Offshore Wind East Ltd,5589.6,400270.0
2025-10-24,T_MOWEO-2,Moray Offshore Wind East Ltd,4775.4,329571.0
2025-10-24,T_MOWEO-3,Moray Offshore Wind East Ltd,3940.5,292834.0
2025-10-24,T_MOWWO-1,Moray Offshore Wind West Ltd,3886.6,167770.0
2025-10-24,T_MOWWO-2,Moray Offshore Wind West Ltd,3729.7,159839.0
2025-10-24,T_MOWWO-3,Moray Offshore Wind West Ltd,2509.5,108442.0
2025-10-24,T_MOWWO-4,Moray Offshore Wind West Ltd,4103.1,209215.0
2025-10-24,T_SAKNW-1,Sandy Knowe Wind Farm Ltd,38.9,1555.0
2025-10-24,T_SGRWO-1,Seagreen Wind Energy Limited,5860.6,101505.0
2025-10-24,T_SGRWO-2,Seagreen Wind Energy Limited,1380.7,23914.0
2025-10-24,T_SGRWO-3,Seagreen Wind Energy Limited,3117.9,54002.0
2025-10-24,T_SGRWO-4,Seagreen Wind Energy Limited,2809.7,48664.0
2025-10-24,T_SGRWO-5,Seagreen Wind Energy Limited,1515.9,26255.0
2025-10-24,T_SGRWO-6,Seagreen Wind Energy Limited,7470.7,129392.0
2025-10-24,T_STLGW-1,Stronelairg Windfarm Limited,119.4,10709.0
2025-10-24,T_STLGW-2,Stronelairg Windfarm Limited,105.5,9464.0
2025-10-24,T_STLGW-3,Stronelairg Windfarm Limited,89.9,8069.0
2025-10-24,T_STRNW-1,Strathy Wind Farm Limited,424.3,36300.0
2025-10-24,T_TWSHW-1,Twentyshilling Limited,44.6,1284.0
2025-10-24,T_VKNGW-1,Viking Energy Wind Farm LLP,2143.7,23762.0
2025-10-24,T_VKNGW-2,Viking Energy Wind Farm LLP,2161.5,23960.0
2025-10-24,T_VKNGW-3,Viking Energy Wind Farm LLP,2074.0,22990.0
2025-10-24,T_VKNGW-4,Viking Energy Wind Farm LLP,2168.3,24035.0
2025-10-24,T_WDRGW-1,Windy Rig Wind Farm Limited,24.7,724.0
2025-10-24,T_WHILW-1,SP Renewables (UK) Limited,114.5,9824.0
2025-10-25,2__PEDGE003,Edgware Energy Limited,217.1,24533.0
2025-10-25,2__PEDGE004,Edgware Energy Limited,96.1,10563.0
2025-10-25,2__PENEC001,Eneco Energy Trade,1008.3,88727.0
2025-10-25,2__PENEC002,Eneco Energy Trade,1197.9,107688.0
2025-10-25,2__PSTAT001,Statkraft Markets Gmbh,902.1,76405.0
2025-10-25,C__PSTAT011,Statkraft Markets Gmbh,913.3,78547.0
2025-10-25,E_BABAW-1,Statkraft Markets Gmbh,1018.8,83540.0
2025-10-25,E_BETHW-1,SP Renewables (UK) Limited,621.9,52503.0
2025-10-25,E_BNWKW-1,Eneco Energy Trade,338.7,31496.0
2025-10-25,E_BRDUW-1,Erova Energy Limited,52.1,5104.0
2025-10-25,E_CLDRW-1,Vattenfall Energy Trading,675.3,62129.0
2025-10-25,E_GDSTW-1,Mobius Renewables Gen. (GB),89.4,9391.0
2025-10-25,E_GLOFW-1,Glens of Foudland Ltd,123.5,13585.0
2025-10-25,E_GRGRW-1,Evolve Energy Supply Limited,124.7,8727.0
2025-10-25,E_HLTWW-1,ScottishPower Energy Retail,440.1,45384.0
2025-10-25,E_MOYEW-1,Eneco Energy Trade,583.7,54287.0
2025-10-25,E_TULWW-1,Eneco Energy Trade,131.8,12260.0
2025-10-25,E_TULWW-2,Eneco Energy Trade,376.8,35039.0
2025-10-25,T_BEINW-1,Beinneun Wind Farm Ltd,634.2,62152.0
2025-10-25,T_BHLAW-1,SSE Generation Ltd,818.2,68721.0
2025-10-25,T_CGTHW-1,Corriegarth Wind Energy LTD,339.1,27369.0
2025-10-25,T_CREAW-1,Creag Riabhach Wind Farm Ltd,1093.2,58705.0
2025-10-25,T_CRMLW-1,EDF Energy Customers Limited,799.7,63645.0
2025-10-25,T_DOREW-1,Dorenell Windfarm Limited,594.8,58333.0
2025-10-25,T_DOREW-2,Dorenell Windfarm Limited,485.6,47021.0
2025-10-25,T_DUNGW-1,Dunmaglass Wind Farm Limited,1278.1,114195.0
2025-10-25,T_EDINW-1,Vattenfall Wind Power Ltd,116.2,12784.0
2025-10-25,T_GLNKW-1,EDF Energy Customers Limited,658.0,48296.0
2025-10-25,T_GORDW-1,SSE Generation Ltd,1208.8,103896.0
2025-10-25,T_GORDW-2,SSE Generation Ltd,835.6,6292.0
2025-10-25,T_GRIFW-1,Griffin Wind Farm Ltd,873.5,81256.0
2025-10-25,T_GRIFW-2,Griffin Wind Farm Ltd,928.2,86343.0
2025-10-25,T_HALSW-1,SP Renewables (UK) Limited,630.9,5533.0
2025-10-25,T_HOWBO-1,Breesea Limited,9.4,814.0
2025-10-25,T_HOWBO-2,Sonningmay Wind Limited,9.4,814.0
2025-10-25,T_KILBW-1,Kilbraur Wind Energy Ltd,392.7,34459.0
2025-10-25,T_LCLTW-1,Eneco Energy Trade,846.4,78719.0
2025-10-25,T_LIMKW-1,Limekiln Extension Ltd,2364.3,94570.0
2025-10-25,T_MOWEO-1,Moray Offshore Wind East Ltd,3881.6,413083.0
2025-10-25,T_MOWEO-2,Moray Offshore Wind East Ltd,4854.5,522345.0
2025-10-25,T_MOWEO-3,Moray Offshore Wind East Ltd,5975.8,648325.0
2025-10-25,T_MOWWO-1,Moray Offshore Wind West Ltd,4191.0,198770.0
2025-10-25,T_MOWWO-2,Moray Offshore Wind West Ltd,4626.2,218987.0
2025-10-25,T_MOWWO-3,Moray Offshore Wind West Ltd,2666.5,126440.0
2025-10-25,T_MOWWO-4,Moray Offshore Wind West Ltd,5880.2,299830.0
2025-10-25,T_PNYCW-1,Pen y Cymoedd Wind Farm LTD,5.8,560.0
2025-10-25,T_SGRWO-1,Seagreen Wind Energy Limited,5718.9,99051.0
2025-10-25,T_SGRWO-2,Seagreen Wind Energy Limited,1522.4,26368.0
2025-10-25,T_SGRWO-3,Seagreen Wind Energy Limited,3046.3,52761.0
2025-10-25,T_SGRWO-4,Seagreen Wind Energy Limited,2689.2,46576.0
2025-10-25,T_SGRWO-5,Seagreen Wind Energy Limited,1532.1,26535.0
2025-10-25,T_SGRWO-6,Seagreen Wind Energy Limited,3282.3,56849.0
2025-10-25,T_STLGW-1,Stronelairg Windfarm Limited,994.2,89104.0
2025-10-25,T_STLGW-2,Stronelairg Windfarm Limited,1193.1,106921.0
2025-10-25,T_STLGW-3,Stronelairg Windfarm Limited,1281.4,114840.0
2025-10-25,T_STRNW-1,Strathy Wind Farm Limited,1171.6,100112.0
2025-10-25,T_VKNGW-1,Viking Energy Wind Farm LLP,2245.6,24657.0
2025-10-25,T_VKNGW-2,Viking Energy Wind Farm LLP,2247.3,24675.0
2025-10-25,T_VKNGW-3,Viking Energy Wind Farm LLP,2154.9,23661.0
2025-10-25,T_VKNGW-4,Viking Energy Wind Farm LLP,2247.3,24675.0
2025-10-26,2__PEDGE003,Edgware Energy Limited,112.3,12686.0
2025-10-26,2__PEDGE004,Edgware Energy Limited,19.3,2121.0
2025-10-26,2__PENEC001,Eneco Energy Trade,260.5,22923.0
2025-10-26,2__PENEC002,Eneco Energy Trade,286.3,25739.0
2025-10-26,2__PSTAT001,Statkraft Markets Gmbh,193.1,16357.0
2025-10-26,C__PSTAT011,Statkraft Markets Gmbh,359.8,30939.0
2025-10-26,E_BABAW-1,Statkraft Markets Gmbh,312.2,25602.0
2025-10-26,E_BETHW-1,SP Renewables (UK) Limited,115.3,9733.0
2025-10-26,E_BNWKW-1,Eneco Energy Trade,79.4,7383.0
2025-10-26,E_BTUIW-3,SP Renewables (UK) Limited,392.3,2942.0
2025-10-26,E_GDSTW-1,Mobius Renewables Gen. (GB),34.2,3593.0
2025-10-26,E_HLTWW-1,ScottishPower Energy Retail,146.3,15091.0
2025-10-26,E_HRHLW-1,SP Renewables (UK) Limited,51.7,3936.0
2025-10-26,E_MOYEW-1,Eneco Energy Trade,77.7,7228.0
2025-10-26,E_TULWW-1,Eneco Energy Trade,54.5,5065.0
2025-10-26,E_TULWW-2,Eneco Energy Trade,86.2,8016.0
2025-10-26,T_AKGLW-3,AIK2A Sustainable Energy Ltd,0.7,47.0
2025-10-26,T_BEINW-1,Beinneun Wind Farm Ltd,36.4,3564.0
2025-10-26,T_BHLAW-1,SSE Generation Ltd,93.3,7837.0
2025-10-26,T_BROCW-1,Smartestenergy Limited,65.8,2565.0
2025-10-26,T_CGTHW-1,Corriegarth Wind Energy LTD,0.6,49.0
2025-10-26,T_CRMLW-1,EDF Energy Customers Limited,88.9,7073.0
2025-10-26,T_CRYRW-2,Eneco Energy Trade,60.6,5125.0
2025-10-26,T_CUMHW-1,Uniper UK Limited,59.2,1811.0
2025-10-26,T_DOREW-2,Dorenell Windfarm Limited,117.2,14504.0
2025-10-26,T_DOUGW-1,Erova Energy Limited,73.8,2215.0
2025-10-26,T_DUNGW-1,Dunmaglass Wind Farm Limited,248.6,22214.0
2025-10-26,T_EDINW-1,Vattenfall Wind Power Ltd,62.4,6866.0
2025-10-26,T_GLNKW-1,EDF Energy Customers Limited,116.9,8582.0
2025-10-26,T_GORDW-1,SSE Generation Ltd,118.7,10205.0
2025-10-26,T_GORDW-2,SSE Generation Ltd,115.0,866.0
2025-10-26,T_GRIFW-1,Griffin Wind Farm Ltd,156.9,14591.0
2025-10-26,T_GRIFW-2,Griffin Wind Farm Ltd,160.9,14965.0
2025-10-26,T_HALSW-1,SP Renewables (UK) Limited,179.9,1578.0
2025-10-26,T_HOWBO-1,Breesea Limited,121.7,11340.0
2025-10-26,T_HOWBO-2,Sonningmay Wind Limited,89.3,8387.0
2025-10-26,T_HOWBO-3,Soundmark Wind Limited,218.6,21474.0
2025-10-26,T_KENNW-1,Kennoxhead Wind Farm Limited,0.3,24.0
2025-10-26,T_KILBW-1,Kilbraur Wind Energy Ltd,75.8,6648.0
2025-10-26,T_KLGLW-1,SP Renewables (UK) Limited,106.1,8048.0
2025-10-26,T_KYPEW-1,Kype Extension Wind Farm Ltd,160.8,4180.0
2025-10-26,T_LCLTW-1,Eneco Energy Trade,126.6,11776.0
2025-10-26,T_LIMKW-1,Limekiln Extension Ltd,628.4,25136.0
2025-10-26,T_MOWEO-1,Moray Offshore Wind East Ltd,1587.3,199029.0
2025-10-26,T_MOWEO-2,Moray Offshore Wind East Ltd,454.1,56701.0
2025-10-26,T_MOWEO-3,Moray Offshore Wind East Ltd,50.0,6232.0
2025-10-26,T_MOWWO-1,Moray Offshore Wind West Ltd,1356.6,66902.0
2025-10-26,T_MOWWO-2,Moray Offshore Wind West Ltd,1673.3,82229.0
2025-10-26,T_MOWWO-3,Moray Offshore Wind West Ltd,1078.2,52834.0
2025-10-26,T_MOWWO-4,Moray Offshore Wind West Ltd,2209.9,112681.0
2025-10-26,T_PNYCW-1,Pen y Cymoedd Wind Farm LTD,75.5,7246.0
2025-10-26,T_SAKNW-1,Sandy Knowe Wind Farm Ltd,645.3,25814.0
2025-10-26,T_SGRWO-1,Seagreen Wind Energy Limited,3639.8,63041.0
2025-10-26,T_SGRWO-2,Seagreen Wind Energy Limited,917.4,15889.0
2025-10-26,T_SGRWO-3,Seagreen Wind Energy Limited,1860.4,32223.0
2025-10-26,T_SGRWO-4,Seagreen Wind Energy Limited,1547.3,26799.0
2025-10-26,T_SGRWO-5,Seagreen Wind Energy Limited,873.8,15133.0
2025-10-26,T_SGRWO-6,Seagreen Wind Energy Limited,3565.1,61748.0
2025-10-26,T_SHRSW-1,Scira Offshore Energy Limited,16.0,2560.0
2025-10-26,T_SHRSW-2,Scira Offshore Energy Limited,12.6,2011.0
2025-10-26,T_SOKYW-1,South Kyle Wind Farm Limited,1888.3,56650.0
2025-10-26,T_STLGW-1,Stronelairg Windfarm Limited,105.9,9487.0
2025-10-26,T_STLGW-2,Stronelairg Windfarm Limited,143.7,12881.0
2025-10-26,T_STLGW-3,Stronelairg Windfarm Limited,155.1,13902.0
2025-10-26,T_STRNW-1,Strathy Wind Farm Limited,255.1,21798.0
2025-10-26,T_TWSHW-1,Twentyshilling Limited,330.8,9524.0
2025-10-26,T_VKNGW-1,Viking Energy Wind Farm LLP,1143.4,12554.0
2025-10-26,T_VKNGW-2,Viking Energy Wind Farm LLP,1160.6,12743.0
2025-10-26,T_VKNGW-3,Viking Energy Wind Farm LLP,1074.6,11799.0
2025-10-26,T_VKNGW-4,Viking Energy Wind Farm LLP,1092.5,11996.0
2025-10-26,T_WDRGW-1,Windy Rig Wind Farm Limited,447.6,13136.0
2025-10-26,T_WHILW-1,SP Renewables (UK) Limited,59.1,5074.0
2025-10-27,2__PEDGE003,Edgware Energy Limited,13.5,1523.0
2025-10-27,2__PENEC001,Eneco Energy Trade,57.2,5037.0
2025-10-27,2__PSTAT001,Statkraft Markets Gmbh,53.4,4524.0
2025-10-27,C__PSTAT011,Statkraft Markets Gmbh,6.5,563.0
2025-10-27,E_BABAW-1,Statkraft Markets Gmbh,207.3,16996.0
2025-10-27,E_BNWKW-1,Eneco Energy Trade,57.3,5331.0
2025-10-27,E_BTUIW-3,SP Renewables (UK) Limited,72.5,544.0
2025-10-27,E_CLDRW-1,Vattenfall Energy Trading,100.4,9236.0
2025-10-27,E_GLOFW-1,Glens of Foudland Ltd,3.2,348.0
2025-10-27,E_GRGRW-1,Evolve Energy Supply Limited,15.3,1074.0
2025-10-27,E_HLTWW-1,ScottishPower Energy Retail,26.0,2685.0
2025-10-27,E_HRHLW-1,SP Renewables (UK) Limited,47.9,3642.0
2025-10-27,E_MOYEW-1,Eneco Energy Trade,39.0,3623.0
2025-10-27,E_TULWW-1,Eneco Energy Trade,46.3,4311.0
2025-10-27,E_TULWW-2,Eneco Energy Trade,58.6,5447.0
2025-10-27,T_AFTOW-1,Afton Wind Farm Limited,47.2,5245.0
2025-10-27,T_AKGLW-3,AIK2A Sustainable Energy Ltd,63.2,4296.0
2025-10-27,T_BEINW-1,Beinneun Wind Farm Ltd,21.6,2114.0
2025-10-27,T_BHLAW-1,SSE Generation Ltd,103.0,8648.0
2025-10-27,T_BLKWW-1,Blackcraig Wind Farm Limited,59.1,8273.0
2025-10-27,T_BROCW-1,Smartestenergy Limited,36.4,1419.0
2025-10-27,T_CGTHW-1,Corriegarth Wind Energy LTD,47.4,3828.0
2025-10-27,T_CRDEW-1,EDF Energy Customers Limited,10.0,540.0
2025-10-27,T_CRDEW-2,EDF Energy Customers Limited,10.0,540.0
2025-10-27,T_CRMLW-1,EDF Energy Customers Limited,18.0,1432.0
2025-10-27,T_CUMHW-1,Uniper UK Limited,69.4,1605.0
2025-10-27,T_DALQW-1,Statkraft Markets Gmbh,24.5,1496.0
2025-10-27,T_DOUGW-1,Erova Energy Limited,17.8,535.0
2025-10-27,T_DRSLW-1,SP Renewables (UK) Limited,144.3,10974.0
2025-10-27,T_DUNGW-1,Dunmaglass Wind Farm Limited,84.8,7575.0
2025-10-27,T_EDINW-1,Vattenfall Wind Power Ltd,5.2,568.0
2025-10-27,T_GLNKW-1,EDF Energy Customers Limited,80.8,5931.0
2025-10-27,T_GNAPW-1,SP Renewables (UK) Limited,4.3,329.0
2025-10-27,T_GORDW-1,SSE Generation Ltd,89.0,7652.0
2025-10-27,T_GORDW-2,SSE Generation Ltd,131.0,986.0
2025-10-27,T_GRGBW-3,Greater Gabbard Offshore Winds,7.6,1267.0
2025-10-27,T_HADHW-1,SSE Renewables Wind Farms,178.0,16675.0
2025-10-27,T_HALSW-1,SP Renewables (UK) Limited,260.0,2280.0
2025-10-27,T_KENNW-1,Kennoxhead Wind Farm Limited,67.9,3257.0
2025-10-27,T_KILBW-1,Kilbraur Wind Energy Ltd,49.6,4353.0
2025-10-27,T_KLGLW-1,SP Renewables (UK) Limited,266.1,20181.0
2025-10-27,T_KYPEW-1,Kype Extension Wind Farm Ltd,75.2,1956.0
2025-10-27,T_LCLTW-1,Eneco Energy Trade,64.5,5995.0
2025-10-27,T_LIMKW-1,Limekiln Extension Ltd,999.1,39964.0
2025-10-27,T_MKHLW-1,SP Renewables (UK) Limited,72.5,6121.0
2025-10-27,T_MOWEO-1,Moray Offshore Wind East Ltd,1052.7,92778.0
2025-10-27,T_MOWEO-2,Moray Offshore Wind East Ltd,1956.0,118565.0
2025-10-27,T_MOWEO-3,Moray Offshore Wind East Ltd,256.1,12478.0
2025-10-27,T_MOWWO-1,Moray Offshore Wind West Ltd,1907.3,84216.0
2025-10-27,T_MOWWO-2,Moray Offshore Wind West Ltd,1546.7,69655.0
2025-10-27,T_MOWWO-3,Moray Offshore Wind West Ltd,1366.1,60066.0
2025-10-27,T_MOWWO-4,Moray Offshore Wind West Ltd,2113.6,107773.0
2025-10-27,T_SAKNW-1,Sandy Knowe Wind Farm Ltd,167.9,6718.0
2025-10-27,T_SANQW-1,SANQUHAR CWCL,46.8,4184.0
2025-10-27,T_SGRWO-1,Seagreen Wind Energy Limited,2692.5,46634.0
2025-10-27,T_SGRWO-2,Seagreen Wind Energy Limited,756.0,13094.0
2025-10-27,T_SGRWO-3,Seagreen Wind Energy Limited,1541.6,26700.0
2025-10-27,T_SGRWO-4,Seagreen Wind Energy Limited,919.4,15925.0
2025-10-27,T_SGRWO-5,Seagreen Wind Energy Limited,756.1,13095.0
2025-10-27,T_SGRWO-6,Seagreen Wind Energy Limited,2257.2,39095.0
2025-10-27,T_SOKYW-1,South Kyle Wind Farm Limited,907.4,27222.0
2025-10-27,T_STLGW-1,Stronelairg Windfarm Limited,50.6,4535.0
2025-10-27,T_STLGW-2,Stronelairg Windfarm Limited,68.8,6167.0
2025-10-27,T_STLGW-3,Stronelairg Windfarm Limited,82.4,7388.0
2025-10-27,T_STRNW-1,Strathy Wind Farm Limited,158.1,13514.0
2025-10-27,T_TWSHW-1,Twentyshilling Limited,174.1,5013.0
2025-10-27,T_VKNGW-1,Viking Energy Wind Farm LLP,762.6,8373.0
2025-10-27,T_VKNGW-2,Viking Energy Wind Farm LLP,789.7,8671.0
2025-10-27,T_VKNGW-3,Viking Energy Wind Farm LLP,248.2,2726.0
2025-10-27,T_VKNGW-4,Viking Energy Wind Farm LLP,756.2,8303.0
2025-10-27,T_WDRGW-1,Windy Rig Wind Farm Limited,168.4,4942.0
2025-10-27,T_WISTW-2,BROCKLOCH RIG WINDFARM LTD,25.7,2068.0
2025-10-28,E_BTUIW-3,SP Renewables (UK) Limited,439.2,3294.0
2025-10-28,E_HRHLW-1,SP Renewables (UK) Limited,45.8,3487.0
2025-10-28,T_AKGLW-3,AIK2A Sustainable Energy Ltd,549.9,37391.0
2025-10-28,T_CRDEW-1,EDF Energy Customers Limited,15.7,846.0
2025-10-28,T_CRDEW-2,EDF Energy Customers Limited,15.7,846.0
2025-10-28,T_CUMHW-1,Uniper UK Limited,121.5,2809.0
2025-10-28,T_DALQW-1,Statkraft Markets Gmbh,35.5,2168.0
2025-10-28,T_DOUGW-1,Erova Energy Limited,38.6,1159.0
2025-10-28,T_DRSLW-1,SP Renewables (UK) Limited,100.1,7617.0
2025-10-28,T_GNAPW-1,SP Renewables (UK) Limited,14.4,1097.0
2025-10-28,T_GORDW-2,SSE Generation Ltd,19.2,145.0
2025-10-28,T_GRGBW-3,Greater Gabbard Offshore Winds,1.1,186.0
2025-10-28,T_HADHW-1,SSE Renewables Wind Farms,0.8,71.0
2025-10-28,T_HALSW-1,SP Renewables (UK) Limited,27.7,243.0
2025-10-28,T_HOWBO-2,Sonningmay Wind Limited,91.5,7645.0
2025-10-28,T_KENNW-1,Kennoxhead Wind Farm Limited,58.7,2120.0
2025-10-28,T_KLGLW-1,SP Renewables (UK) Limited,1644.3,124706.0
2025-10-28,T_KYPEW-1,Kype Extension Wind Farm Ltd,141.6,3681.0
2025-10-28,T_MKHLW-1,SP Renewables (UK) Limited,21.4,1803.0
2025-10-28,T_MOWWO-1,Moray Offshore Wind West Ltd,36.6,1655.0
2025-10-28,T_MOWWO-2,Moray Offshore Wind West Ltd,43.9,1984.0
2025-10-28,T_MOWWO-3,Moray Offshore Wind West Ltd,11.1,481.0
2025-10-28,T_MOWWO-4,Moray Offshore Wind West Ltd,37.5,1913.0
2025-10-28,T_NNGAO-2,Neart Na Gaoithe Offshore Wind,156.5,17938.0
2025-10-28,T_SAKNW-1,Sandy Knowe Wind Farm Ltd,454.1,18164.0
2025-10-28,T_SANQW-1,SANQUHAR CWCL,0.8,67.0
2025-10-28,T_SGRWO-1,Seagreen Wind Energy Limited,1839.4,31858.0
2025-10-28,T_SGRWO-2,Seagreen Wind Energy Limited,241.4,4180.0
2025-10-28,T_SGRWO-3,Seagreen Wind Energy Limited,699.5,12115.0
2025-10-28,T_SGRWO-4,Seagreen Wind Energy Limited,240.9,4172.0
2025-10-28,T_SGRWO-5,Seagreen Wind Energy Limited,178.5,3092.0
2025-10-28,T_SGRWO-6,Seagreen Wind Energy Limited,2428.2,42056.0
2025-10-28,T_SOKYW-1,South Kyle Wind Farm Limited,1595.0,47851.0
2025-10-28,T_TWSHW-1,Twentyshilling Limited,384.4,11067.0
2025-10-28,T_VKNGW-1,Viking Energy Wind Farm LLP,50.2,551.0
2025-10-28,T_VKNGW-2,Viking Energy Wind Farm LLP,52.6,577.0
2025-10-28,T_VKNGW-3,Viking Energy Wind Farm LLP,41.3,453.0
2025-10-28,T_VKNGW-4,Viking Energy Wind Farm LLP,54.3,597.0
2025-10-28,T_WDRGW-1,Windy Rig Wind Farm Limited,427.8,12556.0
2025-10-29,E_BTUIW-3,SP Renewables (UK) Limited,207.6,1557.0
2025-10-29,T_BROCW-1,Smartestenergy Limited,79.3,3092.0
2025-10-29,T_CUMHW-1,Uniper UK Limited,185.2,4282.0
2025-10-29,T_DOREW-1,Dorenell Windfarm Limited,283.1,7994.0
2025-10-29,T_DOREW-2,Dorenell Windfarm Limited,217.2,6303.0
2025-10-29,T_DOUGW-1,Erova Energy Limited,70.3,2108.0
2025-10-29,T_GORDW-2,SSE Generation Ltd,88.3,665.0
2025-10-29,T_HALSW-1,SP Renewables (UK) Limited,82.6,724.0
2025-10-29,T_HOWBO-2,Sonningmay Wind Limited,574.4,19695.0
2025-10-29,T_HOWBO-3,Soundmark Wind Limited,589.9,22663.0
2025-10-29,T_KENNW-1,Kennoxhead Wind Farm Limited,151.4,4756.0
2025-10-29,T_KYPEW-1,Kype Extension Wind Farm Ltd,163.8,4259.0
2025-10-29,T_LARYW-1,London Array Limited,55.1,9911.0
2025-10-29,T_LARYW-2,London Array Limited,51.4,9238.0
2025-10-29,T_LIMKW-1,Limekiln Extension Ltd,12.9,517.0
2025-10-29,T_MOWEO-1,Moray Offshore Wind East Ltd,1142.2,34664.0
2025-10-29,T_MOWEO-2,Moray Offshore Wind East Ltd,1538.5,50480.0
2025-10-29,T_MOWEO-3,Moray Offshore Wind East Ltd,1598.7,53037.0
2025-10-29,T_MOWWO-1,Moray Offshore Wind West Ltd,1106.0,42986.0
2025-10-29,T_MOWWO-2,Moray Offshore Wind West Ltd,372.2,15134.0
2025-10-29,T_MOWWO-3,Moray Offshore Wind West Ltd,156.1,6244.0
2025-10-29,T_MOWWO-4,Moray Offshore Wind West Ltd,151.6,7730.0
2025-10-29,T_SAKNW-1,Sandy Knowe Wind Farm Ltd,144.8,5793.0
2025-10-29,T_SGRWO-1,Seagreen Wind Energy Limited,1967.6,34080.0
2025-10-29,T_SGRWO-2,Seagreen Wind Energy Limited,447.3,7747.0
2025-10-29,T_SGRWO-3,Seagreen Wind Energy Limited,989.5,17137.0
2025-10-29,T_SGRWO-4,Seagreen Wind Energy Limited,703.8,12190.0
2025-10-29,T_SGRWO-5,Seagreen Wind Energy Limited,400.1,6930.0
2025-10-29,T_SGRWO-6,Seagreen Wind Energy Limited,3309.7,57324.0
2025-10-29,T_SOKYW-1,South Kyle Wind Farm Limited,347.6,10428.0
2025-10-29,T_VKNGW-1,Viking Energy Wind Farm LLP,530.7,5827.0
2025-10-29,T_VKNGW-2,Viking Energy Wind Farm LLP,581.2,6382.0
2025-10-29,T_VKNGW-3,Viking Energy Wind Farm LLP,460.1,5052.0
2025-10-29,T_VKNGW-4,Viking Energy Wind Farm LLP,517.7,5684.0
2025-10-30,2__PENEC001,Eneco Energy Trade,353.8,31137.0
2025-10-30,2__PSTAT001,Statkraft Markets Gmbh,235.3,19928.0
2025-10-30,C__PSTAT011,Statkraft Markets Gmbh,361.5,24580.0
2025-10-30,E_ASLVW-1,Npower Commercial Gas Limited,98.8,8992.0
2025-10-30,E_BABAW-1,Statkraft Markets Gmbh,341.0,27962.0
2025-10-30,E_BETHW-1,SP Renewables (UK) Limited,164.2,13861.0
2025-10-30,E_BLARW-1,Erova Energy Limited,67.8,3267.0
2025-10-30,E_BTUIW-3,SP Renewables (UK) Limited,217.6,1632.0
2025-10-30,E_CLDRW-1,Vattenfall Energy Trading,100.2,9216.0
2025-10-30,E_GRGRW-1,Evolve Energy Supply Limited,286.0,20019.0
2025-10-30,E_HRHLW-1,SP Renewables (UK) Limited,82.1,6245.0
2025-10-30,E_MOYEW-1,Eneco Energy Trade,369.1,34330.0
2025-10-30,E_TULWW-2,Eneco Energy Trade,28.7,2671.0
2025-10-30,T_AKGLW-2,Aikengall 2 CWCL,66.8,5811.0
2025-10-30,T_AKGLW-3,AIK2A Sustainable Energy Ltd,304.6,20713.0
2025-10-30,T_BDCHW-1,RWE Generation UK plc,21.1,1995.0
2025-10-30,T_BEINW-1,Beinneun Wind Farm Ltd,217.8,21340.0
2025-10-30,T_BHLAW-1,SSE Generation Ltd,700.2,58809.0
2025-10-30,T_BROCW-1,Smartestenergy Limited,76.3,2977.0
2025-10-30,T_CGTHW-1,Corriegarth Wind Energy LTD,504.8,40737.0
2025-10-30,T_CRDEW-1,EDF Energy Customers Limited,70.4,3802.0
2025-10-30,T_CRDEW-2,EDF Energy Customers Limited,12.0,651.0
2025-10-30,T_CREAW-1,Creag Riabhach Wind Farm Ltd,754.0,40491.0
2025-10-30,T_CRMLW-1,EDF Energy Customers Limited,321.8,25611.0
2025-10-30,T_CRYRW-2,Eneco Energy Trade,148.3,12542.0
2025-10-30,T_CRYRW-3,Eneco Energy Trade,15.4,1180.0
2025-10-30,T_CUMHW-1,Uniper UK Limited,260.8,6293.0
2025-10-30,T_DALQW-1,Statkraft Markets Gmbh,111.0,6771.0
2025-10-30,T_DOREW-1,Dorenell Windfarm Limited,816.8,48014.0
2025-10-30,T_DOREW-2,Dorenell Windfarm Limited,659.7,39325.0
2025-10-30,T_DOUGW-1,Erova Energy Limited,70.0,2100.0
2025-10-30,T_DRSLW-1,SP Renewables (UK) Limited,672.0,51118.0
2025-10-30,T_DUNGW-1,Dunmaglass Wind Farm Limited,330.2,29499.0
2025-10-30,T_EDINW-1,Vattenfall Wind Power Ltd,57.9,6374.0
2025-10-30,T_FARR-1,Smartestenergy Limited,33.0,3020.0
2025-10-30,T_GLNKW-1,EDF Energy Customers Limited,425.5,31230.0
2025-10-30,T_GNAPW-1,SP Renewables (UK) Limited,177.9,13534.0
2025-10-30,T_GORDW-1,SSE Generation Ltd,513.3,44114.0
2025-10-30,T_GORDW-2,SSE Generation Ltd,401.8,3025.0
2025-10-30,T_GRGBW-1,Greater Gabbard Offshore Winds,3.7,622.0
2025-10-30,T_GRIFW-1,Griffin Wind Farm Ltd,199.8,18582.0
2025-10-30,T_GRIFW-2,Griffin Wind Farm Ltd,476.9,44357.0
2025-10-30,T_HADHW-1,SSE Renewables Wind Farms,740.2,69356.0
2025-10-30,T_HALSW-1,SP Renewables (UK) Limited,281.6,2470.0
2025-10-30,T_KENNW-1,Kennoxhead Wind Farm Limited,151.1,5705.0
2025-10-30,T_KILBW-1,Kilbraur Wind Energy Ltd,318.6,27955.0
2025-10-30,T_KPMRW-1,OnPath Energy Limited,201.0,18438.0
2025-10-30,T_KYPEW-1,Kype Extension Wind Farm Ltd,315.1,8194.0
2025-10-30,T_LCLTW-1,Eneco Energy Trade,172.3,16027.0
2025-10-30,T_LIMKW-1,Limekiln Extension Ltd,1005.7,40229.0
2025-10-30,T_MIDMW-1,OnPath Energy Limited,121.5,11134.0
2025-10-30,T_MKHLW-1,SP Renewables (UK) Limited,204.2,17241.0
2025-10-30,T_MOWEO-1,Moray Offshore Wind East Ltd,2944.8,165462.0
2025-10-30,T_MOWEO-2,Moray Offshore Wind East Ltd,2898.0,164193.0
2025-10-30,T_MOWEO-3,Moray Offshore Wind East Ltd,2602.5,147215.0
2025-10-30,T_MOWWO-1,Moray Offshore Wind West Ltd,1833.9,75853.0
2025-10-30,T_MOWWO-2,Moray Offshore Wind West Ltd,1953.0,80901.0
2025-10-30,T_MOWWO-3,Moray Offshore Wind West Ltd,1043.3,42939.0
2025-10-30,T_MOWWO-4,Moray Offshore Wind West Ltd,2291.0,116818.0
2025-10-30,T_NNGAO-2,Neart Na Gaoithe Offshore Wind,90.2,14515.0
2025-10-30,T_SAKNW-1,Sandy Knowe Wind Farm Ltd,715.1,28604.0
2025-10-30,T_SGRWO-1,Seagreen Wind Energy Limited,1993.6,34529.0
2025-10-30,T_SGRWO-2,Seagreen Wind Energy Limited,561.8,9730.0
2025-10-30,T_SGRWO-3,Seagreen Wind Energy Limited,1151.0,19935.0
2025-10-30,T_SGRWO-4,Seagreen Wind Energy Limited,882.2,15279.0
2025-10-30,T_SGRWO-5,Seagreen Wind Energy Limited,543.2,9407.0
2025-10-30,T_SGRWO-6,Seagreen Wind Energy Limited,2908.7,50380.0
2025-10-30,T_SOKYW-1,South Kyle Wind Farm Limited,1261.5,37845.0
2025-10-30,T_STLGW-1,Stronelairg Windfarm Limited,406.7,36448.0
2025-10-30,T_STLGW-2,Stronelairg Windfarm Limited,357.1,31999.0
2025-10-30,T_STLGW-3,Stronelairg Windfarm Limited,441.1,39528.0
2025-10-30,T_STRNW-1,Strathy Wind Farm Limited,433.3,37024.0
2025-10-30,T_TWSHW-1,Twentyshilling Limited,363.7,10472.0
2025-10-30,T_VKNGW-1,Viking Energy Wind Farm LLP,927.4,10182.0
2025-10-30,T_VKNGW-2,Viking Energy Wind Farm LLP,928.5,10195.0
2025-10-30,T_VKNGW-3,Viking Energy Wind Farm LLP,846.9,9299.0
2025-10-30,T_VKNGW-4,Viking Energy Wind Farm LLP,780.2,8567.0
2025-10-30,T_WDRGW-1,Windy Rig Wind Farm Limited,402.4,11810.0
2025-10-30,T_WHIHW-1,Whiteside Hill,38.8,3494.0
2025-10-30,T_WISTW-2,BROCKLOCH RIG WINDFARM LTD,334.7,26947.0
2025-10-31,2__PENEC001,Eneco Energy Trade,709.1,62403.0
2025-10-31,2__PENEC002,Eneco Energy Trade,345.3,31047.0
2025-10-31,2__PSTAT001,Statkraft Markets Gmbh,482.5,40864.0
2025-10-31,C__PSTAT011,Statkraft Markets Gmbh,823.8,56019.0
2025-10-31,E_BABAW-1,Statkraft Markets Gmbh,641.0,52562.0
2025-10-31,E_BETHW-1,SP Renewables (UK) Limited,226.6,19135.0
2025-10-31,E_BLARW-1,Erova Energy Limited,16.7,657.0
2025-10-31,E_BNWKW-1,Eneco Energy Trade,22.4,2085.0
2025-10-31,E_BRDUW-1,Erova Energy Limited,42.7,4189.0
2025-10-31,E_BTUIW-3,SP Renewables (UK) Limited,347.0,2602.0
2025-10-31,E_CLDRW-1,Vattenfall Energy Trading,55.3,5085.0
2025-10-31,E_GRGRW-1,Evolve Energy Supply Limited,584.9,40945.0
2025-10-31,E_HRHLW-1,SP Renewables (UK) Limited,77.9,5923.0
2025-10-31,E_MOYEW-1,Eneco Energy Trade,320.1,29769.0
2025-10-31,E_TULWW-1,Eneco Energy Trade,24.5,2276.0
2025-10-31,E_TULWW-2,Eneco Energy Trade,33.4,3110.0
2025-10-31,T_AKGLW-2,Aikengall 2 CWCL,507.5,44155.0
2025-10-31,T_AKGLW-3,AIK2A Sustainable Energy Ltd,478.3,32522.0
2025-10-31,T_BEINW-1,Beinneun Wind Farm Ltd,515.5,50522.0
2025-10-31,T_BHLAW-1,SSE Generation Ltd,1300.4,109221.0
2025-10-31,T_BROCW-1,Smartestenergy Limited,19.4,757.0
2025-10-31,T_CGTHW-1,Corriegarth Wind Energy LTD,1082.0,87316.0
2025-10-31,T_CREAW-1,Creag Riabhach Wind Farm Ltd,657.7,35318.0
2025-10-31,T_CRMLW-1,EDF Energy Customers Limited,529.3,42130.0
2025-10-31,T_CRYRW-2,Eneco Energy Trade,752.8,63684.0
2025-10-31,T_CRYRW-3,Eneco Energy Trade,80.7,6190.0
2025-10-31,T_CUMHW-1,Uniper UK Limited,226.8,6615.0
2025-10-31,T_DOREW-1,Dorenell Windfarm Limited,1352.0,98517.0
2025-10-31,T_DOREW-2,Dorenell Windfarm Limited,1307.3,97408.0
2025-10-31,T_DOUGW-1,Erova Energy Limited,199.5,5984.0
2025-10-31,T_DRSLW-1,SP Renewables (UK) Limited,350.2,26638.0
2025-10-31,T_DUNGW-1,Dunmaglass Wind Farm Limited,1615.9,144381.0
2025-10-31,T_EDINW-1,Vattenfall Wind Power Ltd,199.8,21973.0
2025-10-31,T_FARR-1,Smartestenergy Limited,32.8,2999.0
2025-10-31,T_FARR-2,Smartestenergy Limited,25.7,2354.0
2025-10-31,T_GLNKW-1,EDF Energy Customers Limited,721.8,52982.0
2025-10-31,T_GNAPW-1,SP Renewables (UK) Limited,49.2,3745.0
2025-10-31,T_GORDW-1,SSE Generation Ltd,538.5,46281.0
2025-10-31,T_GORDW-2,SSE Generation Ltd,725.1,5461.0
2025-10-31,T_GRIFW-1,Griffin Wind Farm Ltd,413.5,38467.0
2025-10-31,T_GRIFW-2,Griffin Wind Farm Ltd,132.0,12282.0
2025-10-31,T_HADHW-1,SSE Renewables Wind Farms,225.6,21139.0
2025-10-31,T_HALSW-1,SP Renewables (UK) Limited,611.9,5366.0
2025-10-31,T_KENNW-1,Kennoxhead Wind Farm Limited,140.6,4417.0
2025-10-31,T_KILBW-1,Kilbraur Wind Energy Ltd,295.5,25927.0
2025-10-31,T_KYPEW-1,Kype Extension Wind Farm Ltd,407.5,10596.0
2025-10-31,T_LCLTW-1,Eneco Energy Trade,280.5,26088.0
2025-10-31,T_LIMKW-1,Limekiln Extension Ltd,2220.3,88810.0
2025-10-31,T_MOWEO-1,Moray Offshore Wind East Ltd,7022.5,515841.0
2025-10-31,T_MOWEO-2,Moray Offshore Wind East Ltd,6548.7,481225.0
2025-10-31,T_MOWEO-3,Moray Offshore Wind East Ltd,6513.3,471719.0
2025-10-31,T_MOWWO-1,Moray Offshore Wind West Ltd,4203.3,181807.0
2025-10-31,T_MOWWO-2,Moray Offshore Wind West Ltd,4211.5,182364.0
2025-10-31,T_MOWWO-3,Moray Offshore Wind West Ltd,2467.2,106386.0
2025-10-31,T_MOWWO-4,Moray Offshore Wind West Ltd,5398.4,275264.0
2025-10-31,T_NNGAO-2,Neart Na Gaoithe Offshore Wind,385.4,54438.0
2025-10-31,T_SAKNW-1,Sandy Knowe Wind Farm Ltd,682.9,27315.0
2025-10-31,T_SGRWO-1,Seagreen Wind Energy Limited,5322.5,92186.0
2025-10-31,T_SGRWO-2,Seagreen Wind Energy Limited,1129.3,19560.0
2025-10-31,T_SGRWO-3,Seagreen Wind Energy Limited,2993.0,51839.0
2025-10-31,T_SGRWO-4,Seagreen Wind Energy Limited,2517.2,43597.0
2025-10-31,T_SGRWO-5,Seagreen Wind Energy Limited,1203.0,20835.0
2025-10-31,T_SGRWO-6,Seagreen Wind Energy Limited,6301.9,109149.0
2025-10-31,T_SOKYW-1,South Kyle Wind Farm Limited,2005.6,60169.0
2025-10-31,T_STLGW-1,Stronelairg Windfarm Limited,1161.5,104091.0
2025-10-31,T_STLGW-2,Stronelairg Windfarm Limited,1050.2,94117.0
2025-10-31,T_STLGW-3,Stronelairg Windfarm Limited,802.6,71929.0
2025-10-31,T_STRNW-1,Strathy Wind Farm Limited,715.0,61093.0
2025-10-31,T_TWSHW-1,Twentyshilling Limited,500.8,14419.0
2025-10-31,T_VKNGW-1,Viking Energy Wind Farm LLP,2629.8,28875.0
2025-10-31,T_VKNGW-2,Viking Energy Wind Farm LLP,2627.2,28847.0
2025-10-31,T_VKNGW-3,Viking Energy Wind Farm LLP,2524.7,27721.0
2025-10-31,T_VKNGW-4,Viking Energy Wind Farm LLP,2610.9,28667.0
2025-10-31,T_WDRGW-1,Windy Rig Wind Farm Limited,581.5,17066.0
2025-10-31,T_WISTW-2,BROCKLOCH RIG WINDFARM LTD,59.3,4776.0
2025-11-01,2__PENEC001,Eneco Energy Trade,316.5,27851.0
2025-11-01,2__PSTAT001,Statkraft Markets Gmbh,267.6,22667.0
2025-11-01,C__PSTAT011,Statkraft Markets Gmbh,649.1,44140.0
2025-11-01,E_BABAW-1,Statkraft Markets Gmbh,108.7,8917.0
2025-11-01,E_BNWKW-1,Eneco Energy Trade,53.5,4978.0
2025-11-01,E_BTUIW-3,SP Renewables (UK) Limited,172.1,1290.0
2025-11-01,E_CLDRW-1,Vattenfall Energy Trading,182.0,16744.0
2025-11-01,E_GRGRW-1,Evolve Energy Supply Limited,258.0,18063.0
2025-11-01,E_HLTWW-1,ScottishPower Energy Retail,110.8,11422.0
2025-11-01,E_MOYEW-1,Eneco Energy Trade,210.3,19558.0
2025-11-01,E_TULWW-1,Eneco Energy Trade,50.3,4675.0
2025-11-01,E_TULWW-2,Eneco Energy Trade,73.6,6847.0
2025-11-01,T_AKGLW-3,AIK2A Sustainable Energy Ltd,671.2,45641.0
2025-11-01,T_BEINW-1,Beinneun Wind Farm Ltd,322.5,31610.0
2025-11-01,T_BHLAW-1,SSE Generation Ltd,562.8,47099.0
2025-11-01,T_BROCW-1,Smartestenergy Limited,181.4,7076.0
2025-11-01,T_CGTHW-1,Corriegarth Wind Energy LTD,284.9,22992.0
2025-11-01,T_CRDEW-1,EDF Energy Customers Limited,130.2,7033.0
2025-11-01,T_CRDEW-2,EDF Energy Customers Limited,90.6,4893.0
2025-11-01,T_CREAW-1,Creag Riabhach Wind Farm Ltd,448.4,24078.0
2025-11-01,T_CRMLW-1,EDF Energy Customers Limited,163.0,12973.0
2025-11-01,T_CRYRW-2,Eneco Energy Trade,244.0,20645.0
2025-11-01,T_CRYRW-3,Eneco Energy Trade,26.7,2044.0
2025-11-01,T_CUMHW-1,Uniper UK Limited,256.4,9741.0
2025-11-01,T_DALQW-1,Statkraft Markets Gmbh,147.6,9003.0
2025-11-01,T_DOREW-1,Dorenell Windfarm Limited,465.9,24075.0
2025-11-01,T_DOREW-2,Dorenell Windfarm Limited,512.7,32691.0
2025-11-01,T_DOUGW-1,Erova Energy Limited,157.9,4738.0
2025-11-01,T_DUNGW-1,Dunmaglass Wind Farm Limited,718.2,64356.0
2025-11-01,T_EDINW-1,Vattenfall Wind Power Ltd,28.8,3163.0
2025-11-01,T_FALGW-1,Fallago Rig Wind Farm Limited,25.7,2193.0
2025-11-01,T_GLNKW-1,EDF Energy Customers Limited,567.4,41646.0
2025-11-01,T_GNFSW-1,Gunfleet Sands Limited,41.0,6179.0
2025-11-01,T_GNFSW-2,Gunfleet Sands II Limited,21.0,3163.0
2025-11-01,T_GORDW-1,SSE Generation Ltd,77.9,6666.0
2025-11-01,T_GORDW-2,SSE Generation Ltd,220.0,1674.0
2025-11-01,T_HALSW-1,SP Renewables (UK) Limited,268.9,2358.0
2025-11-01,T_HOWBO-1,Breesea Limited,369.5,26803.0
2025-11-01,T_HOWBO-2,Sonningmay Wind Limited,325.2,23487.0
2025-11-01,T_HOWBO-3,Soundmark Wind Limited,303.0,22032.0
2025-11-01,T_KENNW-1,Kennoxhead Wind Farm Limited,221.3,11247.0
2025-11-01,T_KILBW-1,Kilbraur Wind Energy Ltd,147.5,12947.0
2025-11-01,T_KYPEW-1,Kype Extension Wind Farm Ltd,34.1,886.0
2025-11-01,T_LCLTW-1,Eneco Energy Trade,207.6,19305.0
2025-11-01,T_LIMKW-1,Limekiln Extension Ltd,970.5,38818.0
2025-11-01,T_MOWEO-1,Moray Offshore Wind East Ltd,4186.4,315004.0
2025-11-01,T_MOWEO-2,Moray Offshore Wind East Ltd,3512.6,259103.0
2025-11-01,T_MOWEO-3,Moray Offshore Wind East Ltd,3748.6,274744.0
2025-11-01,T_MOWWO-1,Moray Offshore Wind West Ltd,2632.5,119665.0
2025-11-01,T_MOWWO-2,Moray Offshore Wind West Ltd,2791.9,125480.0
2025-11-01,T_MOWWO-3,Moray Offshore Wind West Ltd,1800.4,82105.0
2025-11-01,T_MOWWO-4,Moray Offshore Wind West Ltd,3318.2,169194.0
2025-11-01,T_PNYCW-1,Pen y Cymoedd Wind Farm LTD,127.6,12254.0
2025-11-01,T_RMPNO-1,Rampion Offshore Windfarm Ltd,57.4,9553.0
2025-11-01,T_RMPNO-2,Rampion Offshore Windfarm Ltd,55.3,9201.0
2025-11-01,T_SAKNW-1,Sandy Knowe Wind Farm Ltd,299.2,11970.0
2025-11-01,T_SGRWO-1,Seagreen Wind Energy Limited,5360.5,92844.0
2025-11-01,T_SGRWO-2,Seagreen Wind Energy Limited,1139.0,19727.0
2025-11-01,T_SGRWO-3,Seagreen Wind Energy Limited,3010.5,52142.0
2025-11-01,T_SGRWO-4,Seagreen Wind Energy Limited,2551.0,44183.0
2025-11-01,T_SGRWO-5,Seagreen Wind Energy Limited,1418.2,24563.0
2025-11-01,T_SGRWO-6,Seagreen Wind Energy Limited,6055.3,104877.0
2025-11-01,T_SHRSW-1,Scira Offshore Energy Limited,29.4,4701.0
2025-11-01,T_SHRSW-2,Scira Offshore Energy Limited,28.0,4476.0
2025-11-01,T_SOKYW-1,South Kyle Wind Farm Limited,842.4,25273.0
2025-11-01,T_STLGW-1,Stronelairg Windfarm Limited,419.9,37740.0
2025-11-01,T_STLGW-2,Stronelairg Windfarm Limited,490.9,44125.0
2025-11-01,T_STLGW-3,Stronelairg Windfarm Limited,474.7,42664.0
2025-11-01,T_STRNW-1,Strathy Wind Farm Limited,37.2,3165.0
2025-11-01,T_TWSHW-1,Twentyshilling Limited,122.7,3532.0
2025-11-01,T_VKNGW-1,Viking Energy Wind Farm LLP,2022.7,22209.0
2025-11-01,T_VKNGW-2,Viking Energy Wind Farm LLP,2085.3,22897.0
2025-11-01,T_VKNGW-3,Viking Energy Wind Farm LLP,1898.5,20846.0
2025-11-01,T_VKNGW-4,Viking Energy Wind Farm LLP,1782.5,19572.0
2025-11-01,T_WDNSO-1,Morecambe Wind Limited,106.6,19847.0
2025-11-01,T_WDRGW-1,Windy Rig Wind Farm Limited,240.9,7070.0
2025-11-02,2__PENEC001,Eneco Energy Trade,195.4,17195.0
2025-11-02,2__PSTAT001,Statkraft Markets Gmbh,382.6,32402.0
2025-11-02,C__PSTAT011,Statkraft Markets Gmbh,896.7,60977.0
2025-11-02,E_BABAW-1,Statkraft Markets Gmbh,447.7,36708.0
2025-11-02,E_BETHW-1,SP Renewables (UK) Limited,206.6,17447.0
2025-11-02,E_BTUIW-3,SP Renewables (UK) Limited,19.0,143.0
2025-11-02,E_GRGRW-1,Evolve Energy Supply Limited,19.0,1331.0
2025-11-02,T_BDCHW-1,RWE Generation UK plc,121.6,10768.0
2025-11-02,T_BHLAW-1,SSE Generation Ltd,1044.5,87416.0
2025-11-02,T_CGTHW-1,Corriegarth Wind Energy LTD,520.5,42004.0
2025-11-02,T_CREAW-1,Creag Riabhach Wind Farm Ltd,1199.2,64396.0
2025-11-02,T_CRMLW-1,EDF Energy Customers Limited,314.3,25017.0
2025-11-02,T_CUMHW-1,Uniper UK Limited,16.2,389.0
2025-11-02,T_DOREW-1,Dorenell Windfarm Limited,1467.1,89905.0
2025-11-02,T_DOREW-2,Dorenell Windfarm Limited,1187.3,73831.0
2025-11-02,T_DOUGW-1,Erova Energy Limited,6.8,203.0
2025-11-02,T_DUNGW-1,Dunmaglass Wind Farm Limited,265.8,23816.0
2025-11-02,T_EDINW-1,Vattenfall Wind Power Ltd,215.4,23692.0
2025-11-02,T_GLNKW-1,EDF Energy Customers Limited,726.7,53343.0
2025-11-02,T_GORDW-1,SSE Generation Ltd,408.7,34954.0
2025-11-02,T_GORDW-2,SSE Generation Ltd,495.9,3774.0
2025-11-02,T_HALSW-1,SP Renewables (UK) Limited,619.9,5437.0
2025-11-02,T_KENNW-1,Kennoxhead Wind Farm Limited,4.9,153.0
2025-11-02,T_KILBW-1,Kilbraur Wind Energy Ltd,340.5,29878.0
2025-11-02,T_KYPEW-1,Kype Extension Wind Farm Ltd,9.1,237.0
2025-11-02,T_LIMKW-1,Limekiln Extension Ltd,2152.8,86113.0
2025-11-02,T_MOWEO-1,Moray Offshore Wind East Ltd,6496.3,421326.0
2025-11-02,T_MOWEO-2,Moray Offshore Wind East Ltd,5668.5,361527.0
2025-11-02,T_MOWEO-3,Moray Offshore Wind East Ltd,6140.7,396383.0
2025-11-02,T_MOWWO-1,Moray Offshore Wind West Ltd,4140.3,184171.0
2025-11-02,T_MOWWO-2,Moray Offshore Wind West Ltd,4347.3,193497.0
2025-11-02,T_MOWWO-3,Moray Offshore Wind West Ltd,2727.3,121756.0
2025-11-02,T_MOWWO-4,Moray Offshore Wind West Ltd,5328.7,271710.0
2025-11-02,T_SAKNW-1,Sandy Knowe Wind Farm Ltd,0.7,29.0
2025-11-02,T_SGRWO-1,Seagreen Wind Energy Limited,5135.2,88941.0
2025-11-02,T_SGRWO-2,Seagreen Wind Energy Limited,1083.2,18760.0
2025-11-02,T_SGRWO-3,Seagreen Wind Energy Limited,2921.4,50598.0
2025-11-02,T_SGRWO-4,Seagreen Wind Energy Limited,2567.8,44474.0
2025-11-02,T_SGRWO-5,Seagreen Wind Energy Limited,1162.9,20142.0
2025-11-02,T_SGRWO-6,Seagreen Wind Energy Limited,4714.9,81661.0
2025-11-02,T_SOKYW-1,South Kyle Wind Farm Limited,10.1,302.0
2025-11-02,T_STLGW-1,Stronelairg Windfarm Limited,326.2,29318.0
2025-11-02,T_STLGW-2,Stronelairg Windfarm Limited,189.6,17042.0
2025-11-02,T_STLGW-3,Stronelairg Windfarm Limited,163.7,14710.0
2025-11-02,T_STRNW-1,Strathy Wind Farm Limited,304.3,25890.0
2025-11-02,T_TWSHW-1,Twentyshilling Limited,7.4,213.0
2025-11-02,T_VKNGW-1,Viking Energy Wind Farm LLP,2347.8,25779.0
2025-11-02,T_VKNGW-2,Viking Energy Wind Farm LLP,2351.5,25820.0
2025-11-02,T_VKNGW-3,Viking Energy Wind Farm LLP,2153.9,23650.0
2025-11-02,T_VKNGW-4,Viking Energy Wind Farm LLP,2160.0,23717.0
2025-11-02,T_WDRGW-1,Windy Rig Wind Farm Limited,5.7,169.0
2025-11-03,2__PENEC001,Eneco Energy Trade,515.1,45327.0
2025-11-03,2__PENEC002,Eneco Energy Trade,331.6,29813.0
2025-11-03,2__PSTAT001,Statkraft Markets Gmbh,726.3,61514.0
2025-11-03,C__PSTAT011,Statkraft Markets Gmbh,955.8,64997.0
2025-11-03,E_BABAW-1,Statkraft Markets Gmbh,466.5,38251.0
2025-11-03,E_BETHW-1,SP Renewables (UK) Limited,366.6,30956.0
2025-11-03,E_BLARW-1,Erova Energy Limited,366.4,15624.0
2025-11-03,E_BTUIW-2,SP Renewables (UK) Limited,69.4,5862.0
2025-11-03,E_BTUIW-3,SP Renewables (UK) Limited,900.7,6755.0
2025-11-03,E_CLDRW-1,Vattenfall Energy Trading,114.9,10573.0
2025-11-03,E_CRGTW-1,British Gas Trading Ltd,40.5,5664.0
2025-11-03,E_DALSW-1,Mobius Renewables Gen. (GB),319.1,32869.0
2025-11-03,E_GRGRW-1,Evolve Energy Supply Limited,594.2,41594.0
2025-11-03,E_HRHLW-1,SP Renewables (UK) Limited,391.7,29798.0
2025-11-03,E_MINSW-1,Mobius Renewables Gen. (GB),197.2,20313.0
2025-11-03,T_AKGLW-3,AIK2A Sustainable Energy Ltd,1096.5,74564.0
2025-11-03,T_BDCHW-1,RWE Generation UK plc,115.7,15431.0
2025-11-03,T_BHLAW-1,SSE Generation Ltd,1860.1,155675.0
2025-11-03,T_BLLA-1,SP Renewables (UK) Limited,239.9,20351.0
2025-11-03,T_BLLA-2,SP Renewables (UK) Limited,517.8,39392.0
2025-11-03,T_BROCW-1,Smartestenergy Limited,321.9,12553.0
2025-11-03,T_CGTHW-1,Corriegarth Wind Energy LTD,812.0,65532.0
2025-11-03,T_CRDEW-1,EDF Energy Customers Limited,303.8,16404.0
2025-11-03,T_CRDEW-2,EDF Energy Customers Limited,303.8,16404.0
2025-11-03,T_CREAW-1,Creag Riabhach Wind Farm Ltd,1274.0,68412.0
2025-11-03,T_CRGHW-1,Statkraft Markets Gmbh,143.0,11012.0
2025-11-03,T_CRMLW-1,EDF Energy Customers Limited,611.8,49702.0
2025-11-03,T_CRYRW-2,Eneco Energy Trade,808.5,68396.0
2025-11-03,T_CRYRW-3,Eneco Energy Trade,142.6,10934.0
2025-11-03,T_CUMHW-1,Uniper UK Limited,916.5,21908.0
2025-11-03,T_DALQW-1,Statkraft Markets Gmbh,195.5,11929.0
2025-11-03,T_DOREW-1,Dorenell Windfarm Limited,1308.2,77084.0
2025-11-03,T_DOREW-2,Dorenell Windfarm Limited,1130.9,66643.0
2025-11-03,T_DOUGW-1,Erova Energy Limited,490.2,14707.0
2025-11-03,T_DRSLW-1,SP Renewables (UK) Limited,1105.2,84074.0
2025-11-03,T_DUNGW-1,Dunmaglass Wind Farm Limited,824.0,73840.0
2025-11-03,T_EDINW-1,Vattenfall Wind Power Ltd,253.8,27916.0
2025-11-03,T_EWHLW-1,SP Renewables (UK) Limited,71.2,5414.0
2025-11-03,T_FARR-1,Smartestenergy Limited,53.4,4885.0
2025-11-03,T_FARR-2,Smartestenergy Limited,49.0,4485.0
2025-11-03,T_GLNKW-1,EDF Energy Customers Limited,934.2,68572.0
2025-11-03,T_GNAPW-1,SP Renewables (UK) Limited,246.1,18721.0
2025-11-03,T_GORDW-1,SSE Generation Ltd,904.5,77365.0
2025-11-03,T_GORDW-2,SSE Generation Ltd,512.9,3903.0
2025-11-03,T_GRIFW-1,Griffin Wind Farm Ltd,108.8,10074.0
2025-11-03,T_HALSW-1,SP Renewables (UK) Limited,600.2,5264.0
2025-11-03,T_HOWBO-1,Breesea Limited,15.8,304.0
2025-11-03,T_HRSTW-1,SP Renewables (UK) Limited,56.9,4823.0
2025-11-03,T_KENNW-1,Kennoxhead Wind Farm Limited,700.5,24272.0
2025-11-03,T_KILBW-1,Kilbraur Wind Energy Ltd,216.8,19023.0
2025-11-03,T_KLGLW-1,SP Renewables (UK) Limited,5179.2,392787.0
2025-11-03,T_KPMRW-1,OnPath Energy Limited,424.2,27513.0
2025-11-03,T_KYPEW-1,Kype Extension Wind Farm Ltd,1005.1,26132.0
2025-11-03,T_LIMKW-1,Limekiln Extension Ltd,1915.3,76610.0
2025-11-03,T_MIDMW-1,OnPath Energy Limited,210.3,13466.0
2025-11-03,T_MKHLW-1,SP Renewables (UK) Limited,191.6,16173.0
2025-11-03,T_MOWEO-1,Moray Offshore Wind East Ltd,6224.1,435148.0
2025-11-03,T_MOWEO-2,Moray Offshore Wind East Ltd,5535.5,388883.0
2025-11-03,T_MOWEO-3,Moray Offshore Wind East Ltd,5852.4,410438.0
2025-11-03,T_MOWWO-1,Moray Offshore Wind West Ltd,3370.2,141793.0
2025-11-03,T_MOWWO-2,Moray Offshore Wind West Ltd,3760.4,158096.0
2025-11-03,T_MOWWO-3,Moray Offshore Wind West Ltd,2335.4,98311.0
2025-11-03,T_MOWWO-4,Moray Offshore Wind West Ltd,4547.2,220399.0
2025-11-03,T_MYGPW-1,Minnygap Energy Limited,32.8,2791.0
2025-11-03,T_PNYCW-1,Pen y Cymoedd Wind Farm LTD,12.8,1232.0
2025-11-03,T_SAKNW-1,Sandy Knowe Wind Farm Ltd,1944.6,77782.0
2025-11-03,T_SGRWO-1,Seagreen Wind Energy Limited,5395.2,93446.0
2025-11-03,T_SGRWO-2,Seagreen Wind Energy Limited,1677.2,29050.0
2025-11-03,T_SGRWO-3,Seagreen Wind Energy Limited,3378.8,58522.0
2025-11-03,T_SGRWO-4,Seagreen Wind Energy Limited,2987.4,51741.0
2025-11-03,T_SGRWO-5,Seagreen Wind Energy Limited,1688.9,29252.0
2025-11-03,T_SGRWO-6,Seagreen Wind Energy Limited,7619.1,131963.0
2025-11-03,T_SOKYW-1,South Kyle Wind Farm Limited,4253.3,127599.0
2025-11-03,T_STLGW-1,Stronelairg Windfarm Limited,1025.0,92127.0
2025-11-03,T_STLGW-2,Stronelairg Windfarm Limited,805.9,72434.0
2025-11-03,T_STLGW-3,Stronelairg Windfarm Limited,1025.7,92189.0
2025-11-03,T_STRNW-1,Strathy Wind Farm Limited,899.8,76547.0
2025-11-03,T_TWSHW-1,Twentyshilling Limited,846.0,24356.0
2025-11-03,T_VKNGW-1,Viking Energy Wind Farm LLP,2404.4,26401.0
2025-11-03,T_VKNGW-2,Viking Energy Wind Farm LLP,2392.6,26271.0
2025-11-03,T_VKNGW-3,Viking Energy Wind Farm LLP,2235.4,24545.0
2025-11-03,T_VKNGW-4,Viking Energy Wind Farm LLP,2277.1,25002.0
2025-11-03,T_WDRGW-1,Windy Rig Wind Farm Limited,988.6,29015.0
2025-11-03,T_WISTW-2,BROCKLOCH RIG WINDFARM LTD,239.1,19244.0
2025-11-04,2__PENEC001,Eneco Energy Trade,230.9,20322.0
2025-11-04,2__PENEC002,Eneco Energy Trade,679.7,61105.0
2025-11-04,2__PSTAT001,Statkraft Markets Gmbh,304.0,25753.0
2025-11-04,C__PSTAT011,Statkraft Markets Gmbh,513.3,34907.0
2025-11-04,E_BABAW-1,Statkraft Markets Gmbh,288.2,23630.0
2025-11-04,E_BETHW-1,SP Renewables (UK) Limited,144.8,12228.0
2025-11-04,E_BLARW-1,Erova Energy Limited,43.6,4155.0
2025-11-04,E_BNWKW-1,Eneco Energy Trade,60.0,5576.0
2025-11-04,E_BRDUW-1,Erova Energy Limited,118.5,11610.0
2025-11-04,E_BTUIW-3,SP Renewables (UK) Limited,91.3,685.0
2025-11-04,E_CLDRW-1,Vattenfall Energy Trading,174.1,16014.0
2025-11-04,E_CRGTW-1,British Gas Trading Ltd,22.5,3149.0
2025-11-04,E_DALSW-1,Mobius Renewables Gen. (GB),13.9,1427.0
2025-11-04,E_GRGRW-1,Evolve Energy Supply Limited,307.7,21543.0
2025-11-04,E_HLTWW-1,ScottishPower Energy Retail,35.7,3677.0
2025-11-04,E_HRHLW-1,SP Renewables (UK) Limited,42.8,3256.0
2025-11-04,E_MINSW-1,Mobius Renewables Gen. (GB),145.9,15028.0
2025-11-04,E_MOYEW-1,Eneco Energy Trade,213.3,19841.0
2025-11-04,E_TULWW-1,Eneco Energy Trade,73.8,6866.0
2025-11-04,E_TULWW-2,Eneco Energy Trade,107.4,9991.0
2025-11-04,T_AKGLW-3,AIK2A Sustainable Energy Ltd,331.6,22552.0
2025-11-04,T_BDCHW-1,RWE Generation UK plc,70.1,11589.0
2025-11-04,T_BEINW-1,Beinneun Wind Farm Ltd,242.0,23717.0
2025-11-04,T_BHLAW-1,SSE Generation Ltd,1313.3,109914.0
2025-11-04,T_BLLA-2,SP Renewables (UK) Limited,130.8,9951.0
2025-11-04,T_BROCW-1,Smartestenergy Limited,92.8,3618.0
2025-11-04,T_CGTHW-1,Corriegarth Wind Energy LTD,378.6,30552.0
2025-11-04,T_CRDEW-1,EDF Energy Customers Limited,57.9,3125.0
2025-11-04,T_CRDEW-2,EDF Energy Customers Limited,57.9,3125.0
2025-11-04,T_CREAW-1,Creag Riabhach Wind Farm Ltd,721.5,38745.0
2025-11-04,T_CRMLW-1,EDF Energy Customers Limited,325.1,27149.0
2025-11-04,T_CRYRW-2,Eneco Energy Trade,238.9,20213.0
2025-11-04,T_CRYRW-3,Eneco Energy Trade,33.1,2537.0
2025-11-04,T_CUMHW-1,Uniper UK Limited,164.0,3791.0
2025-11-04,T_DOREW-1,Dorenell Windfarm Limited,1049.5,86590.0
2025-11-04,T_DOREW-2,Dorenell Windfarm Limited,186.9,11612.0
2025-11-04,T_DOUGW-1,Erova Energy Limited,78.3,2350.0
2025-11-04,T_DRSLW-1,SP Renewables (UK) Limited,118.0,8978.0
2025-11-04,T_DUNGW-1,Dunmaglass Wind Farm Limited,842.2,75473.0
2025-11-04,T_EDINW-1,Vattenfall Wind Power Ltd,188.6,20752.0
2025-11-04,T_FARR-1,Smartestenergy Limited,193.0,17656.0
2025-11-04,T_FARR-2,Smartestenergy Limited,184.0,16833.0
2025-11-04,T_GLNKW-1,EDF Energy Customers Limited,561.3,41198.0
2025-11-04,T_GNAPW-1,SP Renewables (UK) Limited,23.0,1752.0
2025-11-04,T_GORDW-1,SSE Generation Ltd,337.4,28861.0
2025-11-04,T_GORDW-2,SSE Generation Ltd,310.2,2360.0
2025-11-04,T_GRIFW-1,Griffin Wind Farm Ltd,306.2,28363.0
2025-11-04,T_GRIFW-2,Griffin Wind Farm Ltd,327.4,30326.0
2025-11-04,T_HALSW-1,SP Renewables (UK) Limited,313.2,2746.0
2025-11-04,T_HOWBO-1,Breesea Limited,23.9,796.0
2025-11-04,T_KENNW-1,Kennoxhead Wind Farm Limited,169.4,11170.0
2025-11-04,T_KILBW-1,Kilbraur Wind Energy Ltd,248.0,21764.0
2025-11-04,T_KLGLW-1,SP Renewables (UK) Limited,553.0,41940.0
2025-11-04,T_KYPEW-1,Kype Extension Wind Farm Ltd,164.2,4268.0
2025-11-04,T_LCLTW-1,Eneco Energy Trade,312.2,29035.0
2025-11-04,T_LIMKW-1,Limekiln Extension Ltd,1033.9,41357.0
2025-11-04,T_MKHLW-1,SP Renewables (UK) Limited,55.1,4649.0
2025-11-04,T_MOWEO-1,Moray Offshore Wind East Ltd,3223.0,270875.0
2025-11-04,T_MOWEO-2,Moray Offshore Wind East Ltd,2922.2,248775.0
2025-11-04,T_MOWEO-3,Moray Offshore Wind East Ltd,2931.5,246456.0
2025-11-04,T_MOWWO-1,Moray Offshore Wind West Ltd,1831.5,72190.0
2025-11-04,T_MOWWO-2,Moray Offshore Wind West Ltd,1910.1,75139.0
2025-11-04,T_MOWWO-3,Moray Offshore Wind West Ltd,928.9,37489.0
2025-11-04,T_MOWWO-4,Moray Offshore Wind West Ltd,1846.1,83852.0
2025-11-04,T_SAKNW-1,Sandy Knowe Wind Farm Ltd,229.0,9161.0
2025-11-04,T_SGRWO-1,Seagreen Wind Energy Limited,3809.2,64985.0
2025-11-04,T_SGRWO-2,Seagreen Wind Energy Limited,1030.1,17574.0
2025-11-04,T_SGRWO-3,Seagreen Wind Energy Limited,2129.9,36335.0
2025-11-04,T_SGRWO-4,Seagreen Wind Energy Limited,1782.2,30405.0
2025-11-04,T_SGRWO-5,Seagreen Wind Energy Limited,923.6,15756.0
2025-11-04,T_SGRWO-6,Seagreen Wind Energy Limited,5149.6,87852.0
2025-11-04,T_SOKYW-1,South Kyle Wind Farm Limited,516.8,15505.0
2025-11-04,T_STLGW-1,Stronelairg Windfarm Limited,664.4,59713.0
2025-11-04,T_STLGW-2,Stronelairg Windfarm Limited,1034.0,92935.0
2025-11-04,T_STLGW-3,Stronelairg Windfarm Limited,519.5,46693.0
2025-11-04,T_STRNW-1,Strathy Wind Farm Limited,387.5,32965.0
2025-11-04,T_TWSHW-1,Twentyshilling Limited,113.1,3256.0
2025-11-04,T_VKNGW-1,Viking Energy Wind Farm LLP,1945.1,21357.0
2025-11-04,T_VKNGW-2,Viking Energy Wind Farm LLP,1845.7,20266.0
2025-11-04,T_VKNGW-3,Viking Energy Wind Farm LLP,1782.2,19568.0
2025-11-04,T_VKNGW-4,Viking Energy Wind Farm LLP,1843.8,20245.0
2025-11-04,T_WDRGW-1,Windy Rig Wind Farm Limited,138.3,4058.0
2025-11-05,E_BTUIW-3,SP Renewables (UK) Limited,10.7,80.0
2025-11-05,T_BROCW-1,Smartestenergy Limited,4.3,169.0
2025-11-05,T_CUMHW-1,Uniper UK Limited,7.5,174.0
2025-11-05,T_GRGBW-1,Greater Gabbard Offshore Winds,55.0,9128.0
2025-11-05,T_HALSW-1,SP Renewables (UK) Limited,1.6,14.0
2025-11-05,T_HOWBO-1,Breesea Limited,24.0,904.0
2025-11-05,T_HOWBO-2,Sonningmay Wind Limited,132.4,5092.0
2025-11-05,T_KENNW-1,Kennoxhead Wind Farm Limited,14.6,457.0
2025-11-05,T_KYPEW-1,Kype Extension Wind Farm Ltd,13.7,356.0
2025-11-05,T_LARYW-1,London Array Limited,0.4,63.0
2025-11-05,T_SGRWO-1,Seagreen Wind Energy Limited,56.3,961.0
2025-11-05,T_SGRWO-2,Seagreen Wind Energy Limited,4.4,74.0
2025-11-05,T_SGRWO-3,Seagreen Wind Energy Limited,8.0,137.0
2025-11-05,T_SGRWO-4,Seagreen Wind Energy Limited,1.2,20.0
2025-11-05,T_SGRWO-5,Seagreen Wind Energy Limited,4.2,72.0
2025-11-05,T_SOKYW-1,South Kyle Wind Farm Limited,37.2,1117.0
2025-11-05,T_TWSHW-1,Twentyshilling Limited,9.4,269.0
2025-11-05,T_VKNGW-1,Viking Energy Wind Farm LLP,126.1,1385.0
2025-11-05,T_VKNGW-2,Viking Energy Wind Farm LLP,101.7,1117.0
2025-11-05,T_VKNGW-3,Viking Energy Wind Farm LLP,100.8,1107.0
2025-11-05,T_VKNGW-4,Viking Energy Wind Farm LLP,76.7,842.0
2025-11-05,T_WDRGW-1,Windy Rig Wind Farm Limited,8.0,234.0
2025-11-08,T_MOWEO-2,Moray Offshore Wind East Ltd,0.0,1.0
2025-11-09,E_BTUIW-3,SP Renewables (UK) Limited,70.8,531.0
2025-11-09,E_HRHLW-1,SP Renewables (UK) Limited,56.8,4325.0
2025-11-09,T_CREAW-1,Creag Riabhach Wind Farm Ltd,55.7,2993.0
2025-11-09,T_DOREW-1,Dorenell Windfarm Limited,231.0,9722.0
2025-11-09,T_DRSLW-1,SP Renewables (UK) Limited,144.6,11000.0
2025-11-09,T_EDINW-1,Vattenfall Wind Power Ltd,17.5,1927.0
2025-11-09,T_GNAPW-1,SP Renewables (UK) Limited,30.8,2339.0
2025-11-09,T_GORDW-2,SSE Generation Ltd,123.1,923.0
2025-11-09,T_HALSW-1,SP Renewables (UK) Limited,185.2,1624.0
2025-11-09,T_LIMKW-1,Limekiln Extension Ltd,270.5,10820.0
2025-11-09,T_MOWEO-1,Moray Offshore Wind East Ltd,954.1,37245.0
2025-11-09,T_MOWEO-2,Moray Offshore Wind East Ltd,575.4,24745.0
2025-11-09,T_MOWEO-3,Moray Offshore Wind East Ltd,711.5,31379.0
2025-11-09,T_MOWWO-1,Moray Offshore Wind West Ltd,703.0,23906.0
2025-11-09,T_MOWWO-2,Moray Offshore Wind West Ltd,964.3,32976.0
2025-11-09,T_MOWWO-3,Moray Offshore Wind West Ltd,216.9,7435.0
2025-11-09,T_MOWWO-4,Moray Offshore Wind West Ltd,324.4,14735.0
2025-11-09,T_SAKNW-1,Sandy Knowe Wind Farm Ltd,401.3,16051.0
2025-11-09,T_SGRWO-3,Seagreen Wind Energy Limited,938.4,16009.0
2025-11-09,T_SGRWO-5,Seagreen Wind Energy Limited,575.9,9825.0
2025-11-09,T_SGRWO-6,Seagreen Wind Energy Limited,2254.8,38467.0
2025-11-09,T_SOKYW-1,South Kyle Wind Farm Limited,1120.1,33604.0
2025-11-09,T_TWSHW-1,Twentyshilling Limited,223.5,6435.0
2025-11-09,T_VKNGW-1,Viking Energy Wind Farm LLP,249.7,2734.0
2025-11-09,T_VKNGW-2,Viking Energy Wind Farm LLP,217.9,2386.0
2025-11-09,T_VKNGW-3,Viking Energy Wind Farm LLP,125.2,1371.0
2025-11-09,T_VKNGW-4,Viking Energy Wind Farm LLP,128.5,1407.0
2025-11-09,T_WDRGW-1,Windy Rig Wind Farm Limited,246.6,7237.0
2025-11-10,T_GORDW-2,SSE Generation Ltd,8.5,64.0
2025-11-10,T_HALSW-1,SP Renewables (UK) Limited,25.5,223.0
2025-11-10,T_HOWBO-2,Sonningmay Wind Limited,38.3,1352.0
2025-11-10,T_HOWBO-3,Soundmark Wind Limited,384.5,13523.0
2025-11-10,T_LIMKW-1,Limekiln Extension Ltd,10.8,432.0
2025-11-10,T_MOWEO-1,Moray Offshore Wind East Ltd,0.3,12.0
2025-11-10,T_MOWEO-3,Moray Offshore Wind East Ltd,50.5,1857.0
2025-11-10,T_MOWWO-1,Moray Offshore Wind West Ltd,159.7,5335.0
2025-11-10,T_MOWWO-2,Moray Offshore Wind West Ltd,144.4,4818.0
2025-11-10,T_MOWWO-3,Moray Offshore Wind West Ltd,49.9,1665.0
2025-11-10,T_MOWWO-4,Moray Offshore Wind West Ltd,54.8,2488.0
2025-11-10,T_RCBKO-1,Race Bank Wind Farm Ltd,20.4,3442.0
2025-11-10,T_SGRWO-3,Seagreen Wind Energy Limited,304.2,5189.0
2025-11-10,T_SGRWO-5,Seagreen Wind Energy Limited,220.1,3755.0
2025-11-10,T_SGRWO-6,Seagreen Wind Energy Limited,467.1,7969.0
2025-11-10,T_VKNGW-1,Viking Energy Wind Farm LLP,256.2,2805.0
2025-11-10,T_VKNGW-2,Viking Energy Wind Farm LLP,243.3,2664.0
2025-11-10,T_VKNGW-3,Viking Energy Wind Farm LLP,200.0,2190.0
2025-11-10,T_VKNGW-4,Viking Energy Wind Farm LLP,205.2,2247.0
2025-11-11,T_CRGHW-1,Statkraft Markets Gmbh,22.8,1753.0
2025-11-11,T_GORDW-2,SSE Generation Ltd,31.6,237.0
2025-11-11,T_HALSW-1,SP Renewables (UK) Limited,28.0,246.0
2025-11-11,T_SGRWO-3,Seagreen Wind Energy Limited,40.6,696.0
2025-11-11,T_SGRWO-4,Seagreen Wind Energy Limited,51.3,880.0
2025-11-11,T_SGRWO-5,Seagreen Wind Energy Limited,29.6,506.0
2025-11-11,T_SGRWO-6,Seagreen Wind Energy Limited,212.8,3648.0
2025-11-12,C__PSTAT011,Statkraft Markets Gmbh,9.5,648.0
2025-11-12,E_BABAW-1,Statkraft Markets Gmbh,2.7,220.0
2025-11-12,E_BLARW-1,Erova Energy Limited,4.2,280.0
2025-11-12,E_GRGRW-1,Evolve Energy Supply Limited,6.6,459.0
2025-11-12,E_HRHLW-1,SP Renewables (UK) Limited,0.4,29.0
2025-11-12,T_AKGLW-3,AIK2A Sustainable Energy Ltd,14.0,953.0
2025-11-12,T_BLLA-2,SP Renewables (UK) Limited,4.6,349.0
2025-11-12,T_BROCW-1,Smartestenergy Limited,61.8,2412.0
2025-11-12,T_CGTHW-1,Corriegarth Wind Energy LTD,2.1,170.0
2025-11-12,T_CRDEW-1,EDF Energy Customers Limited,7.2,390.0
2025-11-12,T_CRDEW-2,EDF Energy Customers Limited,6.9,374.0
2025-11-12,T_CREAW-1,Creag Riabhach Wind Farm Ltd,166.3,8931.0
2025-11-12,T_CRGHW-1,Statkraft Markets Gmbh,195.8,15080.0
2025-11-12,T_CRMLW-1,EDF Energy Customers Limited,2.0,170.0
2025-11-12,T_CRYRW-3,Eneco Energy Trade,1.0,76.0
2025-11-12,T_CUMHW-1,Uniper UK Limited,230.7,5335.0
2025-11-12,T_DOREW-1,Dorenell Windfarm Limited,186.4,7317.0
2025-11-12,T_DOREW-2,Dorenell Windfarm Limited,135.3,5355.0
2025-11-12,T_DRSLW-1,SP Renewables (UK) Limited,3.0,226.0
2025-11-12,T_GLNKW-1,EDF Energy Customers Limited,2.1,153.0
2025-11-12,T_GORDW-2,SSE Generation Ltd,372.7,2796.0
2025-11-12,T_HALSW-1,SP Renewables (UK) Limited,375.6,3294.0
2025-11-12,T_HOWBO-1,Breesea Limited,80.0,2172.0
2025-11-12,T_KENNW-1,Kennoxhead Wind Farm Limited,274.3,8703.0
2025-11-12,T_KYPEW-1,Kype Extension Wind Farm Ltd,271.1,7048.0
2025-11-12,T_LIMKW-1,Limekiln Extension Ltd,234.5,9380.0
2025-11-12,T_MOWEO-1,Moray Offshore Wind East Ltd,3167.2,152227.0
2025-11-12,T_MOWEO-2,Moray Offshore Wind East Ltd,2404.1,116154.0
2025-11-12,T_MOWEO-3,Moray Offshore Wind East Ltd,2898.7,139080.0
2025-11-12,T_MOWWO-1,Moray Offshore Wind West Ltd,2170.6,75666.0
2025-11-12,T_MOWWO-2,Moray Offshore Wind West Ltd,2429.6,84609.0
2025-11-12,T_MOWWO-3,Moray Offshore Wind West Ltd,390.1,13731.0
2025-11-12,T_MOWWO-4,Moray Offshore Wind West Ltd,395.3,17954.0
2025-11-12,T_SAKNW-1,Sandy Knowe Wind Farm Ltd,5.6,224.0
2025-11-12,T_SGRWO-3,Seagreen Wind Energy Limited,1958.3,33566.0
2025-11-12,T_SGRWO-4,Seagreen Wind Energy Limited,1614.3,27670.0
2025-11-12,T_SGRWO-5,Seagreen Wind Energy Limited,1310.7,22465.0
2025-11-12,T_SGRWO-6,Seagreen Wind Energy Limited,5222.0,89505.0
2025-11-12,T_SOKYW-1,South Kyle Wind Farm Limited,892.1,26762.0
2025-11-12,T_TWSHW-1,Twentyshilling Limited,160.9,4632.0
2025-11-12,T_VKNGW-1,Viking Energy Wind Farm LLP,1975.9,21636.0
2025-11-12,T_VKNGW-2,Viking Energy Wind Farm LLP,2045.2,22395.0
2025-11-12,T_VKNGW-3,Viking Energy Wind Farm LLP,1912.0,20936.0
2025-11-12,T_VKNGW-4,Viking Energy Wind Farm LLP,2049.2,22439.0
2025-11-12,T_WDRGW-1,Windy Rig Wind Farm Limited,236.2,6932.0
2025-11-13,2__PSTAT001,Statkraft Markets Gmbh,110.5,9358.0
2025-11-13,C__PSTAT011,Statkraft Markets Gmbh,396.0,26926.0
2025-11-13,E_BABAW-1,Statkraft Markets Gmbh,257.6,21126.0
2025-11-13,E_BLARW-1,Erova Energy Limited,62.7,3550.0
2025-11-13,E_BTUIW-3,SP Renewables (UK) Limited,37.0,278.0
2025-11-13,E_GRGRW-1,Evolve Energy Supply Limited,332.0,23241.0
2025-11-13,E_HRHLW-1,SP Renewables (UK) Limited,7.9,600.0
2025-11-13,T_AKGLW-3,AIK2A Sustainable Energy Ltd,100.3,6823.0
2025-11-13,T_BHLAW-1,SSE Generation Ltd,627.0,52644.0
2025-11-13,T_BLLA-2,SP Renewables (UK) Limited,29.8,2271.0
2025-11-13,T_BROCW-1,Smartestenergy Limited,86.8,3384.0
2025-11-13,T_CGTHW-1,Corriegarth Wind Energy LTD,380.7,30724.0
2025-11-13,T_CRDEW-1,EDF Energy Customers Limited,31.4,1697.0
2025-11-13,T_CRDEW-2,EDF Energy Customers Limited,62.9,3399.0
2025-11-13,T_CREAW-1,Creag Riabhach Wind Farm Ltd,588.3,31589.0
2025-11-13,T_CRGHW-1,Statkraft Markets Gmbh,120.1,9244.0
2025-11-13,T_CRMLW-1,EDF Energy Customers Limited,312.9,26131.0
2025-11-13,T_CRYRW-2,Eneco Energy Trade,53.3,4512.0
2025-11-13,T_CRYRW-3,Eneco Energy Trade,0.1,6.0
2025-11-13,T_CUMHW-1,Uniper UK Limited,376.0,8692.0
2025-11-13,T_DOREW-1,Dorenell Windfarm Limited,66.0,3557.0
2025-11-13,T_DOREW-2,Dorenell Windfarm Limited,79.9,5620.0
2025-11-13,T_DRSLW-1,SP Renewables (UK) Limited,0.5,38.0
2025-11-13,T_DUNGW-1,Dunmaglass Wind Farm Limited,429.1,38338.0
2025-11-13,T_GLNKW-1,EDF Energy Customers Limited,418.1,30689.0
2025-11-13,T_GORDW-1,SSE Generation Ltd,210.8,18111.0
2025-11-13,T_GORDW-2,SSE Generation Ltd,331.5,2486.0
2025-11-13,T_HALSW-1,SP Renewables (UK) Limited,375.8,3296.0
2025-11-13,T_KENNW-1,Kennoxhead Wind Farm Limited,107.3,4861.0
2025-11-13,T_KILBW-1,Kilbraur Wind Energy Ltd,90.7,7962.0
2025-11-13,T_KYPEW-1,Kype Extension Wind Farm Ltd,332.5,8646.0
2025-11-13,T_LIMKW-1,Limekiln Extension Ltd,870.2,34809.0
2025-11-13,T_MKHLW-1,SP Renewables (UK) Limited,1.5,125.0
2025-11-13,T_MOWEO-1,Moray Offshore Wind East Ltd,5212.5,341694.0
2025-11-13,T_MOWEO-2,Moray Offshore Wind East Ltd,4203.3,289363.0
2025-11-13,T_MOWEO-3,Moray Offshore Wind East Ltd,3588.5,261003.0
2025-11-13,T_MOWWO-1,Moray Offshore Wind West Ltd,2941.5,107584.0
2025-11-13,T_MOWWO-2,Moray Offshore Wind West Ltd,3331.5,121638.0
2025-11-13,T_MOWWO-3,Moray Offshore Wind West Ltd,405.5,15171.0
2025-11-13,T_MOWWO-4,Moray Offshore Wind West Ltd,554.8,25199.0
2025-11-13,T_SAKNW-1,Sandy Knowe Wind Farm Ltd,122.1,4883.0
2025-11-13,T_SGRWO-1,Seagreen Wind Energy Limited,3898.6,66822.0
2025-11-13,T_SGRWO-2,Seagreen Wind Energy Limited,1215.2,20828.0
2025-11-13,T_SGRWO-3,Seagreen Wind Energy Limited,2739.1,46948.0
2025-11-13,T_SGRWO-4,Seagreen Wind Energy Limited,1642.0,28143.0
2025-11-13,T_SGRWO-5,Seagreen Wind Energy Limited,1252.1,21461.0
2025-11-13,T_SGRWO-6,Seagreen Wind Energy Limited,4973.9,85253.0
2025-11-13,T_SOKYW-1,South Kyle Wind Farm Limited,1047.0,31411.0
2025-11-13,T_STLGW-1,Stronelairg Windfarm Limited,300.1,26894.0
2025-11-13,T_STLGW-2,Stronelairg Windfarm Limited,164.9,14780.0
2025-11-13,T_STLGW-3,Stronelairg Windfarm Limited,363.5,32572.0
2025-11-13,T_STRNW-1,Strathy Wind Farm Limited,180.4,15406.0
2025-11-13,T_TWSHW-1,Twentyshilling Limited,237.0,6824.0
2025-11-13,T_VKNGW-1,Viking Energy Wind Farm LLP,1853.1,20292.0
2025-11-13,T_VKNGW-2,Viking Energy Wind Farm LLP,1900.2,20807.0
2025-11-13,T_VKNGW-3,Viking Energy Wind Farm LLP,1797.2,19680.0
2025-11-13,T_VKNGW-4,Viking Energy Wind Farm LLP,1911.3,20929.0
2025-11-13,T_WDRGW-1,Windy Rig Wind Farm Limited,316.5,9290.0
2025-11-14,E_BTUIW-3,SP Renewables (UK) Limited,712.7,5346.0
2025-11-14,T_BROCW-1,Smartestenergy Limited,58.4,2278.0
2025-11-14,T_CLDCW-1,Clyde Windfarm (Scotland) Ltd,39.9,3860.0
2025-11-14,T_CLDNW-1,Clyde Windfarm (Scotland) Ltd,26.2,2407.0
2025-11-14,T_CLDSW-1,Clyde Windfarm (Scotland) Ltd,9.1,870.0
2025-11-14,T_CRDEW-1,EDF Energy Customers Limited,20.9,1127.0
2025-11-14,T_CRDEW-2,EDF Energy Customers Limited,20.9,1127.0
2025-11-14,T_CREAW-1,Creag Riabhach Wind Farm Ltd,16.4,882.0
2025-11-14,T_CUMHW-1,Uniper UK Limited,99.0,2288.0
2025-11-14,T_DRSLW-1,SP Renewables (UK) Limited,120.3,9149.0
2025-11-14,T_GNAPW-1,SP Renewables (UK) Limited,18.1,1380.0
2025-11-14,T_GORDW-2,SSE Generation Ltd,258.7,1941.0
2025-11-14,T_HALSW-1,SP Renewables (UK) Limited,195.4,1713.0
2025-11-14,T_KENNW-1,Kennoxhead Wind Farm Limited,104.4,3376.0
2025-11-14,T_KYPEW-1,Kype Extension Wind Farm Ltd,116.9,3039.0
2025-11-14,T_LIMKW-1,Limekiln Extension Ltd,274.7,10988.0
2025-11-14,T_MOWEO-1,Moray Offshore Wind East Ltd,2066.3,117071.0
2025-11-14,T_MOWEO-2,Moray Offshore Wind East Ltd,1660.2,95948.0
2025-11-14,T_MOWEO-3,Moray Offshore Wind East Ltd,1871.6,107882.0
2025-11-14,T_MOWWO-1,Moray Offshore Wind West Ltd,1592.0,56565.0
2025-11-14,T_MOWWO-2,Moray Offshore Wind West Ltd,1797.7,64038.0
2025-11-14,T_MOWWO-3,Moray Offshore Wind West Ltd,358.7,12724.0
2025-11-14,T_MOWWO-4,Moray Offshore Wind West Ltd,545.9,24795.0
2025-11-14,T_SAKNW-1,Sandy Knowe Wind Farm Ltd,281.0,11241.0
2025-11-14,T_SGRWO-1,Seagreen Wind Energy Limited,3081.4,52815.0
2025-11-14,T_SGRWO-2,Seagreen Wind Energy Limited,836.7,14342.0
2025-11-14,T_SGRWO-3,Seagreen Wind Energy Limited,1868.2,32020.0
2025-11-14,T_SGRWO-4,Seagreen Wind Energy Limited,1252.1,21461.0
2025-11-14,T_SGRWO-5,Seagreen Wind Energy Limited,981.9,16829.0
2025-11-14,T_SGRWO-6,Seagreen Wind Energy Limited,3844.5,65895.0
2025-11-14,T_SOKYW-1,South Kyle Wind Farm Limited,1385.6,41567.0
2025-11-14,T_TWSHW-1,Twentyshilling Limited,333.7,9608.0
2025-11-14,T_VKNGW-1,Viking Energy Wind Farm LLP,570.9,6251.0
2025-11-14,T_VKNGW-2,Viking Energy Wind Farm LLP,591.6,6478.0
2025-11-14,T_VKNGW-3,Viking Energy Wind Farm LLP,590.6,6467.0
2025-11-14,T_VKNGW-4,Viking Energy Wind Farm LLP,760.4,8326.0
2025-11-14,T_WDRGW-1,Windy Rig Wind Farm Limited,301.5,8849.0
2025-11-15,E_BTUIW-3,SP Renewables (UK) Limited,219.0,1643.0
2025-11-15,T_BROCW-1,Smartestenergy Limited,71.8,2799.0
2025-11-15,T_CRDEW-1,EDF Energy Customers Limited,11.9,641.0
2025-11-15,T_CRDEW-2,EDF Energy Customers Limited,11.9,641.0
2025-11-15,T_CREAW-1,Creag Riabhach Wind Farm Ltd,6.8,365.0
2025-11-15,T_CUMHW-1,Uniper UK Limited,121.2,2801.0
2025-11-15,T_DRSLW-1,SP Renewables (UK) Limited,134.5,10234.0
2025-11-15,T_GNAPW-1,SP Renewables (UK) Limited,29.4,2239.0
2025-11-15,T_GORDW-2,SSE Generation Ltd,98.6,744.0
2025-11-15,T_HALSW-1,SP Renewables (UK) Limited,16.9,149.0
2025-11-15,T_KENNW-1,Kennoxhead Wind Farm Limited,174.0,5981.0
2025-11-15,T_KYPEW-1,Kype Extension Wind Farm Ltd,161.5,4200.0
2025-11-15,T_LIMKW-1,Limekiln Extension Ltd,31.8,1274.0
2025-11-15,T_MOWEO-1,Moray Offshore Wind East Ltd,237.5,19640.0
2025-11-15,T_MOWEO-2,Moray Offshore Wind East Ltd,155.1,12776.0
2025-11-15,T_MOWEO-3,Moray Offshore Wind East Ltd,91.8,7501.0
2025-11-15,T_MOWWO-1,Moray Offshore Wind West Ltd,179.9,6686.0
2025-11-15,T_MOWWO-2,Moray Offshore Wind West Ltd,278.0,10349.0
2025-11-15,T_MOWWO-3,Moray Offshore Wind West Ltd,67.9,2528.0
2025-11-15,T_MOWWO-4,Moray Offshore Wind West Ltd,133.4,6058.0
2025-11-15,T_SAKNW-1,Sandy Knowe Wind Farm Ltd,564.6,22585.0
2025-11-15,T_SGRWO-1,Seagreen Wind Energy Limited,1509.4,25872.0
2025-11-15,T_SGRWO-2,Seagreen Wind Energy Limited,425.4,7291.0
2025-11-15,T_SGRWO-3,Seagreen Wind Energy Limited,897.1,15376.0
2025-11-15,T_SGRWO-4,Seagreen Wind Energy Limited,713.6,12232.0
2025-11-15,T_SGRWO-5,Seagreen Wind Energy Limited,426.9,7317.0
2025-11-15,T_SGRWO-6,Seagreen Wind Energy Limited,2414.2,41379.0
2025-11-15,T_SOKYW-1,South Kyle Wind Farm Limited,1444.6,43338.0
2025-11-15,T_TWSHW-1,Twentyshilling Limited,114.0,3283.0
2025-11-15,T_VKNGW-1,Viking Energy Wind Farm LLP,7.3,80.0
2025-11-15,T_VKNGW-2,Viking Energy Wind Farm LLP,8.8,97.0
2025-11-15,T_VKNGW-3,Viking Energy Wind Farm LLP,6.1,67.0
2025-11-15,T_VKNGW-4,Viking Energy Wind Farm LLP,8.0,88.0
2025-11-15,T_WDRGW-1,Windy Rig Wind Farm Limited,152.3,4470.0
2025-11-16,T_DOREW-1,Dorenell Windfarm Limited,560.2,25384.0
2025-11-16,T_DOREW-2,Dorenell Windfarm Limited,383.8,16885.0
2025-11-16,T_GORDW-2,SSE Generation Ltd,246.9,1862.0
2025-11-16,T_HALSW-1,SP Renewables (UK) Limited,363.8,3190.0
2025-11-16,T_LIMKW-1,Limekiln Extension Ltd,236.1,9445.0
2025-11-16,T_MOWEO-1,Moray Offshore Wind East Ltd,1422.3,75742.0
2025-11-16,T_MOWEO-2,Moray Offshore Wind East Ltd,2159.7,98037.0
2025-11-16,T_MOWEO-3,Moray Offshore Wind East Ltd,2668.6,111517.0
2025-11-16,T_MOWWO-1,Moray Offshore Wind West Ltd,1929.5,65520.0
2025-11-16,T_MOWWO-2,Moray Offshore Wind West Ltd,1955.4,66320.0
2025-11-16,T_MOWWO-3,Moray Offshore Wind West Ltd,359.1,12168.0
2025-11-16,T_MOWWO-4,Moray Offshore Wind West Ltd,224.3,10189.0
2025-11-16,T_SGRWO-1,Seagreen Wind Energy Limited,1505.4,25802.0
2025-11-16,T_SGRWO-3,Seagreen Wind Energy Limited,382.6,6557.0
2025-11-16,T_SGRWO-4,Seagreen Wind Energy Limited,341.3,5850.0
2025-11-16,T_SGRWO-5,Seagreen Wind Energy Limited,67.3,1154.0
2025-11-16,T_SGRWO-6,Seagreen Wind Energy Limited,3526.9,60451.0
2025-11-16,T_VKNGW-1,Viking Energy Wind Farm LLP,1609.5,17688.0
2025-11-16,T_VKNGW-2,Viking Energy Wind Farm LLP,1430.8,15724.0
2025-11-16,T_VKNGW-3,Viking Energy Wind Farm LLP,1264.9,13901.0
2025-11-16,T_VKNGW-4,Viking Energy Wind Farm LLP,1339.5,14721.0
2025-11-17,C__PSTAT011,Statkraft Markets Gmbh,16.1,1092.0
2025-11-17,T_CREAW-1,Creag Riabhach Wind Farm Ltd,53.6,2876.0
2025-11-17,T_DOREW-1,Dorenell Windfarm Limited,334.0,22876.0
2025-11-17,T_DOREW-2,Dorenell Windfarm Limited,241.7,16392.0
2025-11-17,T_GORDW-2,SSE Generation Ltd,121.7,917.0
2025-11-17,T_HALSW-1,SP Renewables (UK) Limited,106.6,935.0
2025-11-17,T_LARYW-1,London Array Limited,239.0,42970.0
2025-11-17,T_LARYW-2,London Array Limited,0.3,54.0
2025-11-17,T_LIMKW-1,Limekiln Extension Ltd,206.5,8259.0
2025-11-17,T_MOWEO-1,Moray Offshore Wind East Ltd,1530.6,102486.0
2025-11-17,T_MOWEO-2,Moray Offshore Wind East Ltd,799.9,53541.0
2025-11-17,T_MOWEO-3,Moray Offshore Wind East Ltd,1088.1,74170.0
2025-11-17,T_MOWWO-1,Moray Offshore Wind West Ltd,406.0,14817.0
2025-11-17,T_MOWWO-2,Moray Offshore Wind West Ltd,867.8,31674.0
2025-11-17,T_MOWWO-3,Moray Offshore Wind West Ltd,148.9,5437.0
2025-11-17,T_MOWWO-4,Moray Offshore Wind West Ltd,292.4,13280.0
2025-11-17,T_SGRWO-1,Seagreen Wind Energy Limited,319.8,5481.0
2025-11-17,T_SGRWO-3,Seagreen Wind Energy Limited,569.1,9755.0
2025-11-17,T_SGRWO-4,Seagreen Wind Energy Limited,237.3,4067.0
2025-11-17,T_SGRWO-6,Seagreen Wind Energy Limited,2679.1,45920.0
2025-11-17,T_VKNGW-1,Viking Energy Wind Farm LLP,495.4,5444.0
2025-11-17,T_VKNGW-2,Viking Energy Wind Farm LLP,520.6,5721.0
2025-11-17,T_VKNGW-3,Viking Energy Wind Farm LLP,497.1,5463.0
2025-11-17,T_VKNGW-4,Viking Energy Wind Farm LLP,576.1,6332.0
2025-11-18,C__PSTAT011,Statkraft Markets Gmbh,64.5,4386.0
2025-11-18,E_BABAW-1,Statkraft Markets Gmbh,88.5,7258.0
2025-11-18,E_MOYEW-1,Eneco Energy Trade,67.7,6297.0
2025-11-18,T_BEATO-1,Beatrice Offshore Windfarm Ltd,192.8,20271.0
2025-11-18,T_BEATO-2,Beatrice Offshore Windfarm Ltd,114.8,12055.0
2025-11-18,T_BEINW-1,Beinneun Wind Farm Ltd,149.9,14687.0
2025-11-18,T_BHLAW-1,SSE Generation Ltd,293.9,24690.0
2025-11-18,T_CREAW-1,Creag Riabhach Wind Farm Ltd,246.2,13223.0
2025-11-18,T_CRMLW-1,EDF Energy Customers Limited,35.7,2986.0
2025-11-18,T_DOREW-1,Dorenell Windfarm Limited,81.0,3757.0
2025-11-18,T_DOREW-2,Dorenell Windfarm Limited,64.8,3009.0
2025-11-18,T_DUNGW-1,Dunmaglass Wind Farm Limited,163.6,14620.0
2025-11-18,T_GLNKW-1,EDF Energy Customers Limited,35.7,2624.0
2025-11-18,T_GORDW-1,SSE Generation Ltd,64.3,5526.0
2025-11-18,T_GORDW-2,SSE Generation Ltd,199.0,1501.0
2025-11-18,T_HALSW-1,SP Renewables (UK) Limited,228.1,2000.0
2025-11-18,T_LCLTW-1,Eneco Energy Trade,89.4,8315.0
2025-11-18,T_LIMKW-1,Limekiln Extension Ltd,484.9,19394.0
2025-11-18,T_MOWEO-1,Moray Offshore Wind East Ltd,2620.2,76496.0
2025-11-18,T_MOWEO-2,Moray Offshore Wind East Ltd,2456.2,71935.0
2025-11-18,T_MOWEO-3,Moray Offshore Wind East Ltd,2624.8,77120.0
2025-11-18,T_MOWWO-1,Moray Offshore Wind West Ltd,1008.9,33031.0
2025-11-18,T_MOWWO-2,Moray Offshore Wind West Ltd,1091.0,35845.0
2025-11-18,T_MOWWO-3,Moray Offshore Wind West Ltd,92.2,3009.0
2025-11-18,T_MOWWO-4,Moray Offshore Wind West Ltd,203.7,9254.0
2025-11-18,T_SGRWO-1,Seagreen Wind Energy Limited,1314.1,22300.0
2025-11-18,T_SGRWO-2,Seagreen Wind Energy Limited,446.4,7575.0
2025-11-18,T_SGRWO-3,Seagreen Wind Energy Limited,893.7,15166.0
2025-11-18,T_SGRWO-4,Seagreen Wind Energy Limited,744.7,12637.0
2025-11-18,T_SGRWO-5,Seagreen Wind Energy Limited,447.7,7597.0
2025-11-18,T_SGRWO-6,Seagreen Wind Energy Limited,1821.4,30910.0
2025-11-18,T_SOKYW-1,South Kyle Wind Farm Limited,113.7,3412.0
2025-11-18,T_STLGW-1,Stronelairg Windfarm Limited,215.4,19311.0
2025-11-18,T_STLGW-2,Stronelairg Windfarm Limited,181.0,16230.0
2025-11-18,T_STLGW-3,Stronelairg Windfarm Limited,183.5,16447.0
2025-11-18,T_VKNGW-1,Viking Energy Wind Farm LLP,911.8,10021.0
2025-11-18,T_VKNGW-2,Viking Energy Wind Farm LLP,992.8,10911.0
2025-11-18,T_VKNGW-3,Viking Energy Wind Farm LLP,891.7,9800.0
2025-11-18,T_VKNGW-4,Viking Energy Wind Farm LLP,935.9,10286.0
2025-11-19,T_DOREW-1,Dorenell Windfarm Limited,1542.6,56534.0
2025-11-19,T_DOREW-2,Dorenell Windfarm Limited,1109.4,40787.0
2025-11-19,T_GORDW-2,SSE Generation Ltd,689.1,5195.0
2025-11-19,T_GRGBW-2,Greater Gabbard Offshore Winds,13.2,2192.0
2025-11-19,T_GRGBW-3,Greater Gabbard Offshore Winds,86.6,14369.0
2025-11-19,T_HALSW-1,SP Renewables (UK) Limited,619.8,5436.0
2025-11-19,T_LIMKW-1,Limekiln Extension Ltd,1552.2,62089.0
2025-11-19,T_MOWEO-1,Moray Offshore Wind East Ltd,6189.3,250499.0
2025-11-19,T_MOWEO-2,Moray Offshore Wind East Ltd,4445.4,166202.0
2025-11-19,T_MOWEO-3,Moray Offshore Wind East Ltd,2682.8,112842.0
2025-11-19,T_MOWWO-1,Moray Offshore Wind West Ltd,1969.5,66396.0
2025-11-19,T_MOWWO-2,Moray Offshore Wind West Ltd,2172.4,73629.0
2025-11-19,T_MOWWO-3,Moray Offshore Wind West Ltd,201.1,6909.0
2025-11-19,T_MOWWO-4,Moray Offshore Wind West Ltd,384.2,17453.0
2025-11-19,T_SGRWO-1,Seagreen Wind Energy Limited,4886.1,82916.0
2025-11-19,T_SGRWO-2,Seagreen Wind Energy Limited,1584.3,26885.0
2025-11-19,T_SGRWO-3,Seagreen Wind Energy Limited,3131.9,53148.0
2025-11-19,T_SGRWO-4,Seagreen Wind Energy Limited,2564.3,43517.0
2025-11-19,T_SGRWO-5,Seagreen Wind Energy Limited,1579.5,26804.0
2025-11-19,T_SGRWO-6,Seagreen Wind Energy Limited,7409.0,125730.0
2025-11-19,T_VKNGW-1,Viking Energy Wind Farm LLP,2401.2,26389.0
2025-11-19,T_VKNGW-2,Viking Energy Wind Farm LLP,2447.4,26897.0
2025-11-19,T_VKNGW-3,Viking Energy Wind Farm LLP,2340.7,25724.0
2025-11-19,T_VKNGW-4,Viking Energy Wind Farm LLP,2451.0,26936.0
2025-11-20,T_DOREW-1,Dorenell Windfarm Limited,512.5,23353.0
2025-11-20,T_DOREW-2,Dorenell Windfarm Limited,365.5,16948.0
2025-11-20,T_GORDW-2,SSE Generation Ltd,342.7,2584.0
2025-11-20,T_HALSW-1,SP Renewables (UK) Limited,388.2,3404.0
2025-11-20,T_LIMKW-1,Limekiln Extension Ltd,454.4,18177.0
2025-11-20,T_MOWEO-1,Moray Offshore Wind East Ltd,2836.3,112224.0
2025-11-20,T_MOWEO-2,Moray Offshore Wind East Ltd,1139.9,41870.0
2025-11-20,T_MOWEO-3,Moray Offshore Wind East Ltd,751.9,24508.0
2025-11-20,T_MOWWO-1,Moray Offshore Wind West Ltd,1383.6,46761.0
2025-11-20,T_MOWWO-2,Moray Offshore Wind West Ltd,1029.4,34736.0
2025-11-20,T_MOWWO-3,Moray Offshore Wind West Ltd,16.9,574.0
2025-11-20,T_MOWWO-4,Moray Offshore Wind West Ltd,17.5,795.0
2025-11-20,T_SGRWO-1,Seagreen Wind Energy Limited,3111.0,52794.0
2025-11-20,T_SGRWO-2,Seagreen Wind Energy Limited,811.6,13772.0
2025-11-20,T_SGRWO-3,Seagreen Wind Energy Limited,1876.9,31851.0
2025-11-20,T_SGRWO-4,Seagreen Wind Energy Limited,1625.6,27586.0
2025-11-20,T_SGRWO-5,Seagreen Wind Energy Limited,843.3,14310.0
2025-11-20,T_SGRWO-6,Seagreen Wind Energy Limited,5054.3,85771.0
2025-11-20,T_VKNGW-1,Viking Energy Wind Farm LLP,1377.0,15133.0
2025-11-20,T_VKNGW-2,Viking Energy Wind Farm LLP,1491.4,16391.0
2025-11-20,T_VKNGW-3,Viking Energy Wind Farm LLP,1372.3,15082.0
2025-11-20,T_VKNGW-4,Viking Energy Wind Farm LLP,1532.7,16844.0
2025-11-21,E_BTUIW-3,SP Renewables (UK) Limited,185.8,1393.0
2025-11-21,T_BDCHW-1,RWE Generation UK plc,30.7,733.0
2025-11-21,T_CUMHW-1,Uniper UK Limited,64.5,1490.0
2025-11-21,T_DOREW-1,Dorenell Windfarm Limited,596.0,3137.0
2025-11-21,T_DOREW-2,Dorenell Windfarm Limited,513.2,3264.0
2025-11-21,T_GORDW-2,SSE Generation Ltd,75.8,572.0
2025-11-21,T_HALSW-1,SP Renewables (UK) Limited,210.8,1849.0
2025-11-21,T_KPMRW-1,OnPath Energy Limited,239.2,1245.0
2025-11-21,T_MIDMW-1,OnPath Energy Limited,86.0,260.0
2025-11-21,T_MOWEO-1,Moray Offshore Wind East Ltd,3148.2,36121.0
2025-11-21,T_MOWEO-2,Moray Offshore Wind East Ltd,2635.8,25648.0
2025-11-21,T_MOWEO-3,Moray Offshore Wind East Ltd,2907.9,35176.0
2025-11-21,T_MOWWO-1,Moray Offshore Wind West Ltd,342.6,8144.0
2025-11-21,T_MOWWO-2,Moray Offshore Wind West Ltd,412.8,9593.0
2025-11-21,T_NNGAO-1,Neart Na Gaoithe Offshore Wind,77.1,2083.0
2025-11-21,T_NNGAO-2,Neart Na Gaoithe Offshore Wind,392.1,11575.0
2025-11-21,T_SGRWO-1,Seagreen Wind Energy Limited,2503.8,42489.0
2025-11-21,T_SGRWO-2,Seagreen Wind Energy Limited,712.1,12085.0
2025-11-21,T_SGRWO-3,Seagreen Wind Energy Limited,1610.2,27325.0
2025-11-21,T_SGRWO-4,Seagreen Wind Energy Limited,1013.3,17195.0
2025-11-21,T_SGRWO-5,Seagreen Wind Energy Limited,814.2,13817.0
2025-11-21,T_SGRWO-6,Seagreen Wind Energy Limited,2943.2,49946.0
2025-11-21,T_VKNGW-1,Viking Energy Wind Farm LLP,1142.8,12557.0
2025-11-21,T_VKNGW-2,Viking Energy Wind Farm LLP,1274.6,14006.0
2025-11-21,T_VKNGW-3,Viking Energy Wind Farm LLP,1145.0,12581.0
2025-11-21,T_VKNGW-4,Viking Energy Wind Farm LLP,1144.6,12578.0
2025-11-22,T_CRYRW-2,Eneco Energy Trade,6.7,563.0
2025-11-22,T_CRYRW-3,Eneco Energy Trade,1.1,85.0
2025-11-22,T_FALGW-1,Fallago Rig Wind Farm Limited,18.5,1583.0
2025-11-22,T_MOWEO-1,Moray Offshore Wind East Ltd,1.5,64.0
2025-11-22,T_MOWEO-2,Moray Offshore Wind East Ltd,1.9,77.0
2025-11-22,T_MOWEO-3,Moray Offshore Wind East Ltd,0.6,23.0
2025-11-22,T_NNGAO-1,Neart Na Gaoithe Offshore Wind,13.2,1240.0
2025-11-22,T_NNGAO-2,Neart Na Gaoithe Offshore Wind,15.5,1461.0
2025-11-22,T_SGRWO-1,Seagreen Wind Energy Limited,112.5,1909.0
2025-11-22,T_SGRWO-2,Seagreen Wind Energy Limited,30.5,518.0
2025-11-22,T_SGRWO-3,Seagreen Wind Energy Limited,139.1,2361.0
2025-11-22,T_SGRWO-5,Seagreen Wind Energy Limited,35.4,601.0
2025-11-22,T_VKNGW-1,Viking Energy Wind Farm LLP,1.0,10.0
2025-11-22,T_VKNGW-2,Viking Energy Wind Farm LLP,1.0,11.0
2025-11-22,T_VKNGW-3,Viking Energy Wind Farm LLP,0.4,4.0
2025-11-22,T_VKNGW-4,Viking Energy Wind Farm LLP,0.4,4.0
2025-11-23,T_CREAW-1,Creag Riabhach Wind Farm Ltd,4.6,249.0
2025-11-23,T_GORDW-2,SSE Generation Ltd,178.4,1338.0
2025-11-23,T_HALSW-1,SP Renewables (UK) Limited,206.2,1808.0
2025-11-23,T_MOWEO-3,Moray Offshore Wind East Ltd,586.3,25861.0
2025-11-23,T_MOWWO-1,Moray Offshore Wind West Ltd,562.4,20117.0
2025-11-23,T_MOWWO-2,Moray Offshore Wind West Ltd,811.8,29142.0
2025-11-23,T_MOWWO-3,Moray Offshore Wind West Ltd,114.1,4125.0
2025-11-23,T_MOWWO-4,Moray Offshore Wind West Ltd,45.6,2072.0
2025-11-23,T_SGRWO-1,Seagreen Wind Energy Limited,1135.7,19273.0
2025-11-23,T_SGRWO-2,Seagreen Wind Energy Limited,301.9,5123.0
2025-11-23,T_SGRWO-3,Seagreen Wind Energy Limited,744.6,12636.0
2025-11-23,T_SGRWO-4,Seagreen Wind Energy Limited,699.4,11869.0
2025-11-23,T_SGRWO-5,Seagreen Wind Energy Limited,385.7,6545.0
2025-11-23,T_SGRWO-6,Seagreen Wind Energy Limited,2188.2,37134.0
2025-11-23,T_VKNGW-1,Viking Energy Wind Farm LLP,476.3,5216.0
2025-11-23,T_VKNGW-2,Viking Energy Wind Farm LLP,532.5,5831.0
2025-11-23,T_VKNGW-3,Viking Energy Wind Farm LLP,495.3,5424.0
2025-11-23,T_VKNGW-4,Viking Energy Wind Farm LLP,507.6,5558.0
2025-11-24,E_BLARW-1,Erova Energy Limited,8.0,290.0
2025-11-24,E_BTUIW-3,SP Renewables (UK) Limited,151.4,1136.0
2025-11-24,T_BENBW-1,Benbrack Wind Farm Limited,138.0,4141.0
2025-11-24,T_BROCW-1,Smartestenergy Limited,69.2,2700.0
2025-11-24,T_CRDEW-1,EDF Energy Customers Limited,5.7,306.0
2025-11-24,T_CRDEW-2,EDF Energy Customers Limited,5.5,298.0
2025-11-24,T_CREAW-1,Creag Riabhach Wind Farm Ltd,198.9,10680.0
2025-11-24,T_CUMHW-1,Uniper UK Limited,160.9,3721.0
2025-11-24,T_DOREW-1,Dorenell Windfarm Limited,27.1,1035.0
2025-11-24,T_DOREW-2,Dorenell Windfarm Limited,19.2,715.0
2025-11-24,T_DOUGW-1,Erova Energy Limited,102.8,3083.0
2025-11-24,T_GORDW-2,SSE Generation Ltd,410.4,3078.0
2025-11-24,T_GRGBW-1,Greater Gabbard Offshore Winds,1.6,263.0
2025-11-24,T_GRGBW-2,Greater Gabbard Offshore Winds,1.6,271.0
2025-11-24,T_GRGBW-3,Greater Gabbard Offshore Winds,2.0,328.0
2025-11-24,T_HALSW-1,SP Renewables (UK) Limited,359.5,3153.0
2025-11-24,T_KENNW-1,Kennoxhead Wind Farm Limited,169.8,5335.0
2025-11-24,T_KYPEW-1,Kype Extension Wind Farm Ltd,167.4,4353.0
2025-11-24,T_LIMKW-1,Limekiln Extension Ltd,197.5,7900.0
2025-11-24,T_MOWEO-1,Moray Offshore Wind East Ltd,4317.4,145448.0
2025-11-24,T_MOWEO-2,Moray Offshore Wind East Ltd,3926.9,148535.0
2025-11-24,T_MOWEO-3,Moray Offshore Wind East Ltd,1915.2,88394.0
2025-11-24,T_MOWWO-1,Moray Offshore Wind West Ltd,1630.7,56314.0
2025-11-24,T_MOWWO-2,Moray Offshore Wind West Ltd,1812.7,62204.0
2025-11-24,T_MOWWO-3,Moray Offshore Wind West Ltd,245.2,8565.0
2025-11-24,T_MOWWO-4,Moray Offshore Wind West Ltd,162.7,7390.0
2025-11-24,T_SGRWO-1,Seagreen Wind Energy Limited,2524.5,42840.0
2025-11-24,T_SGRWO-2,Seagreen Wind Energy Limited,721.2,12238.0
2025-11-24,T_SGRWO-3,Seagreen Wind Energy Limited,1848.8,31373.0
2025-11-24,T_SGRWO-4,Seagreen Wind Energy Limited,1433.8,24331.0
2025-11-24,T_SGRWO-5,Seagreen Wind Energy Limited,811.8,13776.0
2025-11-24,T_SGRWO-6,Seagreen Wind Energy Limited,4485.6,76121.0
2025-11-24,T_SOKYW-1,South Kyle Wind Farm Limited,15.8,473.0
2025-11-24,T_VKNGW-1,Viking Energy Wind Farm LLP,1097.9,12022.0
2025-11-24,T_VKNGW-2,Viking Energy Wind Farm LLP,1214.9,13304.0
2025-11-24,T_VKNGW-3,Viking Energy Wind Farm LLP,1066.0,11673.0
2025-11-24,T_VKNGW-4,Viking Energy Wind Farm LLP,1184.0,12965.0
2025-11-25,T_HOWBO-1,Breesea Limited,585.9,0.0
2025-11-25,T_HOWBO-2,Sonningmay Wind Limited,669.1,0.0
2025-11-25,T_HOWBO-3,Soundmark Wind Limited,544.5,0.0
2025-11-25,T_SGRWO-2,Seagreen Wind Energy Limited,10.6,181.0
2025-11-26,C__PSTAT011,Statkraft Markets Gmbh,94.9,6455.0
2025-11-26,E_BABAW-1,Statkraft Markets Gmbh,12.7,1042.0
2025-11-26,E_BLARW-1,Erova Energy Limited,38.0,1097.0
2025-11-26,E_BTUIW-2,SP Renewables (UK) Limited,24.7,2083.0
2025-11-26,E_BTUIW-3,SP Renewables (UK) Limited,58.3,437.0
2025-11-26,E_GRGRW-1,Evolve Energy Supply Limited,89.4,6258.0
2025-11-26,E_HRHLW-1,SP Renewables (UK) Limited,32.5,2470.0
2025-11-26,E_MOYEW-1,Eneco Energy Trade,11.1,1031.0
2025-11-26,T_ARCHW-1,SP Renewables (UK) Limited,76.4,6446.0
2025-11-26,T_BENBW-1,Benbrack Wind Farm Limited,44.6,1339.0
2025-11-26,T_BHLAW-1,SSE Generation Ltd,136.3,11441.0
2025-11-26,T_BLLA-1,SP Renewables (UK) Limited,62.9,5339.0
2025-11-26,T_BLLA-2,SP Renewables (UK) Limited,64.2,4886.0
2025-11-26,T_BROCW-1,Smartestenergy Limited,41.8,1629.0
2025-11-26,T_CRDEW-1,EDF Energy Customers Limited,38.7,2090.0
2025-11-26,T_CRDEW-2,EDF Energy Customers Limited,38.7,2090.0
2025-11-26,T_CREAW-1,Creag Riabhach Wind Farm Ltd,74.5,4000.0
2025-11-26,T_CRGHW-1,Statkraft Markets Gmbh,48.2,3713.0
2025-11-26,T_CRMLW-1,EDF Energy Customers Limited,104.4,8722.0
2025-11-26,T_CRYRW-2,Eneco Energy Trade,140.2,11859.0
2025-11-26,T_CRYRW-3,Eneco Energy Trade,22.4,1716.0
2025-11-26,T_CUMHW-1,Uniper UK Limited,55.2,1277.0
2025-11-26,T_DOREW-1,Dorenell Windfarm Limited,1076.2,22339.0
2025-11-26,T_DOREW-2,Dorenell Windfarm Limited,813.3,15647.0
2025-11-26,T_DOUGW-1,Erova Energy Limited,41.7,1250.0
2025-11-26,T_DRSLW-1,SP Renewables (UK) Limited,75.8,5766.0
2025-11-26,T_DUNGW-1,Dunmaglass Wind Farm Limited,75.7,6764.0
2025-11-26,T_EDINW-1,Vattenfall Wind Power Ltd,10.6,1161.0
2025-11-26,T_FALGW-1,Fallago Rig Wind Farm Limited,113.1,9664.0
2025-11-26,T_GLNKW-1,EDF Energy Customers Limited,80.1,5877.0
2025-11-26,T_GLWSW-1,GALAWHISTLE WIND FARM,34.8,3099.0
2025-11-26,T_GORDW-1,SSE Generation Ltd,22.0,1888.0
2025-11-26,T_GORDW-2,SSE Generation Ltd,205.8,1543.0
2025-11-26,T_HALSW-1,SP Renewables (UK) Limited,404.7,3549.0
2025-11-26,T_HRSTW-1,SP Renewables (UK) Limited,88.5,7501.0
2025-11-26,T_KENNW-1,Kennoxhead Wind Farm Limited,81.0,2544.0
2025-11-26,T_KPMRW-1,OnPath Energy Limited,126.7,8507.0
2025-11-26,T_KYPEW-1,Kype Extension Wind Farm Ltd,87.8,2283.0
2025-11-26,T_LCLTW-1,Eneco Energy Trade,168.3,15655.0
2025-11-26,T_LIMKW-1,Limekiln Extension Ltd,31.2,1249.0
2025-11-26,T_MIDMW-1,OnPath Energy Limited,59.4,3993.0
2025-11-26,T_MKHLW-1,SP Renewables (UK) Limited,15.1,1273.0
2025-11-26,T_MOWEO-1,Moray Offshore Wind East Ltd,3314.5,70308.0
2025-11-26,T_MOWEO-2,Moray Offshore Wind East Ltd,2081.3,42292.0
2025-11-26,T_MOWEO-3,Moray Offshore Wind East Ltd,2456.6,51931.0
2025-11-26,T_MOWWO-1,Moray Offshore Wind West Ltd,1862.8,57061.0
2025-11-26,T_MOWWO-2,Moray Offshore Wind West Ltd,1597.2,51160.0
2025-11-26,T_MOWWO-3,Moray Offshore Wind West Ltd,369.7,11599.0
2025-11-26,T_MOWWO-4,Moray Offshore Wind West Ltd,255.0,11584.0
2025-11-26,T_MYGPW-1,Minnygap Energy Limited,15.7,1332.0
2025-11-26,T_SAKNW-1,Sandy Knowe Wind Farm Ltd,98.8,3953.0
2025-11-26,T_SANQW-1,SANQUHAR CWCL,29.8,2665.0
2025-11-26,T_SGRWO-1,Seagreen Wind Energy Limited,3718.4,63324.0
2025-11-26,T_SGRWO-2,Seagreen Wind Energy Limited,1030.3,17547.0
2025-11-26,T_SGRWO-3,Seagreen Wind Energy Limited,2514.3,42818.0
2025-11-26,T_SGRWO-4,Seagreen Wind Energy Limited,2092.8,35640.0
2025-11-26,T_SGRWO-5,Seagreen Wind Energy Limited,1006.4,17138.0
2025-11-26,T_SGRWO-6,Seagreen Wind Energy Limited,5649.9,96217.0
2025-11-26,T_SOKYW-1,South Kyle Wind Farm Limited,235.5,7065.0
2025-11-26,T_STLGW-1,Stronelairg Windfarm Limited,67.4,6043.0
2025-11-26,T_STLGW-2,Stronelairg Windfarm Limited,77.9,6977.0
2025-11-26,T_STLGW-3,Stronelairg Windfarm Limited,62.0,5557.0
2025-11-26,T_TWSHW-1,Twentyshilling Limited,67.5,1944.0
2025-11-26,T_VKNGW-1,Viking Energy Wind Farm LLP,1484.3,16253.0
2025-11-26,T_VKNGW-2,Viking Energy Wind Farm LLP,1487.8,16291.0
2025-11-26,T_VKNGW-3,Viking Energy Wind Farm LLP,1383.0,15144.0
2025-11-26,T_VKNGW-4,Viking Energy Wind Farm LLP,1410.8,15448.0
2025-11-26,T_WDRGW-1,Windy Rig Wind Farm Limited,53.6,1573.0
2025-11-26,T_WHILW-1,SP Renewables (UK) Limited,250.0,21456.0
2025-11-27,2__PEDGE003,Edgware Energy Limited,70.5,7042.0
2025-11-27,2__PENEC002,Eneco Energy Trade,203.9,18329.0
2025-11-27,2__PSTAT001,Statkraft Markets Gmbh,246.7,20900.0
2025-11-27,C__PSTAT011,Statkraft Markets Gmbh,703.8,47861.0
2025-11-27,E_ABRTW-1,Npower Commercial Gas Limited,16.4,1490.0
2025-11-27,E_ASLVW-1,Npower Commercial Gas Limited,26.4,2405.0
2025-11-27,E_BABAW-1,Statkraft Markets Gmbh,401.2,32895.0
2025-11-27,E_BETHW-1,SP Renewables (UK) Limited,137.9,11645.0
2025-11-27,E_BLARW-1,Erova Energy Limited,292.6,10039.0
2025-11-27,E_BNWKW-1,Eneco Energy Trade,48.7,4528.0
2025-11-27,E_BRDUW-1,Erova Energy Limited,157.6,15448.0
2025-11-27,E_BTUIW-2,SP Renewables (UK) Limited,44.4,3748.0
2025-11-27,E_BTUIW-3,SP Renewables (UK) Limited,881.0,6608.0
2025-11-27,E_CLDRW-1,Vattenfall Energy Trading,87.0,8004.0
2025-11-27,E_CLFLW-1,SP Renewables (UK) Limited,6.8,574.0
2025-11-27,E_CRGTW-1,British Gas Trading Ltd,2.1,289.0
2025-11-27,E_DALSW-1,Mobius Renewables Gen. (GB),4.4,458.0
2025-11-27,E_GRGRW-1,Evolve Energy Supply Limited,652.5,45672.0
2025-11-27,E_HLTWW-1,ScottishPower Energy Retail,44.9,4626.0
2025-11-27,E_HRHLW-1,SP Renewables (UK) Limited,247.3,18812.0
2025-11-27,E_MOYEW-1,Eneco Energy Trade,136.4,12687.0
2025-11-27,E_TULWW-1,Eneco Energy Trade,41.8,3889.0
2025-11-27,E_TULWW-2,Eneco Energy Trade,57.3,5329.0
2025-11-27,T_ARCHW-1,SP Renewables (UK) Limited,353.2,29801.0
2025-11-27,T_BEATO-3,Beatrice Offshore Windfarm Ltd,291.5,43057.0
2025-11-27,T_BEATO-4,Beatrice Offshore Windfarm Ltd,233.7,34533.0
2025-11-27,T_BEINW-1,Beinneun Wind Farm Ltd,163.1,15985.0
2025-11-27,T_BENBW-1,Benbrack Wind Farm Limited,209.4,6282.0
2025-11-27,T_BHLAW-1,SSE Generation Ltd,1527.0,128210.0
2025-11-27,T_BLLA-1,SP Renewables (UK) Limited,743.8,63106.0
2025-11-27,T_BLLA-2,SP Renewables (UK) Limited,566.8,43118.0
2025-11-27,T_BROCW-1,Smartestenergy Limited,386.3,15065.0
2025-11-27,T_CLDCW-1,Clyde Windfarm (Scotland) Ltd,529.5,51260.0
2025-11-27,T_CLDNW-1,Clyde Windfarm (Scotland) Ltd,749.5,68973.0
2025-11-27,T_CLDSW-1,Clyde Windfarm (Scotland) Ltd,476.4,45748.0
2025-11-27,T_CRDEW-1,EDF Energy Customers Limited,289.7,15646.0
2025-11-27,T_CRDEW-2,EDF Energy Customers Limited,229.4,12387.0
2025-11-27,T_CREAW-1,Creag Riabhach Wind Farm Ltd,912.2,48986.0
2025-11-27,T_CRGHW-1,Statkraft Markets Gmbh,495.1,38126.0
2025-11-27,T_CRMLW-1,EDF Energy Customers Limited,553.9,46259.0
2025-11-27,T_CRYRW-2,Eneco Energy Trade,287.7,24336.0
2025-11-27,T_CRYRW-3,Eneco Energy Trade,70.9,5441.0
2025-11-27,T_CUMHW-1,Uniper UK Limited,901.7,20847.0
2025-11-27,T_DNLWW-1,SP Renewables (UK) Limited,129.1,10902.0
2025-11-27,T_DOREW-1,Dorenell Windfarm Limited,2060.4,108663.0
2025-11-27,T_DOREW-2,Dorenell Windfarm Limited,1354.0,75449.0
2025-11-27,T_DOUGW-1,Erova Energy Limited,379.1,11373.0
2025-11-27,T_DRSLW-1,SP Renewables (UK) Limited,622.8,47380.0
2025-11-27,T_DUNGW-1,Dunmaglass Wind Farm Limited,1208.2,107943.0
2025-11-27,T_EDINW-1,Vattenfall Wind Power Ltd,314.0,34540.0
2025-11-27,T_EWHLW-1,SP Renewables (UK) Limited,89.7,6821.0
2025-11-27,T_FALGW-1,Fallago Rig Wind Farm Limited,1568.5,134063.0
2025-11-27,T_FARR-1,Smartestenergy Limited,188.6,17259.0
2025-11-27,T_FARR-2,Smartestenergy Limited,130.8,11969.0
2025-11-27,T_GLNKW-1,EDF Energy Customers Limited,808.7,59361.0
2025-11-27,T_GLWSW-1,GALAWHISTLE WIND FARM,122.1,10880.0
2025-11-27,T_GNAPW-1,SP Renewables (UK) Limited,123.3,9376.0
2025-11-27,T_GORDW-1,SSE Generation Ltd,291.0,24999.0
2025-11-27,T_GORDW-2,SSE Generation Ltd,393.4,2950.0
2025-11-27,T_GRGBW-2,Greater Gabbard Offshore Winds,29.2,4839.0
2025-11-27,T_GRIFW-1,Griffin Wind Farm Ltd,418.9,38954.0
2025-11-27,T_GRIFW-2,Griffin Wind Farm Ltd,391.3,36390.0
2025-11-27,T_HALSW-1,SP Renewables (UK) Limited,449.9,3945.0
2025-11-27,T_HRSTW-1,SP Renewables (UK) Limited,288.2,24423.0
2025-11-27,T_KENNW-1,Kennoxhead Wind Farm Limited,876.5,27579.0
2025-11-27,T_KILBW-1,Kilbraur Wind Energy Ltd,78.8,7481.0
2025-11-27,T_KLGLW-1,SP Renewables (UK) Limited,1558.1,118169.0
2025-11-27,T_KPMRW-1,OnPath Energy Limited,924.0,71030.0
2025-11-27,T_KYPEW-1,Kype Extension Wind Farm Ltd,1237.1,32164.0
2025-11-27,T_LCLTW-1,Eneco Energy Trade,213.7,19873.0
2025-11-27,T_LIMKW-1,Limekiln Extension Ltd,866.8,34674.0
2025-11-27,T_MIDMW-1,OnPath Energy Limited,465.7,35084.0
2025-11-27,T_MKHLW-1,SP Renewables (UK) Limited,151.7,12810.0
2025-11-27,T_MOWEO-1,Moray Offshore Wind East Ltd,6363.9,337965.0
2025-11-27,T_MOWEO-2,Moray Offshore Wind East Ltd,6206.9,323951.0
2025-11-27,T_MOWEO-3,Moray Offshore Wind East Ltd,6223.2,324839.0
2025-11-27,T_MOWWO-1,Moray Offshore Wind West Ltd,3641.7,128566.0
2025-11-27,T_MOWWO-2,Moray Offshore Wind West Ltd,3820.4,134861.0
2025-11-27,T_MOWWO-3,Moray Offshore Wind West Ltd,644.8,22761.0
2025-11-27,T_MOWWO-4,Moray Offshore Wind West Ltd,1265.8,57493.0
2025-11-27,T_MYGPW-1,Minnygap Energy Limited,152.9,12999.0
2025-11-27,T_NNGAO-1,Neart Na Gaoithe Offshore Wind,687.8,74994.0
2025-11-27,T_SAKNW-1,Sandy Knowe Wind Farm Ltd,1017.3,40692.0
2025-11-27,T_SANQW-1,SANQUHAR CWCL,75.8,6780.0
2025-11-27,T_SGRWO-1,Seagreen Wind Energy Limited,5679.1,96715.0
2025-11-27,T_SGRWO-2,Seagreen Wind Energy Limited,1790.0,30484.0
2025-11-27,T_SGRWO-3,Seagreen Wind Energy Limited,3562.4,60667.0
2025-11-27,T_SGRWO-4,Seagreen Wind Energy Limited,3016.9,51378.0
2025-11-27,T_SGRWO-5,Seagreen Wind Energy Limited,1784.4,30388.0
2025-11-27,T_SGRWO-6,Seagreen Wind Energy Limited,8073.8,137496.0
2025-11-27,T_SOKYW-1,South Kyle Wind Farm Limited,4002.3,120068.0
2025-11-27,T_STLGW-1,Stronelairg Windfarm Limited,1135.3,101731.0
2025-11-27,T_STLGW-2,Stronelairg Windfarm Limited,1245.8,111638.0
2025-11-27,T_STLGW-3,Stronelairg Windfarm Limited,1107.4,99235.0
2025-11-27,T_STRNW-1,Strathy Wind Farm Limited,244.6,20895.0
2025-11-27,T_TWSHW-1,Twentyshilling Limited,706.7,20346.0
2025-11-27,T_VKNGW-1,Viking Energy Wind Farm LLP,1540.5,16869.0
2025-11-27,T_VKNGW-2,Viking Energy Wind Farm LLP,1534.5,16803.0
2025-11-27,T_VKNGW-3,Viking Energy Wind Farm LLP,1411.0,15451.0
2025-11-27,T_VKNGW-4,Viking Energy Wind Farm LLP,1381.6,15129.0
2025-11-27,T_WDRGW-1,Windy Rig Wind Farm Limited,628.7,18453.0
2025-11-27,T_WHILW-1,SP Renewables (UK) Limited,785.4,67394.0
2025-11-27,T_WISTW-2,BROCKLOCH RIG WINDFARM LTD,88.3,7112.0
2025-11-28,2__PENEC002,Eneco Energy Trade,482.8,43407.0
2025-11-28,2__PSTAT001,Statkraft Markets Gmbh,316.9,26841.0
2025-11-28,C__PSTAT011,Statkraft Markets Gmbh,654.0,44471.0
2025-11-28,E_BABAW-1,Statkraft Markets Gmbh,587.8,48203.0
2025-11-28,E_BETHW-1,SP Renewables (UK) Limited,378.9,31991.0
2025-11-28,E_BLARW-1,Erova Energy Limited,624.5,20608.0
2025-11-28,E_BNWKW-1,Eneco Energy Trade,12.7,1186.0
2025-11-28,E_BTUIW-2,SP Renewables (UK) Limited,423.2,35732.0
2025-11-28,E_BTUIW-3,SP Renewables (UK) Limited,1124.6,8435.0
2025-11-28,E_CLDRW-1,Vattenfall Energy Trading,90.3,8310.0
2025-11-28,E_GRGRW-1,Evolve Energy Supply Limited,614.6,43024.0
2025-11-28,E_HRHLW-1,SP Renewables (UK) Limited,408.3,31060.0
2025-11-28,E_MOYEW-1,Eneco Energy Trade,84.8,7882.0
2025-11-28,E_TULWW-2,Eneco Energy Trade,64.8,6026.0
2025-11-28,T_ARCHW-1,SP Renewables (UK) Limited,631.8,53306.0
2025-11-28,T_BEINW-1,Beinneun Wind Farm Ltd,266.5,26119.0
2025-11-28,T_BENBW-1,Benbrack Wind Farm Limited,1421.2,11369.0
2025-11-28,T_BHLAW-1,SSE Generation Ltd,1182.3,99264.0
2025-11-28,T_BLLA-1,SP Renewables (UK) Limited,455.3,38632.0
2025-11-28,T_BLLA-2,SP Renewables (UK) Limited,632.5,48114.0
2025-11-28,T_BROCW-1,Smartestenergy Limited,648.0,25272.0
2025-11-28,T_CLDNW-1,Clyde Windfarm (Scotland) Ltd,126.7,11658.0
2025-11-28,T_CRDEW-1,EDF Energy Customers Limited,364.9,19703.0
2025-11-28,T_CRDEW-2,EDF Energy Customers Limited,273.8,14786.0
2025-11-28,T_CREAW-1,Creag Riabhach Wind Farm Ltd,1525.2,81902.0
2025-11-28,T_CRGHW-1,Statkraft Markets Gmbh,524.2,40365.0
2025-11-28,T_CRMLW-1,EDF Energy Customers Limited,535.2,44697.0
2025-11-28,T_CRYRW-3,Eneco Energy Trade,126.5,9700.0
2025-11-28,T_CUMHW-1,Uniper UK Limited,1132.2,26177.0
2025-11-28,T_DALQW-1,Statkraft Markets Gmbh,90.4,5517.0
2025-11-28,T_DNLWW-1,SP Renewables (UK) Limited,231.8,19571.0
2025-11-28,T_DOREW-1,Dorenell Windfarm Limited,1677.6,99536.0
2025-11-28,T_DOREW-2,Dorenell Windfarm Limited,1616.6,92233.0
2025-11-28,T_DOUGW-1,Erova Energy Limited,829.5,24885.0
2025-11-28,T_DRSLW-1,SP Renewables (UK) Limited,977.1,74329.0
2025-11-28,T_EWHLW-1,SP Renewables (UK) Limited,335.2,25495.0
2025-11-28,T_FALGW-1,Fallago Rig Wind Farm Limited,451.2,38562.0
2025-11-28,T_FARR-1,Smartestenergy Limited,257.1,23525.0
2025-11-28,T_FARR-2,Smartestenergy Limited,229.6,21011.0
2025-11-28,T_GLNKW-1,EDF Energy Customers Limited,766.4,56256.0
2025-11-28,T_GNAPW-1,SP Renewables (UK) Limited,296.7,22574.0
2025-11-28,T_GORDW-1,SSE Generation Ltd,761.4,65421.0
2025-11-28,T_GORDW-2,SSE Generation Ltd,689.0,5168.0
2025-11-28,T_GRGBW-2,Greater Gabbard Offshore Winds,97.5,16174.0
2025-11-28,T_GRIFW-1,Griffin Wind Farm Ltd,660.4,61413.0
2025-11-28,T_GRIFW-2,Griffin Wind Farm Ltd,462.5,43007.0
2025-11-28,T_HALSW-1,SP Renewables (UK) Limited,604.2,5299.0
2025-11-28,T_HRSTW-1,SP Renewables (UK) Limited,279.0,23645.0
2025-11-28,T_KENNW-1,Kennoxhead Wind Farm Limited,1259.4,40672.0
2025-11-28,T_KLGLW-1,SP Renewables (UK) Limited,2625.3,199105.0
2025-11-28,T_KPMRW-1,OnPath Energy Limited,871.6,58311.0
2025-11-28,T_KYPEW-1,Kype Extension Wind Farm Ltd,488.2,12694.0
2025-11-28,T_LCLTW-1,Eneco Energy Trade,50.5,4693.0
2025-11-28,T_LIMKW-1,Limekiln Extension Ltd,942.6,37702.0
2025-11-28,T_MIDMW-1,OnPath Energy Limited,328.7,22164.0
2025-11-28,T_MKHLW-1,SP Renewables (UK) Limited,410.8,34680.0
2025-11-28,T_MOWEO-1,Moray Offshore Wind East Ltd,6281.3,357602.0
2025-11-28,T_MOWEO-2,Moray Offshore Wind East Ltd,5686.4,327792.0
2025-11-28,T_MOWEO-3,Moray Offshore Wind East Ltd,5973.0,340247.0
2025-11-28,T_MOWWO-1,Moray Offshore Wind West Ltd,3703.4,131259.0
2025-11-28,T_MOWWO-2,Moray Offshore Wind West Ltd,3609.8,128159.0
2025-11-28,T_MOWWO-3,Moray Offshore Wind West Ltd,528.9,18846.0
2025-11-28,T_MOWWO-4,Moray Offshore Wind West Ltd,1057.5,48032.0
2025-11-28,T_MYGPW-1,Minnygap Energy Limited,19.4,1647.0
2025-11-28,T_SAKNW-1,Sandy Knowe Wind Farm Ltd,1692.6,67704.0
2025-11-28,T_SGRWO-1,Seagreen Wind Energy Limited,5407.2,92084.0
2025-11-28,T_SGRWO-2,Seagreen Wind Energy Limited,1700.6,28962.0
2025-11-28,T_SGRWO-3,Seagreen Wind Energy Limited,3403.1,57955.0
2025-11-28,T_SGRWO-4,Seagreen Wind Energy Limited,2625.8,44717.0
2025-11-28,T_SGRWO-5,Seagreen Wind Energy Limited,1771.1,30161.0
2025-11-28,T_SGRWO-6,Seagreen Wind Energy Limited,7771.8,132353.0
2025-11-28,T_SOKYW-1,South Kyle Wind Farm Limited,4747.6,142429.0
2025-11-28,T_STLGW-1,Stronelairg Windfarm Limited,826.4,74056.0
2025-11-28,T_STLGW-2,Stronelairg Windfarm Limited,986.2,88369.0
2025-11-28,T_STLGW-3,Stronelairg Windfarm Limited,954.2,85504.0
2025-11-28,T_STRNW-1,Strathy Wind Farm Limited,1041.7,88978.0
2025-11-28,T_TWSHW-1,Twentyshilling Limited,886.9,25535.0
2025-11-28,T_VKNGW-1,Viking Energy Wind Farm LLP,2506.3,27443.0
2025-11-28,T_VKNGW-2,Viking Energy Wind Farm LLP,2177.8,23844.0
2025-11-28,T_VKNGW-3,Viking Energy Wind Farm LLP,2144.5,23480.0
2025-11-28,T_VKNGW-4,Viking Energy Wind Farm LLP,2332.9,25542.0
2025-11-28,T_WDRGW-1,Windy Rig Wind Farm Limited,1032.0,30289.0
2025-11-28,T_WISTW-2,BROCKLOCH RIG WINDFARM LTD,946.0,76154.0
2025-11-28,T_WLNYO-3,Walney Extension Ltd,429.9,70798.0
2025-11-28,T_WLNYO-4,Walney Extension Ltd,564.9,93090.0
2025-11-29,E_BLARW-1,Erova Energy Limited,0.0,2.0
2025-11-29,E_BTUIW-3,SP Renewables (UK) Limited,53.9,405.0
2025-11-29,T_BENBW-1,Benbrack Wind Farm Limited,40.0,320.0
2025-11-29,T_BROCW-1,Smartestenergy Limited,31.5,1230.0
2025-11-29,T_CREAW-1,Creag Riabhach Wind Farm Ltd,5.6,302.0
2025-11-29,T_CUMHW-1,Uniper UK Limited,0.7,15.0
2025-11-29,T_DOREW-1,Dorenell Windfarm Limited,206.7,11586.0
2025-11-29,T_DOREW-2,Dorenell Windfarm Limited,158.3,8795.0
2025-11-29,T_DOUGW-1,Erova Energy Limited,39.5,1184.0
2025-11-29,T_GORDW-2,SSE Generation Ltd,108.2,818.0
2025-11-29,T_HALSW-1,SP Renewables (UK) Limited,87.4,767.0
2025-11-29,T_HOWBO-1,Breesea Limited,318.6,7373.0
2025-11-29,T_HOWBO-2,Sonningmay Wind Limited,278.8,6608.0
2025-11-29,T_HOWBO-3,Soundmark Wind Limited,268.4,6257.0
2025-11-29,T_KENNW-1,Kennoxhead Wind Farm Limited,34.4,1082.0
2025-11-29,T_LIMKW-1,Limekiln Extension Ltd,53.8,2152.0
2025-11-29,T_MOWEO-1,Moray Offshore Wind East Ltd,0.1,6.0
2025-11-29,T_MOWEO-2,Moray Offshore Wind East Ltd,145.7,8748.0
2025-11-29,T_MOWEO-3,Moray Offshore Wind East Ltd,598.2,34448.0
2025-11-29,T_MOWWO-1,Moray Offshore Wind West Ltd,731.4,26177.0
2025-11-29,T_MOWWO-2,Moray Offshore Wind West Ltd,928.5,32908.0
2025-11-29,T_MOWWO-3,Moray Offshore Wind West Ltd,104.1,3704.0
2025-11-29,T_MOWWO-4,Moray Offshore Wind West Ltd,171.7,7798.0
2025-11-29,T_SAKNW-1,Sandy Knowe Wind Farm Ltd,3.9,155.0
2025-11-29,T_SGRWO-1,Seagreen Wind Energy Limited,2400.3,40877.0
2025-11-29,T_SGRWO-2,Seagreen Wind Energy Limited,435.1,7409.0
2025-11-29,T_SGRWO-3,Seagreen Wind Energy Limited,949.6,16171.0
2025-11-29,T_SGRWO-4,Seagreen Wind Energy Limited,808.1,13763.0
2025-11-29,T_SGRWO-5,Seagreen Wind Energy Limited,617.5,10516.0
2025-11-29,T_SGRWO-6,Seagreen Wind Energy Limited,2616.9,44566.0
2025-11-29,T_SOKYW-1,South Kyle Wind Farm Limited,130.2,3906.0
2025-11-29,T_TWSHW-1,Twentyshilling Limited,1.0,30.0
2025-11-29,T_VKNGW-1,Viking Energy Wind Farm LLP,1055.0,11520.0
2025-11-29,T_VKNGW-2,Viking Energy Wind Farm LLP,816.2,8913.0
2025-11-29,T_VKNGW-3,Viking Energy Wind Farm LLP,658.1,7186.0
2025-11-29,T_VKNGW-4,Viking Energy Wind Farm LLP,674.6,7367.0
2025-11-29,T_WDRGW-1,Windy Rig Wind Farm Limited,57.9,1700.0
2025-11-30,C__PSTAT011,Statkraft Markets Gmbh,107.3,7299.0
2025-11-30,E_BABAW-1,Statkraft Markets Gmbh,58.5,4794.0
2025-11-30,E_BLARW-1,Erova Energy Limited,24.3,1086.0
2025-11-30,E_BTUIW-3,SP Renewables (UK) Limited,149.5,1122.0
2025-11-30,E_GRGRW-1,Evolve Energy Supply Limited,75.2,5261.0
2025-11-30,E_HRHLW-1,SP Renewables (UK) Limited,11.6,881.0
2025-11-30,T_ARCHW-1,SP Renewables (UK) Limited,9.5,797.0
2025-11-30,T_BENBW-1,Benbrack Wind Farm Limited,61.3,491.0
2025-11-30,T_BHLAW-1,SSE Generation Ltd,129.2,10823.0
2025-11-30,T_BLLA-2,SP Renewables (UK) Limited,10.2,779.0
2025-11-30,T_BROCW-1,Smartestenergy Limited,45.6,1778.0
2025-11-30,T_CRDEW-1,EDF Energy Customers Limited,15.6,845.0
2025-11-30,T_CRDEW-2,EDF Energy Customers Limited,15.6,845.0
2025-11-30,T_CREAW-1,Creag Riabhach Wind Farm Ltd,190.1,10206.0
2025-11-30,T_CRGHW-1,Statkraft Markets Gmbh,14.1,1084.0
2025-11-30,T_CRMLW-1,EDF Energy Customers Limited,43.6,3644.0
2025-11-30,T_CRYRW-3,Eneco Energy Trade,4.5,347.0
2025-11-30,T_CUMHW-1,Uniper UK Limited,109.5,2532.0
2025-11-30,T_DALQW-1,Statkraft Markets Gmbh,26.4,1608.0
2025-11-30,T_DOREW-1,Dorenell Windfarm Limited,161.1,10292.0
2025-11-30,T_DOREW-2,Dorenell Windfarm Limited,173.7,10723.0
2025-11-30,T_DOUGW-1,Erova Energy Limited,45.9,1377.0
2025-11-30,T_DRSLW-1,SP Renewables (UK) Limited,40.5,3078.0
2025-11-30,T_DUNGW-1,Dunmaglass Wind Farm Limited,2.6,230.0
2025-11-30,T_GLNKW-1,EDF Energy Customers Limited,111.7,8202.0
2025-11-30,T_GNAPW-1,SP Renewables (UK) Limited,5.2,392.0
2025-11-30,T_GORDW-1,SSE Generation Ltd,5.8,497.0
2025-11-30,T_GORDW-2,SSE Generation Ltd,147.2,1113.0
2025-11-30,T_HALSW-1,SP Renewables (UK) Limited,103.9,911.0
2025-11-30,T_KENNW-1,Kennoxhead Wind Farm Limited,67.3,2115.0
2025-11-30,T_KPMRW-1,OnPath Energy Limited,10.4,863.0
2025-11-30,T_LIMKW-1,Limekiln Extension Ltd,383.8,15351.0
2025-11-30,T_MIDMW-1,OnPath Energy Limited,18.5,1540.0
2025-11-30,T_MOWEO-1,Moray Offshore Wind East Ltd,783.9,44045.0
2025-11-30,T_MOWEO-2,Moray Offshore Wind East Ltd,778.9,44198.0
2025-11-30,T_MOWEO-3,Moray Offshore Wind East Ltd,1290.3,76969.0
2025-11-30,T_MOWWO-1,Moray Offshore Wind West Ltd,1246.1,45121.0
2025-11-30,T_MOWWO-2,Moray Offshore Wind West Ltd,1209.3,43742.0
2025-11-30,T_MOWWO-3,Moray Offshore Wind West Ltd,159.0,5765.0
2025-11-30,T_MOWWO-4,Moray Offshore Wind West Ltd,326.6,14833.0
2025-11-30,T_SAKNW-1,Sandy Knowe Wind Farm Ltd,47.6,1905.0
2025-11-30,T_SGRWO-1,Seagreen Wind Energy Limited,2069.6,35245.0
2025-11-30,T_SGRWO-2,Seagreen Wind Energy Limited,446.8,7608.0
2025-11-30,T_SGRWO-3,Seagreen Wind Energy Limited,1014.9,17285.0
2025-11-30,T_SGRWO-4,Seagreen Wind Energy Limited,659.5,11231.0
2025-11-30,T_SGRWO-5,Seagreen Wind Energy Limited,527.3,8980.0
2025-11-30,T_SGRWO-6,Seagreen Wind Energy Limited,3091.1,52642.0
2025-11-30,T_SOKYW-1,South Kyle Wind Farm Limited,284.8,8544.0
2025-11-30,T_STLGW-3,Stronelairg Windfarm Limited,1.6,142.0
2025-11-30,T_STRNW-1,Strathy Wind Farm Limited,5.4,460.0
2025-11-30,T_TWSHW-1,Twentyshilling Limited,126.0,3628.0
2025-11-30,T_VKNGW-1,Viking Energy Wind Farm LLP,400.2,4370.0
2025-11-30,T_VKNGW-2,Viking Energy Wind Farm LLP,388.9,4247.0
2025-11-30,T_VKNGW-3,Viking Energy Wind Farm LLP,395.5,4319.0
2025-11-30,T_VKNGW-4,Viking Energy Wind Farm LLP,446.2,4872.0
2025-11-30,T_WDRGW-1,Windy Rig Wind Farm Limited,113.7,3338.0
2025-11-30,T_WISTW-2,BROCKLOCH RIG WINDFARM LTD,30.5,2455.0
2025-12-01,C__PSTAT011,Statkraft Markets Gmbh,191.7,13038.0
2025-12-01,E_BABAW-1,Statkraft Markets Gmbh,155.3,12732.0
2025-12-01,E_BETHW-1,SP Renewables (UK) Limited,65.2,5504.0
2025-12-01,E_BLARW-1,Erova Energy Limited,53.1,2979.0
2025-12-01,E_BTUIW-2,SP Renewables (UK) Limited,2.3,198.0
2025-12-01,E_BTUIW-3,SP Renewables (UK) Limited,80.5,604.0
2025-12-01,E_CLDRW-1,Vattenfall Energy Trading,57.3,5275.0
2025-12-01,E_GRGRW-1,Evolve Energy Supply Limited,188.5,13193.0
2025-12-01,E_HRHLW-1,SP Renewables (UK) Limited,33.9,2576.0
2025-12-01,T_ARCHW-1,SP Renewables (UK) Limited,104.2,8795.0
2025-12-01,T_BHLAW-1,SSE Generation Ltd,276.4,23156.0
2025-12-01,T_BLLA-2,SP Renewables (UK) Limited,33.3,2531.0
2025-12-01,T_BROCW-1,Smartestenergy Limited,93.1,3630.0
2025-12-01,T_CRDEW-1,EDF Energy Customers Limited,51.6,2785.0
2025-12-01,T_CRDEW-2,EDF Energy Customers Limited,51.6,2785.0
2025-12-01,T_CREAW-1,Creag Riabhach Wind Farm Ltd,364.2,19560.0
2025-12-01,T_CRGHW-1,Statkraft Markets Gmbh,18.2,1403.0
2025-12-01,T_CRMLW-1,EDF Energy Customers Limited,34.6,2890.0
2025-12-01,T_CRYRW-3,Eneco Energy Trade,20.8,1594.0
2025-12-01,T_CUMHW-1,Uniper UK Limited,102.0,2359.0
2025-12-01,T_DALQW-1,Statkraft Markets Gmbh,105.7,6448.0
2025-12-01,T_DOREW-1,Dorenell Windfarm Limited,180.5,13939.0
2025-12-01,T_DOREW-2,Dorenell Windfarm Limited,199.3,15410.0
2025-12-01,T_DOUGW-1,Erova Energy Limited,85.1,2554.0
2025-12-01,T_DRSLW-1,SP Renewables (UK) Limited,75.5,5745.0
2025-12-01,T_DUNGW-1,Dunmaglass Wind Farm Limited,273.9,24543.0
2025-12-01,T_GLNKW-1,EDF Energy Customers Limited,186.7,13706.0
2025-12-01,T_GNAPW-1,SP Renewables (UK) Limited,11.2,852.0
2025-12-01,T_GORDW-1,SSE Generation Ltd,122.3,10468.0
2025-12-01,T_GORDW-2,SSE Generation Ltd,188.6,1426.0
2025-12-01,T_GRGBW-2,Greater Gabbard Offshore Winds,9.6,1590.0
2025-12-01,T_GRGBW-3,Greater Gabbard Offshore Winds,10.0,1666.0
2025-12-01,T_HALSW-1,SP Renewables (UK) Limited,140.6,1233.0
2025-12-01,T_KENNW-1,Kennoxhead Wind Farm Limited,131.9,4145.0
2025-12-01,T_KPMRW-1,OnPath Energy Limited,81.1,7480.0
2025-12-01,T_LIMKW-1,Limekiln Extension Ltd,636.0,25440.0
2025-12-01,T_MIDMW-1,OnPath Energy Limited,77.5,7171.0
2025-12-01,T_MKHLW-1,SP Renewables (UK) Limited,8.3,703.0
2025-12-01,T_MOWEO-1,Moray Offshore Wind East Ltd,1548.4,113944.0
2025-12-01,T_MOWEO-2,Moray Offshore Wind East Ltd,1555.0,112954.0
2025-12-01,T_MOWEO-3,Moray Offshore Wind East Ltd,1542.9,110761.0
2025-12-01,T_MOWWO-1,Moray Offshore Wind West Ltd,1062.2,38338.0
2025-12-01,T_MOWWO-2,Moray Offshore Wind West Ltd,1012.2,36640.0
2025-12-01,T_MOWWO-3,Moray Offshore Wind West Ltd,97.6,3523.0
2025-12-01,T_MOWWO-4,Moray Offshore Wind West Ltd,162.7,7390.0
2025-12-01,T_SAKNW-1,Sandy Knowe Wind Farm Ltd,172.1,6885.0
2025-12-01,T_SGRWO-1,Seagreen Wind Energy Limited,1779.5,30305.0
2025-12-01,T_SGRWO-2,Seagreen Wind Energy Limited,413.9,7048.0
2025-12-01,T_SGRWO-3,Seagreen Wind Energy Limited,935.0,15923.0
2025-12-01,T_SGRWO-4,Seagreen Wind Energy Limited,663.6,11301.0
2025-12-01,T_SGRWO-5,Seagreen Wind Energy Limited,576.3,9814.0
2025-12-01,T_SGRWO-6,Seagreen Wind Energy Limited,2762.9,47052.0
2025-12-01,T_SOKYW-1,South Kyle Wind Farm Limited,433.6,13009.0
2025-12-01,T_STLGW-1,Stronelairg Windfarm Limited,135.6,12190.0
2025-12-01,T_STLGW-2,Stronelairg Windfarm Limited,227.3,20433.0
2025-12-01,T_STLGW-3,Stronelairg Windfarm Limited,180.6,16234.0
2025-12-01,T_STRNW-1,Strathy Wind Farm Limited,104.0,8855.0
2025-12-01,T_TWSHW-1,Twentyshilling Limited,93.4,2689.0
2025-12-01,T_VKNGW-1,Viking Energy Wind Farm LLP,658.4,7190.0
2025-12-01,T_VKNGW-2,Viking Energy Wind Farm LLP,524.0,5722.0
2025-12-01,T_VKNGW-3,Viking Energy Wind Farm LLP,577.3,6304.0
2025-12-01,T_VKNGW-4,Viking Energy Wind Farm LLP,560.1,6116.0
2025-12-01,T_WDRGW-1,Windy Rig Wind Farm Limited,107.8,3165.0
2025-12-01,T_WISTW-2,BROCKLOCH RIG WINDFARM LTD,124.4,10016.0
2025-12-02,E_BTUIW-3,SP Renewables (UK) Limited,129.7,972.0
2025-12-02,T_CUMHW-1,Uniper UK Limited,100.9,2333.0
2025-12-02,T_DOREW-1,Dorenell Windfarm Limited,504.8,15382.0
2025-12-02,T_DOREW-2,Dorenell Windfarm Limited,334.1,9147.0
2025-12-02,T_GORDW-2,SSE Generation Ltd,276.5,2091.0
2025-12-02,T_HALSW-1,SP Renewables (UK) Limited,250.4,2196.0
2025-12-02,T_LIMKW-1,Limekiln Extension Ltd,469.6,18785.0
2025-12-02,T_MOWEO-1,Moray Offshore Wind East Ltd,1852.7,59259.0
2025-12-02,T_MOWEO-2,Moray Offshore Wind East Ltd,1935.4,64843.0
2025-12-02,T_MOWEO-3,Moray Offshore Wind East Ltd,2164.9,75174.0
2025-12-02,T_MOWWO-1,Moray Offshore Wind West Ltd,1340.8,44968.0
2025-12-02,T_MOWWO-2,Moray Offshore Wind West Ltd,1829.6,61321.0
2025-12-02,T_MOWWO-3,Moray Offshore Wind West Ltd,216.4,7242.0
2025-12-02,T_MOWWO-4,Moray Offshore Wind West Ltd,154.0,6994.0
2025-12-02,T_SGRWO-1,Seagreen Wind Energy Limited,3214.5,54903.0
2025-12-02,T_SGRWO-2,Seagreen Wind Energy Limited,812.4,13875.0
2025-12-02,T_SGRWO-3,Seagreen Wind Energy Limited,1880.0,32110.0
2025-12-02,T_SGRWO-4,Seagreen Wind Energy Limited,1378.2,23540.0
2025-12-02,T_SGRWO-5,Seagreen Wind Energy Limited,907.4,15498.0
2025-12-02,T_SGRWO-6,Seagreen Wind Energy Limited,2934.3,50118.0
2025-12-02,T_SOKYW-1,South Kyle Wind Farm Limited,145.5,4367.0
2025-12-02,T_VKNGW-1,Viking Energy Wind Farm LLP,1039.4,11350.0
2025-12-02,T_VKNGW-2,Viking Energy Wind Farm LLP,1084.8,11846.0
2025-12-02,T_VKNGW-3,Viking Energy Wind Farm LLP,889.5,9713.0
2025-12-02,T_VKNGW-4,Viking Energy Wind Farm LLP,918.2,10027.0
2025-12-02,T_WDRGW-1,Windy Rig Wind Farm Limited,62.5,1833.0
2025-12-03,T_GORDW-2,SSE Generation Ltd,399.5,3020.0
2025-12-03,T_GRGBW-1,Greater Gabbard Offshore Winds,0.3,54.0
2025-12-03,T_HALSW-1,SP Renewables (UK) Limited,564.5,4951.0
2025-12-03,T_LIMKW-1,Limekiln Extension Ltd,299.8,11992.0
2025-12-03,T_MOWEO-1,Moray Offshore Wind East Ltd,1856.9,59630.0
2025-12-03,T_MOWEO-2,Moray Offshore Wind East Ltd,934.3,27343.0
2025-12-03,T_MOWEO-3,Moray Offshore Wind East Ltd,1399.8,42365.0
2025-12-03,T_MOWWO-1,Moray Offshore Wind West Ltd,866.7,30183.0
2025-12-03,T_MOWWO-2,Moray Offshore Wind West Ltd,1024.4,35691.0
2025-12-03,T_MOWWO-3,Moray Offshore Wind West Ltd,80.4,2867.0
2025-12-03,T_MOWWO-4,Moray Offshore Wind West Ltd,161.6,7342.0
2025-12-03,T_SGRWO-1,Seagreen Wind Energy Limited,2043.4,32833.0
2025-12-03,T_SGRWO-2,Seagreen Wind Energy Limited,750.7,11756.0
2025-12-03,T_SGRWO-3,Seagreen Wind Energy Limited,1514.9,23872.0
2025-12-03,T_SGRWO-4,Seagreen Wind Energy Limited,1014.1,16218.0
2025-12-03,T_SGRWO-5,Seagreen Wind Energy Limited,727.0,11592.0
2025-12-03,T_SGRWO-6,Seagreen Wind Energy Limited,4030.0,63277.0
2025-12-03,T_VKNGW-1,Viking Energy Wind Farm LLP,1526.9,16674.0
2025-12-03,T_VKNGW-2,Viking Energy Wind Farm LLP,1369.0,14949.0
2025-12-03,T_VKNGW-3,Viking Energy Wind Farm LLP,1042.5,11384.0
2025-12-03,T_VKNGW-4,Viking Energy Wind Farm LLP,1014.7,11081.0
2025-12-04,T_CREAW-1,Creag Riabhach Wind Farm Ltd,9.4,507.0
2025-12-04,T_GORDW-2,SSE Generation Ltd,400.5,3028.0
2025-12-04,T_HALSW-1,SP Renewables (UK) Limited,303.9,2665.0
2025-12-04,T_LIMKW-1,Limekiln Extension Ltd,234.4,9376.0
2025-12-04,T_MOWEO-1,Moray Offshore Wind East Ltd,112.8,4611.0
2025-12-04,T_MOWEO-2,Moray Offshore Wind East Ltd,464.3,22134.0
2025-12-04,T_MOWEO-3,Moray Offshore Wind East Ltd,412.5,17772.0
2025-12-04,T_MOWWO-1,Moray Offshore Wind West Ltd,1453.8,51299.0
2025-12-04,T_MOWWO-2,Moray Offshore Wind West Ltd,1139.9,40164.0
2025-12-04,T_MOWWO-3,Moray Offshore Wind West Ltd,173.0,6109.0
2025-12-04,T_MOWWO-4,Moray Offshore Wind West Ltd,328.8,14932.0
2025-12-04,T_SGRWO-1,Seagreen Wind Energy Limited,4258.3,63236.0
2025-12-04,T_SGRWO-2,Seagreen Wind Energy Limited,1009.4,14989.0
2025-12-04,T_SGRWO-3,Seagreen Wind Energy Limited,2123.0,31527.0
2025-12-04,T_SGRWO-4,Seagreen Wind Energy Limited,1386.7,20593.0
2025-12-04,T_SGRWO-5,Seagreen Wind Energy Limited,1136.3,16874.0
2025-12-04,T_SGRWO-6,Seagreen Wind Energy Limited,4493.3,66725.0
2025-12-04,T_VKNGW-1,Viking Energy Wind Farm LLP,1237.1,13509.0
2025-12-04,T_VKNGW-2,Viking Energy Wind Farm LLP,1105.4,12071.0
2025-12-04,T_VKNGW-3,Viking Energy Wind Farm LLP,1039.8,11355.0
2025-12-04,T_VKNGW-4,Viking Energy Wind Farm LLP,987.9,10787.0
2025-12-05,2__PENEC001,Eneco Energy Trade,69.7,6134.0
2025-12-05,2__PENEC002,Eneco Energy Trade,89.4,8040.0
2025-12-05,2__PSTAT001,Statkraft Markets Gmbh,116.7,9889.0
2025-12-05,C__PSTAT011,Statkraft Markets Gmbh,221.7,15072.0
2025-12-05,E_BABAW-1,Statkraft Markets Gmbh,216.4,17748.0
2025-12-05,E_BETHW-1,SP Renewables (UK) Limited,107.2,9049.0
2025-12-05,E_BLARW-1,Erova Energy Limited,154.8,5513.0
2025-12-05,E_BTUIW-3,SP Renewables (UK) Limited,264.3,1982.0
2025-12-05,E_GRGRW-1,Evolve Energy Supply Limited,198.6,13902.0
2025-12-05,E_HRHLW-1,SP Renewables (UK) Limited,34.7,2637.0
2025-12-05,T_BENBW-1,Benbrack Wind Farm Limited,532.9,4263.0
2025-12-05,T_BHLAW-1,SSE Generation Ltd,510.4,42765.0
2025-12-05,T_BLLA-2,SP Renewables (UK) Limited,87.1,6623.0
2025-12-05,T_BROCW-1,Smartestenergy Limited,119.1,4645.0
2025-12-05,T_CRDEW-1,EDF Energy Customers Limited,68.9,3720.0
2025-12-05,T_CRDEW-2,EDF Energy Customers Limited,68.9,3720.0
2025-12-05,T_CREAW-1,Creag Riabhach Wind Farm Ltd,504.9,27112.0
2025-12-05,T_CRGHW-1,Statkraft Markets Gmbh,61.3,4720.0
2025-12-05,T_CRMLW-1,EDF Energy Customers Limited,153.4,12811.0
2025-12-05,T_CUMHW-1,Uniper UK Limited,200.7,4640.0
2025-12-05,T_DALQW-1,Statkraft Markets Gmbh,101.9,6217.0
2025-12-05,T_DOREW-1,Dorenell Windfarm Limited,613.7,32968.0
2025-12-05,T_DOREW-2,Dorenell Windfarm Limited,571.6,30778.0
2025-12-05,T_DOUGW-1,Erova Energy Limited,184.9,5547.0
2025-12-05,T_DRSLW-1,SP Renewables (UK) Limited,105.9,8059.0
2025-12-05,T_DUNGW-1,Dunmaglass Wind Farm Limited,89.9,8057.0
2025-12-05,T_FALGW-1,Fallago Rig Wind Farm Limited,4.9,418.0
2025-12-05,T_GLNKW-1,EDF Energy Customers Limited,249.2,18293.0
2025-12-05,T_GNAPW-1,SP Renewables (UK) Limited,21.2,1611.0
2025-12-05,T_GORDW-1,SSE Generation Ltd,203.0,17380.0
2025-12-05,T_GORDW-2,SSE Generation Ltd,686.0,5186.0
2025-12-05,T_GRGBW-1,Greater Gabbard Offshore Winds,0.1,11.0
2025-12-05,T_GRGBW-2,Greater Gabbard Offshore Winds,7.3,1220.0
2025-12-05,T_GRGBW-3,Greater Gabbard Offshore Winds,10.8,1795.0
2025-12-05,T_HALSW-1,SP Renewables (UK) Limited,492.8,4322.0
2025-12-05,T_KENNW-1,Kennoxhead Wind Farm Limited,194.6,6114.0
2025-12-05,T_KPMRW-1,OnPath Energy Limited,119.5,9956.0
2025-12-05,T_LIMKW-1,Limekiln Extension Ltd,801.5,32060.0
2025-12-05,T_MOWEO-1,Moray Offshore Wind East Ltd,2266.1,123046.0
2025-12-05,T_MOWEO-2,Moray Offshore Wind East Ltd,2473.4,133038.0
2025-12-05,T_MOWEO-3,Moray Offshore Wind East Ltd,2574.4,135164.0
2025-12-05,T_MOWWO-1,Moray Offshore Wind West Ltd,2601.6,92877.0
2025-12-05,T_MOWWO-2,Moray Offshore Wind West Ltd,2664.3,95163.0
2025-12-05,T_MOWWO-3,Moray Offshore Wind West Ltd,246.6,8782.0
2025-12-05,T_MOWWO-4,Moray Offshore Wind West Ltd,512.3,23270.0
2025-12-05,T_SAKNW-1,Sandy Knowe Wind Farm Ltd,265.6,10623.0
2025-12-05,T_SGRWO-1,Seagreen Wind Energy Limited,3307.0,49109.0
2025-12-05,T_SGRWO-2,Seagreen Wind Energy Limited,973.1,14450.0
2025-12-05,T_SGRWO-3,Seagreen Wind Energy Limited,1986.9,29505.0
2025-12-05,T_SGRWO-4,Seagreen Wind Energy Limited,1408.8,20920.0
2025-12-05,T_SGRWO-5,Seagreen Wind Energy Limited,929.9,13809.0
2025-12-05,T_SGRWO-6,Seagreen Wind Energy Limited,4432.3,65820.0
2025-12-05,T_SOKYW-1,South Kyle Wind Farm Limited,1794.4,53832.0
2025-12-05,T_STLGW-1,Stronelairg Windfarm Limited,121.4,10908.0
2025-12-05,T_STLGW-2,Stronelairg Windfarm Limited,187.9,16889.0
2025-12-05,T_STLGW-3,Stronelairg Windfarm Limited,161.4,14506.0
2025-12-05,T_STRNW-1,Strathy Wind Farm Limited,231.7,19727.0
2025-12-05,T_TWSHW-1,Twentyshilling Limited,333.5,9601.0
2025-12-05,T_VKNGW-1,Viking Energy Wind Farm LLP,1779.7,19433.0
2025-12-05,T_VKNGW-2,Viking Energy Wind Farm LLP,1698.9,18551.0
2025-12-05,T_VKNGW-3,Viking Energy Wind Farm LLP,1681.4,18360.0
2025-12-05,T_VKNGW-4,Viking Energy Wind Farm LLP,1674.1,18281.0
2025-12-05,T_WDRGW-1,Windy Rig Wind Farm Limited,372.1,10920.0
2025-12-05,T_WISTW-2,BROCKLOCH RIG WINDFARM LTD,57.9,4658.0
2025-12-06,2__PENEC001,Eneco Energy Trade,0.6,55.0
2025-12-06,2__PSTAT001,Statkraft Markets Gmbh,64.2,5435.0
2025-12-06,C__PSTAT011,Statkraft Markets Gmbh,294.2,20002.0
2025-12-06,E_BABAW-1,Statkraft Markets Gmbh,149.8,12285.0
2025-12-06,E_BETHW-1,SP Renewables (UK) Limited,61.2,5167.0
2025-12-06,E_BTUIW-3,SP Renewables (UK) Limited,14.3,107.0
2025-12-06,E_GRGRW-1,Evolve Energy Supply Limited,83.0,5813.0
2025-12-06,T_BENBW-1,Benbrack Wind Farm Limited,11.0,88.0
2025-12-06,T_BHLAW-1,SSE Generation Ltd,446.8,37429.0
2025-12-06,T_CREAW-1,Creag Riabhach Wind Farm Ltd,727.4,39064.0
2025-12-06,T_CRMLW-1,EDF Energy Customers Limited,102.3,8546.0
2025-12-06,T_CUMHW-1,Uniper UK Limited,36.5,844.0
2025-12-06,T_DOREW-1,Dorenell Windfarm Limited,688.1,49642.0
2025-12-06,T_DOREW-2,Dorenell Windfarm Limited,539.1,39207.0
2025-12-06,T_DOUGW-1,Erova Energy Limited,10.6,317.0
2025-12-06,T_DUNGW-1,Dunmaglass Wind Farm Limited,3.7,329.0
2025-12-06,T_GLNKW-1,EDF Energy Customers Limited,214.1,15714.0
2025-12-06,T_GORDW-1,SSE Generation Ltd,35.6,3046.0
2025-12-06,T_GORDW-2,SSE Generation Ltd,431.4,3257.0
2025-12-06,T_HALSW-1,SP Renewables (UK) Limited,322.0,2824.0
2025-12-06,T_KENNW-1,Kennoxhead Wind Farm Limited,28.7,901.0
2025-12-06,T_LIMKW-1,Limekiln Extension Ltd,1057.9,42316.0
2025-12-06,T_MOWEO-1,Moray Offshore Wind East Ltd,1862.4,139653.0
2025-12-06,T_MOWEO-2,Moray Offshore Wind East Ltd,1690.6,128084.0
2025-12-06,T_MOWEO-3,Moray Offshore Wind East Ltd,2099.1,156461.0
2025-12-06,T_MOWWO-1,Moray Offshore Wind West Ltd,1547.7,56309.0
2025-12-06,T_MOWWO-2,Moray Offshore Wind West Ltd,1632.7,59325.0
2025-12-06,T_MOWWO-3,Moray Offshore Wind West Ltd,245.7,8932.0
2025-12-06,T_MOWWO-4,Moray Offshore Wind West Ltd,451.4,20502.0
2025-12-06,T_SGRWO-1,Seagreen Wind Energy Limited,1987.7,29517.0
2025-12-06,T_SGRWO-2,Seagreen Wind Energy Limited,665.3,9880.0
2025-12-06,T_SGRWO-3,Seagreen Wind Energy Limited,1292.2,19189.0
2025-12-06,T_SGRWO-4,Seagreen Wind Energy Limited,532.0,7900.0
2025-12-06,T_SGRWO-5,Seagreen Wind Energy Limited,661.3,9820.0
2025-12-06,T_SGRWO-6,Seagreen Wind Energy Limited,2761.4,41006.0
2025-12-06,T_SOKYW-1,South Kyle Wind Farm Limited,35.7,1072.0
2025-12-06,T_STLGW-1,Stronelairg Windfarm Limited,7.7,692.0
2025-12-06,T_STLGW-2,Stronelairg Windfarm Limited,279.8,25141.0
2025-12-06,T_STLGW-3,Stronelairg Windfarm Limited,2.8,252.0
2025-12-06,T_STRNW-1,Strathy Wind Farm Limited,34.1,2899.0
2025-12-06,T_TWSHW-1,Twentyshilling Limited,1.1,33.0
2025-12-06,T_VKNGW-1,Viking Energy Wind Farm LLP,1094.8,11944.0
2025-12-06,T_VKNGW-2,Viking Energy Wind Farm LLP,1228.9,13407.0
2025-12-06,T_VKNGW-3,Viking Energy Wind Farm LLP,1095.7,11954.0
2025-12-06,T_VKNGW-4,Viking Energy Wind Farm LLP,1184.3,12921.0
2025-12-06,T_WDRGW-1,Windy Rig Wind Farm Limited,1.3,39.0
2025-12-07,T_GORDW-2,SSE Generation Ltd,46.5,351.0
2025-12-07,T_HALSW-1,SP Renewables (UK) Limited,58.9,516.0
2025-12-07,T_SGRWO-1,Seagreen Wind Energy Limited,315.0,4677.0
2025-12-07,T_SGRWO-6,Seagreen Wind Energy Limited,305.2,4533.0
2025-12-07,T_VKNGW-1,Viking Energy Wind Farm LLP,202.0,2204.0
2025-12-07,T_VKNGW-2,Viking Energy Wind Farm LLP,402.6,4393.0
2025-12-07,T_VKNGW-3,Viking Energy Wind Farm LLP,235.4,2568.0
2025-12-07,T_VKNGW-4,Viking Energy Wind Farm LLP,33.7,368.0
2025-12-08,E_BTUIW-3,SP Renewables (UK) Limited,4.7,36.0
2025-12-08,T_GORDW-2,SSE Generation Ltd,14.9,113.0
2025-12-08,T_HALSW-1,SP Renewables (UK) Limited,32.3,283.0
2025-12-08,T_SGRWO-1,Seagreen Wind Energy Limited,580.2,8616.0
2025-12-08,T_SGRWO-2,Seagreen Wind Energy Limited,28.0,415.0
2025-12-08,T_SGRWO-3,Seagreen Wind Energy Limited,31.7,471.0
2025-12-08,T_SGRWO-4,Seagreen Wind Energy Limited,23.3,346.0
2025-12-08,T_SGRWO-5,Seagreen Wind Energy Limited,32.9,489.0
2025-12-08,T_SGRWO-6,Seagreen Wind Energy Limited,77.4,1149.0
2025-12-08,T_VKNGW-1,Viking Energy Wind Farm LLP,96.7,1054.0
2025-12-08,T_VKNGW-2,Viking Energy Wind Farm LLP,67.3,734.0
2025-12-08,T_VKNGW-3,Viking Energy Wind Farm LLP,55.9,610.0
2025-12-08,T_VKNGW-4,Viking Energy Wind Farm LLP,70.6,770.0
2025-12-09,2__PSTAT001,Statkraft Markets Gmbh,4.8,405.0
2025-12-09,C__PSTAT011,Statkraft Markets Gmbh,120.0,8160.0
2025-12-09,E_BABAW-1,Statkraft Markets Gmbh,97.2,7972.0
2025-12-09,E_BTUIW-3,SP Renewables (UK) Limited,378.0,2835.0
2025-12-09,E_GRGRW-1,Evolve Energy Supply Limited,107.4,7518.0
2025-12-09,T_BENBW-1,Benbrack Wind Farm Limited,943.3,7547.0
2025-12-09,T_BHLAW-1,SSE Generation Ltd,40.6,3403.0
2025-12-09,T_BROCW-1,Smartestenergy Limited,6.2,241.0
2025-12-09,T_CREAW-1,Creag Riabhach Wind Farm Ltd,437.9,23514.0
2025-12-09,T_CRMLW-1,EDF Energy Customers Limited,46.9,3921.0
2025-12-09,T_DOREW-1,Dorenell Windfarm Limited,1122.9,63455.0
2025-12-09,T_DOREW-2,Dorenell Windfarm Limited,1178.5,64913.0
2025-12-09,T_DRSLW-1,SP Renewables (UK) Limited,198.9,15130.0
2025-12-09,T_EDINW-1,Vattenfall Wind Power Ltd,4.0,444.0
2025-12-09,T_GLNKW-1,EDF Energy Customers Limited,114.0,8368.0
2025-12-09,T_GORDW-1,SSE Generation Ltd,11.6,990.0
2025-12-09,T_GORDW-2,SSE Generation Ltd,619.6,4678.0
2025-12-09,T_HALSW-1,SP Renewables (UK) Limited,475.0,4166.0
2025-12-09,T_LIMKW-1,Limekiln Extension Ltd,1628.3,65132.0
2025-12-09,T_MOWEO-1,Moray Offshore Wind East Ltd,4115.9,229328.0
2025-12-09,T_MOWEO-2,Moray Offshore Wind East Ltd,3214.5,184479.0
2025-12-09,T_MOWEO-3,Moray Offshore Wind East Ltd,4469.7,244526.0
2025-12-09,T_MOWWO-1,Moray Offshore Wind West Ltd,2475.5,88206.0
2025-12-09,T_MOWWO-2,Moray Offshore Wind West Ltd,2539.6,90404.0
2025-12-09,T_MOWWO-3,Moray Offshore Wind West Ltd,338.7,12077.0
2025-12-09,T_MOWWO-4,Moray Offshore Wind West Ltd,390.1,17718.0
2025-12-09,T_SAKNW-1,Sandy Knowe Wind Farm Ltd,295.5,11821.0
2025-12-09,T_SGRWO-1,Seagreen Wind Energy Limited,4546.5,68424.0
2025-12-09,T_SGRWO-2,Seagreen Wind Energy Limited,1015.6,15284.0
2025-12-09,T_SGRWO-3,Seagreen Wind Energy Limited,2398.7,36101.0
2025-12-09,T_SGRWO-4,Seagreen Wind Energy Limited,1798.0,27060.0
2025-12-09,T_SGRWO-5,Seagreen Wind Energy Limited,1163.2,17507.0
2025-12-09,T_SGRWO-6,Seagreen Wind Energy Limited,5642.0,84912.0
2025-12-09,T_SOKYW-1,South Kyle Wind Farm Limited,757.7,22730.0
2025-12-09,T_STRNW-1,Strathy Wind Farm Limited,15.1,1283.0
2025-12-09,T_TWSHW-1,Twentyshilling Limited,282.6,8137.0
2025-12-09,T_VKNGW-1,Viking Energy Wind Farm LLP,1621.1,17687.0
2025-12-09,T_VKNGW-2,Viking Energy Wind Farm LLP,1600.5,17462.0
2025-12-09,T_VKNGW-3,Viking Energy Wind Farm LLP,1500.5,16371.0
2025-12-09,T_VKNGW-4,Viking Energy Wind Farm LLP,1525.7,16646.0
2025-12-09,T_WDRGW-1,Windy Rig Wind Farm Limited,286.9,8419.0
2025-12-10,2__PEDGE003,Edgware Energy Limited,118.3,11814.0
2025-12-10,2__PEDGE004,Edgware Energy Limited,30.2,2987.0
2025-12-10,2__PENEC002,Eneco Energy Trade,615.2,55311.0
2025-12-10,2__PSTAT001,Statkraft Markets Gmbh,535.9,45393.0
2025-12-10,C__PSTAT011,Statkraft Markets Gmbh,955.3,64963.0
2025-12-10,E_ABRTW-1,Npower Commercial Gas Limited,19.5,1775.0
2025-12-10,E_ASLVW-1,Npower Commercial Gas Limited,26.4,2403.0
2025-12-10,E_BABAW-1,Statkraft Markets Gmbh,857.9,70350.0
2025-12-10,E_BETHW-1,SP Renewables (UK) Limited,434.6,36691.0
2025-12-10,E_BLARW-1,Erova Energy Limited,317.8,11998.0
2025-12-10,E_BNWKW-1,Eneco Energy Trade,101.8,9463.0
2025-12-10,E_BRDUW-1,Erova Energy Limited,120.8,11834.0
2025-12-10,E_BTUIW-2,SP Renewables (UK) Limited,97.2,8208.0
2025-12-10,E_BTUIW-3,SP Renewables (UK) Limited,603.0,4522.0
2025-12-10,E_CLDRW-1,Vattenfall Energy Trading,173.1,15928.0
2025-12-10,E_GRGRW-1,Evolve Energy Supply Limited,841.2,58884.0
2025-12-10,E_HLTWW-1,ScottishPower Energy Retail,20.6,2127.0
2025-12-10,E_MOYEW-1,Eneco Energy Trade,307.6,28605.0
2025-12-10,E_TULWW-1,Eneco Energy Trade,32.7,3040.0
2025-12-10,E_TULWW-2,Eneco Energy Trade,138.2,12850.0
2025-12-10,T_ARCHW-1,SP Renewables (UK) Limited,200.9,16946.0
2025-12-10,T_BEINW-1,Beinneun Wind Farm Ltd,180.7,17712.0
2025-12-10,T_BENBW-1,Benbrack Wind Farm Limited,800.4,6403.0
2025-12-10,T_BHLAW-1,SSE Generation Ltd,2128.8,178353.0
2025-12-10,T_BROCW-1,Smartestenergy Limited,406.4,15849.0
2025-12-10,T_CLDNW-1,Clyde Windfarm (Scotland) Ltd,86.0,7924.0
2025-12-10,T_CRDEW-1,EDF Energy Customers Limited,220.3,11897.0
2025-12-10,T_CRDEW-2,EDF Energy Customers Limited,158.8,8574.0
2025-12-10,T_CREAW-1,Creag Riabhach Wind Farm Ltd,1855.5,99642.0
2025-12-10,T_CRMLW-1,EDF Energy Customers Limited,278.0,23219.0
2025-12-10,T_CUMHW-1,Uniper UK Limited,719.2,16628.0
2025-12-10,T_DALQW-1,Statkraft Markets Gmbh,382.1,23310.0
2025-12-10,T_DOREW-1,Dorenell Windfarm Limited,1869.0,108907.0
2025-12-10,T_DOREW-2,Dorenell Windfarm Limited,1332.8,82073.0
2025-12-10,T_DOUGW-1,Erova Energy Limited,529.7,15892.0
2025-12-10,T_DRSLW-1,SP Renewables (UK) Limited,321.8,24483.0
2025-12-10,T_DUNGW-1,Dunmaglass Wind Farm Limited,189.9,17012.0
2025-12-10,T_EDINW-1,Vattenfall Wind Power Ltd,297.5,32720.0
2025-12-10,T_FALGW-1,Fallago Rig Wind Farm Limited,328.4,28070.0
2025-12-10,T_FARR-1,Smartestenergy Limited,403.3,36899.0
2025-12-10,T_FARR-2,Smartestenergy Limited,411.6,37660.0
2025-12-10,T_GLNKW-1,EDF Energy Customers Limited,1130.0,82944.0
2025-12-10,T_GLWSW-1,GALAWHISTLE WIND FARM,120.9,10770.0
2025-12-10,T_GNAPW-1,SP Renewables (UK) Limited,89.1,6779.0
2025-12-10,T_GORDW-1,SSE Generation Ltd,982.4,84104.0
2025-12-10,T_GORDW-2,SSE Generation Ltd,788.6,5954.0
2025-12-10,T_GRIFW-1,Griffin Wind Farm Ltd,280.9,26047.0
2025-12-10,T_GRIFW-2,Griffin Wind Farm Ltd,331.1,30702.0
2025-12-10,T_HALSW-1,SP Renewables (UK) Limited,667.8,5857.0
2025-12-10,T_HRSTW-1,SP Renewables (UK) Limited,99.6,8442.0
2025-12-10,T_KENNW-1,Kennoxhead Wind Farm Limited,32.8,1543.0
2025-12-10,T_KILBW-1,Kilbraur Wind Energy Ltd,61.6,5850.0
2025-12-10,T_KPMRW-1,OnPath Energy Limited,239.1,19930.0
2025-12-10,T_KYPEW-1,Kype Extension Wind Farm Ltd,284.9,7407.0
2025-12-10,T_LCLTW-1,Eneco Energy Trade,205.7,19127.0
2025-12-10,T_LIMKW-1,Limekiln Extension Ltd,2535.2,101407.0
2025-12-10,T_MIDMW-1,OnPath Energy Limited,136.7,11274.0
2025-12-10,T_MKHLW-1,SP Renewables (UK) Limited,65.0,5488.0
2025-12-10,T_MOWEO-1,Moray Offshore Wind East Ltd,4920.8,264924.0
2025-12-10,T_MOWEO-2,Moray Offshore Wind East Ltd,4999.5,278868.0
2025-12-10,T_MOWEO-3,Moray Offshore Wind East Ltd,5333.3,313710.0
2025-12-10,T_MOWWO-1,Moray Offshore Wind West Ltd,4130.0,150871.0
2025-12-10,T_MOWWO-2,Moray Offshore Wind West Ltd,4130.0,150871.0
2025-12-10,T_MOWWO-3,Moray Offshore Wind West Ltd,637.2,23277.0
2025-12-10,T_MOWWO-4,Moray Offshore Wind West Ltd,1262.3,57333.0
2025-12-10,T_MYGPW-1,Minnygap Energy Limited,58.5,4976.0
2025-12-10,T_SAKNW-1,Sandy Knowe Wind Farm Ltd,1800.2,72007.0
2025-12-10,T_SANQW-1,SANQUHAR CWCL,66.3,5929.0
2025-12-10,T_SGRWO-1,Seagreen Wind Energy Limited,6573.5,98931.0
2025-12-10,T_SGRWO-2,Seagreen Wind Energy Limited,1573.9,23686.0
2025-12-10,T_SGRWO-3,Seagreen Wind Energy Limited,3360.0,50568.0
2025-12-10,T_SGRWO-4,Seagreen Wind Energy Limited,2574.1,38740.0
2025-12-10,T_SGRWO-5,Seagreen Wind Energy Limited,1757.5,26451.0
2025-12-10,T_SGRWO-6,Seagreen Wind Energy Limited,8062.9,121346.0
2025-12-10,T_SOKYW-1,South Kyle Wind Farm Limited,3244.8,97344.0
2025-12-10,T_STLGW-1,Stronelairg Windfarm Limited,624.8,56148.0
2025-12-10,T_STLGW-2,Stronelairg Windfarm Limited,1249.6,112300.0
2025-12-10,T_STLGW-3,Stronelairg Windfarm Limited,1106.0,99395.0
2025-12-10,T_STRNW-1,Strathy Wind Farm Limited,715.5,60911.0
2025-12-10,T_TWSHW-1,Twentyshilling Limited,866.3,24940.0
2025-12-10,T_VKNGW-1,Viking Energy Wind Farm LLP,2642.5,28830.0
2025-12-10,T_VKNGW-2,Viking Energy Wind Farm LLP,2412.6,26321.0
2025-12-10,T_VKNGW-3,Viking Energy Wind Farm LLP,2389.9,26074.0
2025-12-10,T_VKNGW-4,Viking Energy Wind Farm LLP,2533.5,27640.0
2025-12-10,T_WDRGW-1,Windy Rig Wind Farm Limited,983.6,28868.0
2025-12-10,T_WHIHW-1,Whiteside Hill,44.7,4021.0
2025-12-10,T_WISTW-2,BROCKLOCH RIG WINDFARM LTD,169.0,13609.0
2025-12-11,2__PENEC002,Eneco Energy Trade,80.4,7231.0
2025-12-11,2__PSTAT001,Statkraft Markets Gmbh,218.3,18494.0
2025-12-11,C__PSTAT011,Statkraft Markets Gmbh,342.5,23293.0
2025-12-11,E_ABRTW-1,Npower Commercial Gas Limited,127.3,11580.0
2025-12-11,E_ASHWW-1,Statkraft Markets Gmbh,49.1,4811.0
2025-12-11,E_ASLVW-1,Npower Commercial Gas Limited,39.1,3558.0
2025-12-11,E_BABAW-1,Statkraft Markets Gmbh,169.3,13881.0
2025-12-11,E_BETHW-1,SP Renewables (UK) Limited,193.6,16344.0
2025-12-11,E_BLARW-1,Erova Energy Limited,298.1,12575.0
2025-12-11,E_BNWKW-1,Eneco Energy Trade,122.4,11379.0
2025-12-11,E_BTUIW-2,SP Renewables (UK) Limited,280.1,23652.0
2025-12-11,E_BTUIW-3,SP Renewables (UK) Limited,549.6,4122.0
2025-12-11,E_CLDRW-1,Vattenfall Energy Trading,48.2,4433.0
2025-12-11,E_GRGRW-1,Evolve Energy Supply Limited,251.5,17602.0
2025-12-11,E_MOYEW-1,Eneco Energy Trade,229.1,21304.0
2025-12-11,E_TULWW-1,Eneco Energy Trade,19.4,1800.0
2025-12-11,E_TULWW-2,Eneco Energy Trade,27.1,2524.0
2025-12-11,T_AFTOW-1,Afton Wind Farm Limited,150.0,12003.0
2025-12-11,T_ARCHW-1,SP Renewables (UK) Limited,578.3,48787.0
2025-12-11,T_BEATO-1,Beatrice Offshore Windfarm Ltd,147.9,21424.0
2025-12-11,T_BEINW-1,Beinneun Wind Farm Ltd,109.1,10692.0
2025-12-11,T_BENBW-1,Benbrack Wind Farm Limited,740.1,5921.0
2025-12-11,T_BHLAW-1,SSE Generation Ltd,785.9,65840.0
2025-12-11,T_BROCW-1,Smartestenergy Limited,321.4,12533.0
2025-12-11,T_CLDNW-1,Clyde Windfarm (Scotland) Ltd,1126.2,103758.0
2025-12-11,T_CRDEW-1,EDF Energy Customers Limited,164.8,8901.0
2025-12-11,T_CRDEW-2,EDF Energy Customers Limited,205.5,11095.0
2025-12-11,T_CREAW-1,Creag Riabhach Wind Farm Ltd,574.2,30832.0
2025-12-11,T_CRMLW-1,EDF Energy Customers Limited,222.3,18569.0
2025-12-11,T_CUMHW-1,Uniper UK Limited,368.5,8519.0
2025-12-11,T_DALQW-1,Statkraft Markets Gmbh,331.1,20197.0
2025-12-11,T_DOREW-1,Dorenell Windfarm Limited,1132.4,69490.0
2025-12-11,T_DOREW-2,Dorenell Windfarm Limited,966.7,59013.0
2025-12-11,T_DOUGW-1,Erova Energy Limited,393.2,11795.0
2025-12-11,T_DRSLW-1,SP Renewables (UK) Limited,539.9,41069.0
2025-12-11,T_DUNGW-1,Dunmaglass Wind Farm Limited,558.2,50014.0
2025-12-11,T_EDINW-1,Vattenfall Wind Power Ltd,163.4,17973.0
2025-12-11,T_FALGW-1,Fallago Rig Wind Farm Limited,972.2,83090.0
2025-12-11,T_FARR-1,Smartestenergy Limited,205.3,18788.0
2025-12-11,T_FARR-2,Smartestenergy Limited,33.3,3051.0
2025-12-11,T_GLNKW-1,EDF Energy Customers Limited,421.3,30924.0
2025-12-11,T_GLWSW-1,GALAWHISTLE WIND FARM,227.1,20238.0
2025-12-11,T_GNAPW-1,SP Renewables (UK) Limited,154.5,11755.0
2025-12-11,T_GORDW-1,SSE Generation Ltd,339.2,29042.0
2025-12-11,T_GORDW-2,SSE Generation Ltd,413.1,3119.0
2025-12-11,T_GRIFW-1,Griffin Wind Farm Ltd,89.8,8323.0
2025-12-11,T_GRIFW-2,Griffin Wind Farm Ltd,89.6,8307.0
2025-12-11,T_HALSW-1,SP Renewables (UK) Limited,547.0,4797.0
2025-12-11,T_HRSTW-1,SP Renewables (UK) Limited,283.6,24035.0
2025-12-11,T_KILBW-1,Kilbraur Wind Energy Ltd,45.8,4347.0
2025-12-11,T_KLGLW-1,SP Renewables (UK) Limited,691.6,52451.0
2025-12-11,T_KPMRW-1,OnPath Energy Limited,298.5,27158.0
2025-12-11,T_KYPEW-1,Kype Extension Wind Farm Ltd,603.4,15689.0
2025-12-11,T_LCLTW-1,Eneco Energy Trade,177.2,16482.0
2025-12-11,T_LIMKW-1,Limekiln Extension Ltd,579.8,23192.0
2025-12-11,T_MIDMW-1,OnPath Energy Limited,112.8,10828.0
2025-12-11,T_MKHLW-1,SP Renewables (UK) Limited,274.4,23172.0
2025-12-11,T_MOWEO-1,Moray Offshore Wind East Ltd,5340.8,295202.0
2025-12-11,T_MOWEO-2,Moray Offshore Wind East Ltd,5536.0,300541.0
2025-12-11,T_MOWEO-3,Moray Offshore Wind East Ltd,5445.2,303690.0
2025-12-11,T_MOWWO-1,Moray Offshore Wind West Ltd,3657.6,128908.0
2025-12-11,T_MOWWO-2,Moray Offshore Wind West Ltd,3403.9,120162.0
2025-12-11,T_MOWWO-3,Moray Offshore Wind West Ltd,462.7,16474.0
2025-12-11,T_MOWWO-4,Moray Offshore Wind West Ltd,871.2,39570.0
2025-12-11,T_MYGPW-1,Minnygap Energy Limited,131.2,11152.0
2025-12-11,T_SAKNW-1,Sandy Knowe Wind Farm Ltd,994.3,39772.0
2025-12-11,T_SANQW-1,SANQUHAR CWCL,147.3,13179.0
2025-12-11,T_SGRWO-1,Seagreen Wind Energy Limited,4598.3,69205.0
2025-12-11,T_SGRWO-2,Seagreen Wind Energy Limited,1166.6,17557.0
2025-12-11,T_SGRWO-3,Seagreen Wind Energy Limited,2663.4,40084.0
2025-12-11,T_SGRWO-4,Seagreen Wind Energy Limited,1654.4,24899.0
2025-12-11,T_SGRWO-5,Seagreen Wind Energy Limited,1210.5,18218.0
2025-12-11,T_SGRWO-6,Seagreen Wind Energy Limited,5802.5,87327.0
2025-12-11,T_SOKYW-1,South Kyle Wind Farm Limited,2350.2,70505.0
2025-12-11,T_STLGW-1,Stronelairg Windfarm Limited,374.9,33693.0
2025-12-11,T_STLGW-2,Stronelairg Windfarm Limited,472.5,42467.0
2025-12-11,T_STLGW-3,Stronelairg Windfarm Limited,517.4,46494.0
2025-12-11,T_STRNW-1,Strathy Wind Farm Limited,213.5,18175.0
2025-12-11,T_TDBNW-1,SSE Generation Ltd,28.8,2671.0
2025-12-11,T_TWSHW-1,Twentyshilling Limited,257.8,7421.0
2025-12-11,T_VKNGW-1,Viking Energy Wind Farm LLP,1711.1,18668.0
2025-12-11,T_VKNGW-2,Viking Energy Wind Farm LLP,1656.3,18071.0
2025-12-11,T_VKNGW-3,Viking Energy Wind Farm LLP,1534.0,16736.0
2025-12-11,T_VKNGW-4,Viking Energy Wind Farm LLP,1615.5,17625.0
2025-12-11,T_WDRGW-1,Windy Rig Wind Farm Limited,499.9,14671.0
2025-12-11,T_WHIHW-1,Whiteside Hill,80.4,7233.0
2025-12-11,T_WISTW-2,BROCKLOCH RIG WINDFARM LTD,436.8,35162.0
2025-12-12,2__PSTAT001,Statkraft Markets Gmbh,19.7,1666.0
2025-12-12,C__PSTAT011,Statkraft Markets Gmbh,60.4,4104.0
2025-12-12,E_BABAW-1,Statkraft Markets Gmbh,14.1,1156.0
2025-12-12,T_CREAW-1,Creag Riabhach Wind Farm Ltd,76.2,4090.0
2025-12-12,T_CUMHW-1,Uniper UK Limited,32.1,742.0
2025-12-12,T_DOREW-1,Dorenell Windfarm Limited,181.3,7260.0
2025-12-12,T_DOREW-2,Dorenell Windfarm Limited,80.2,3380.0
2025-12-12,T_DUNGW-1,Dunmaglass Wind Farm Limited,56.7,5074.0
2025-12-12,T_EDINW-1,Vattenfall Wind Power Ltd,5.6,620.0
2025-12-12,T_GLNKW-1,EDF Energy Customers Limited,71.0,5214.0
2025-12-12,T_GORDW-1,SSE Generation Ltd,29.3,2511.0
2025-12-12,T_GORDW-2,SSE Generation Ltd,238.5,1800.0
2025-12-12,T_GRGBW-3,Greater Gabbard Offshore Winds,2.6,436.0
2025-12-12,T_HALSW-1,SP Renewables (UK) Limited,313.0,2745.0
2025-12-12,T_LARYW-2,London Array Limited,1.4,252.0
2025-12-12,T_MOWEO-1,Moray Offshore Wind East Ltd,1721.5,69893.0
2025-12-12,T_MOWEO-2,Moray Offshore Wind East Ltd,1308.0,53984.0
2025-12-12,T_MOWEO-3,Moray Offshore Wind East Ltd,1589.4,63927.0
2025-12-12,T_MOWWO-1,Moray Offshore Wind West Ltd,1538.1,51811.0
2025-12-12,T_MOWWO-2,Moray Offshore Wind West Ltd,1102.6,37258.0
2025-12-12,T_MOWWO-3,Moray Offshore Wind West Ltd,103.3,3585.0
2025-12-12,T_SGRWO-1,Seagreen Wind Energy Limited,534.3,8041.0
2025-12-12,T_SGRWO-2,Seagreen Wind Energy Limited,100.1,1506.0
2025-12-12,T_SGRWO-3,Seagreen Wind Energy Limited,317.7,4781.0
2025-12-12,T_SGRWO-4,Seagreen Wind Energy Limited,204.0,3070.0
2025-12-12,T_SGRWO-5,Seagreen Wind Energy Limited,162.0,2438.0
2025-12-12,T_SGRWO-6,Seagreen Wind Energy Limited,1505.1,22652.0
2025-12-12,T_VKNGW-1,Viking Energy Wind Farm LLP,748.2,8158.0
2025-12-12,T_VKNGW-2,Viking Energy Wind Farm LLP,741.4,8085.0
2025-12-12,T_VKNGW-3,Viking Energy Wind Farm LLP,625.3,6819.0
2025-12-12,T_VKNGW-4,Viking Energy Wind Farm LLP,650.9,7097.0
2025-12-13,2__PEDGE003,Edgware Energy Limited,37.8,3779.0
2025-12-13,2__PEDGE004,Edgware Energy Limited,16.4,1623.0
2025-12-13,2__PENEC002,Eneco Energy Trade,167.1,15027.0
2025-12-13,2__PSTAT001,Statkraft Markets Gmbh,545.4,46193.0
2025-12-13,C__PSTAT011,Statkraft Markets Gmbh,945.8,64311.0
2025-12-13,E_ASHWW-1,Statkraft Markets Gmbh,32.8,3210.0
2025-12-13,E_BABAW-1,Statkraft Markets Gmbh,797.0,65353.0
2025-12-13,E_BETHW-1,SP Renewables (UK) Limited,204.0,17227.0
2025-12-13,E_BLARW-1,Erova Energy Limited,480.2,15915.0
2025-12-13,E_BRDUW-1,Erova Energy Limited,78.0,7644.0
2025-12-13,E_BTUIW-2,SP Renewables (UK) Limited,239.6,20229.0
2025-12-13,E_BTUIW-3,SP Renewables (UK) Limited,918.0,6885.0
2025-12-13,E_DALSW-1,Mobius Renewables Gen. (GB),5.2,533.0
2025-12-13,E_GRGRW-1,Evolve Energy Supply Limited,617.5,43227.0
2025-12-13,E_HLTWW-1,ScottishPower Energy Retail,5.3,550.0
2025-12-13,E_HRHLW-1,SP Renewables (UK) Limited,19.3,1468.0
2025-12-13,E_MOYEW-1,Eneco Energy Trade,84.0,7811.0
2025-12-13,T_ACHRW-1,Mobius Renewables Gen. (GB2,16.2,1605.0
2025-12-13,T_ARCHW-1,SP Renewables (UK) Limited,269.8,22759.0
2025-12-13,T_BEINW-1,Beinneun Wind Farm Ltd,77.2,7566.0
2025-12-13,T_BENBW-1,Benbrack Wind Farm Limited,673.6,5389.0
2025-12-13,T_BHLAW-1,SSE Generation Ltd,2165.8,181363.0
2025-12-13,T_BLLA-2,SP Renewables (UK) Limited,213.8,16261.0
2025-12-13,T_BROCW-1,Smartestenergy Limited,574.7,22415.0
2025-12-13,T_CLDCW-1,Clyde Windfarm (Scotland) Ltd,285.2,27659.0
2025-12-13,T_CLDNW-1,Clyde Windfarm (Scotland) Ltd,422.2,38881.0
2025-12-13,T_CLDSW-1,Clyde Windfarm (Scotland) Ltd,243.9,23433.0
2025-12-13,T_CRDEW-1,EDF Energy Customers Limited,251.0,13555.0
2025-12-13,T_CRDEW-2,EDF Energy Customers Limited,251.0,13555.0
2025-12-13,T_CREAW-1,Creag Riabhach Wind Farm Ltd,1460.7,78438.0
2025-12-13,T_CRGHW-1,Statkraft Markets Gmbh,229.9,17702.0
2025-12-13,T_CRMLW-1,EDF Energy Customers Limited,756.8,63206.0
2025-12-13,T_CUMHW-1,Uniper UK Limited,850.9,19672.0
2025-12-13,T_DALQW-1,Statkraft Markets Gmbh,625.8,38175.0
2025-12-13,T_DNLWW-1,SP Renewables (UK) Limited,72.5,6121.0
2025-12-13,T_DOREW-1,Dorenell Windfarm Limited,1857.5,93549.0
2025-12-13,T_DOREW-2,Dorenell Windfarm Limited,1540.1,77162.0
2025-12-13,T_DOUGW-1,Erova Energy Limited,628.7,18860.0
2025-12-13,T_DRSLW-1,SP Renewables (UK) Limited,464.3,35315.0
2025-12-13,T_DUNGW-1,Dunmaglass Wind Farm Limited,1596.3,142950.0
2025-12-13,T_EDINW-1,Vattenfall Wind Power Ltd,155.6,17112.0
2025-12-13,T_EWHLW-1,SP Renewables (UK) Limited,141.8,10788.0
2025-12-13,T_GLNKW-1,EDF Energy Customers Limited,981.9,72071.0
2025-12-13,T_GLWSW-1,GALAWHISTLE WIND FARM,109.0,9716.0
2025-12-13,T_GNAPW-1,SP Renewables (UK) Limited,96.7,7355.0
2025-12-13,T_GORDW-1,SSE Generation Ltd,1292.8,110622.0
2025-12-13,T_GORDW-2,SSE Generation Ltd,638.2,4793.0
2025-12-13,T_HALSW-1,SP Renewables (UK) Limited,612.0,5367.0
2025-12-13,T_KENNW-1,Kennoxhead Wind Farm Limited,943.4,29643.0
2025-12-13,T_KILBW-1,Kilbraur Wind Energy Ltd,70.7,6719.0
2025-12-13,T_KLGLW-1,SP Renewables (UK) Limited,2318.0,175797.0
2025-12-13,T_KPMRW-1,OnPath Energy Limited,1103.1,79259.0
2025-12-13,T_KYPEW-1,Kype Extension Wind Farm Ltd,766.9,19940.0
2025-12-13,T_LCLTW-1,Eneco Energy Trade,99.5,9255.0
2025-12-13,T_MIDMW-1,OnPath Energy Limited,660.6,47605.0
2025-12-13,T_MKHLW-1,SP Renewables (UK) Limited,123.0,10387.0
2025-12-13,T_MOWEO-1,Moray Offshore Wind East Ltd,6925.1,348017.0
2025-12-13,T_MOWEO-2,Moray Offshore Wind East Ltd,6433.2,323526.0
2025-12-13,T_MOWEO-3,Moray Offshore Wind East Ltd,6377.5,320377.0
2025-12-13,T_MOWWO-1,Moray Offshore Wind West Ltd,3905.4,137899.0
2025-12-13,T_MOWWO-2,Moray Offshore Wind West Ltd,3913.1,138163.0
2025-12-13,T_MOWWO-3,Moray Offshore Wind West Ltd,492.6,17406.0
2025-12-13,T_MOWWO-4,Moray Offshore Wind West Ltd,931.9,42328.0
2025-12-13,T_SAKNW-1,Sandy Knowe Wind Farm Ltd,1253.8,50151.0
2025-12-13,T_SANQW-1,SANQUHAR CWCL,23.8,2126.0
2025-12-13,T_SGRWO-1,Seagreen Wind Energy Limited,6201.0,93325.0
2025-12-13,T_SGRWO-2,Seagreen Wind Energy Limited,1524.5,22944.0
2025-12-13,T_SGRWO-3,Seagreen Wind Energy Limited,3076.3,46299.0
2025-12-13,T_SGRWO-4,Seagreen Wind Energy Limited,2533.5,38129.0
2025-12-13,T_SGRWO-5,Seagreen Wind Energy Limited,1529.6,23020.0
2025-12-13,T_SGRWO-6,Seagreen Wind Energy Limited,7590.0,114230.0
2025-12-13,T_SOKYW-1,South Kyle Wind Farm Limited,4009.1,120272.0
2025-12-13,T_STLGW-1,Stronelairg Windfarm Limited,519.7,46679.0
2025-12-13,T_STLGW-2,Stronelairg Windfarm Limited,1218.3,109425.0
2025-12-13,T_STLGW-3,Stronelairg Windfarm Limited,983.6,88351.0
2025-12-13,T_STRNW-1,Strathy Wind Farm Limited,903.3,76860.0
2025-12-13,T_TDBNW-1,SSE Generation Ltd,4.8,448.0
2025-12-13,T_TWSHW-1,Twentyshilling Limited,750.7,21613.0
2025-12-13,T_VKNGW-1,Viking Energy Wind Farm LLP,2613.5,28409.0
2025-12-13,T_VKNGW-2,Viking Energy Wind Farm LLP,2620.3,28483.0
2025-12-13,T_VKNGW-3,Viking Energy Wind Farm LLP,2498.4,27158.0
2025-12-13,T_VKNGW-4,Viking Energy Wind Farm LLP,2580.5,28050.0
2025-12-13,T_WDRGW-1,Windy Rig Wind Farm Limited,824.1,24187.0
2025-12-13,T_WISTW-2,BROCKLOCH RIG WINDFARM LTD,182.5,14691.0
2025-12-14,2__PEDGE003,Edgware Energy Limited,81.4,8126.0
2025-12-14,2__PEDGE004,Edgware Energy Limited,34.6,3413.0
2025-12-14,2__PENEC002,Eneco Energy Trade,565.4,50834.0
2025-12-14,2__PSTAT001,Statkraft Markets Gmbh,284.0,24054.0
2025-12-14,C__PSTAT011,Statkraft Markets Gmbh,838.7,57033.0
2025-12-14,E_ABRTW-1,Npower Commercial Gas Limited,15.5,1410.0
2025-12-14,E_ASHWW-1,Statkraft Markets Gmbh,241.1,23606.0
2025-12-14,E_BABAW-1,Statkraft Markets Gmbh,346.1,28381.0
2025-12-14,E_BETHW-1,SP Renewables (UK) Limited,208.9,17635.0
2025-12-14,E_BLARW-1,Erova Energy Limited,567.3,25512.0
2025-12-14,E_BRDUW-1,Erova Energy Limited,359.1,35193.0
2025-12-14,E_BTUIW-3,SP Renewables (UK) Limited,893.5,6701.0
2025-12-14,E_CLDRW-1,Vattenfall Energy Trading,20.9,1920.0
2025-12-14,E_DALSW-1,Mobius Renewables Gen. (GB),1.6,162.0
2025-12-14,E_GRGRW-1,Evolve Energy Supply Limited,660.0,46197.0
2025-12-14,E_HLTWW-1,ScottishPower Energy Retail,56.2,5792.0
2025-12-14,E_HRHLW-1,SP Renewables (UK) Limited,391.6,29788.0
2025-12-14,E_MOYEW-1,Eneco Energy Trade,257.8,23978.0
2025-12-14,T_ACHRW-1,Mobius Renewables Gen. (GB2,28.8,2848.0
2025-12-14,T_ARCHW-1,SP Renewables (UK) Limited,842.3,71068.0
2025-12-14,T_BEINW-1,Beinneun Wind Farm Ltd,300.8,29480.0
2025-12-14,T_BENBW-1,Benbrack Wind Farm Limited,1317.4,10539.0
2025-12-14,T_BHLAW-1,SSE Generation Ltd,1019.0,85327.0
2025-12-14,T_BLLA-2,SP Renewables (UK) Limited,317.2,24131.0
2025-12-14,T_BROCW-1,Smartestenergy Limited,775.2,30234.0
2025-12-14,T_CLDCW-1,Clyde Windfarm (Scotland) Ltd,1330.0,128981.0
2025-12-14,T_CLDNW-1,Clyde Windfarm (Scotland) Ltd,1086.4,100046.0
2025-12-14,T_CLDSW-1,Clyde Windfarm (Scotland) Ltd,944.7,90775.0
2025-12-14,T_CRDEW-1,EDF Energy Customers Limited,484.4,26155.0
2025-12-14,T_CRDEW-2,EDF Energy Customers Limited,491.7,26551.0
2025-12-14,T_CREAW-1,Creag Riabhach Wind Farm Ltd,1224.9,65775.0
2025-12-14,T_CRGHW-1,Statkraft Markets Gmbh,406.3,31288.0
2025-12-14,T_CRMLW-1,EDF Energy Customers Limited,616.8,51518.0
2025-12-14,T_CRYRW-3,Eneco Energy Trade,86.5,6637.0
2025-12-14,T_CUMHW-1,Uniper UK Limited,942.9,21800.0
2025-12-14,T_DALQW-1,Statkraft Markets Gmbh,848.2,51738.0
2025-12-14,T_DNLWW-1,SP Renewables (UK) Limited,163.2,13781.0
2025-12-14,T_DOREW-1,Dorenell Windfarm Limited,2119.0,136970.0
2025-12-14,T_DOREW-2,Dorenell Windfarm Limited,1611.0,102500.0
2025-12-14,T_DOUGW-1,Erova Energy Limited,797.7,23930.0
2025-12-14,T_DRSLW-1,SP Renewables (UK) Limited,916.9,69745.0
2025-12-14,T_DUNGW-1,Dunmaglass Wind Farm Limited,851.1,76218.0
2025-12-14,T_EDINW-1,Vattenfall Wind Power Ltd,153.7,16903.0
2025-12-14,T_EWHLW-1,SP Renewables (UK) Limited,448.8,34141.0
2025-12-14,T_FARR-1,Smartestenergy Limited,24.3,2226.0
2025-12-14,T_FARR-2,Smartestenergy Limited,23.2,2122.0
2025-12-14,T_GLNKW-1,EDF Energy Customers Limited,864.1,63427.0
2025-12-14,T_GLWSW-1,GALAWHISTLE WIND FARM,250.2,22293.0
2025-12-14,T_GNAPW-1,SP Renewables (UK) Limited,227.2,17286.0
2025-12-14,T_GORDW-1,SSE Generation Ltd,638.3,54620.0
2025-12-14,T_GORDW-2,SSE Generation Ltd,402.5,3022.0
2025-12-14,T_HALSW-1,SP Renewables (UK) Limited,490.0,4297.0
2025-12-14,T_KENNW-1,Kennoxhead Wind Farm Limited,1065.4,33977.0
2025-12-14,T_KILBW-1,Kilbraur Wind Energy Ltd,45.6,4331.0
2025-12-14,T_KLGLW-1,SP Renewables (UK) Limited,1607.4,121905.0
2025-12-14,T_KPMRW-1,OnPath Energy Limited,715.6,52918.0
2025-12-14,T_KYPEW-1,Kype Extension Wind Farm Ltd,1238.6,32203.0
2025-12-14,T_LCLTW-1,Eneco Energy Trade,383.5,35669.0
2025-12-14,T_MIDMW-1,OnPath Energy Limited,272.1,20924.0
2025-12-14,T_MKHLW-1,SP Renewables (UK) Limited,364.8,30800.0
2025-12-14,T_MOWEO-1,Moray Offshore Wind East Ltd,5781.9,369612.0
2025-12-14,T_MOWEO-2,Moray Offshore Wind East Ltd,5290.1,335886.0
2025-12-14,T_MOWEO-3,Moray Offshore Wind East Ltd,5309.5,337740.0
2025-12-14,T_MOWWO-1,Moray Offshore Wind West Ltd,3891.4,140498.0
2025-12-14,T_MOWWO-2,Moray Offshore Wind West Ltd,3824.9,138073.0
2025-12-14,T_MOWWO-3,Moray Offshore Wind West Ltd,594.4,21460.0
2025-12-14,T_MOWWO-4,Moray Offshore Wind West Ltd,1166.9,53000.0
2025-12-14,T_SAKNW-1,Sandy Knowe Wind Farm Ltd,1873.7,74950.0
2025-12-14,T_SANQW-1,SANQUHAR CWCL,287.8,25754.0
2025-12-14,T_SGRWO-1,Seagreen Wind Energy Limited,6385.1,96096.0
2025-12-14,T_SGRWO-2,Seagreen Wind Energy Limited,1508.0,22696.0
2025-12-14,T_SGRWO-3,Seagreen Wind Energy Limited,3084.7,46425.0
2025-12-14,T_SGRWO-4,Seagreen Wind Energy Limited,2507.0,37730.0
2025-12-14,T_SGRWO-5,Seagreen Wind Energy Limited,1502.3,22610.0
2025-12-14,T_SGRWO-6,Seagreen Wind Energy Limited,7829.8,117839.0
2025-12-14,T_SOKYW-1,South Kyle Wind Farm Limited,4439.9,133198.0
2025-12-14,T_STLGW-1,Stronelairg Windfarm Limited,499.1,44831.0
2025-12-14,T_STLGW-2,Stronelairg Windfarm Limited,615.7,55305.0
2025-12-14,T_STLGW-3,Stronelairg Windfarm Limited,268.8,24147.0
2025-12-14,T_STRNW-1,Strathy Wind Farm Limited,431.6,36721.0
2025-12-14,T_TDBNW-1,SSE Generation Ltd,56.5,5234.0
2025-12-14,T_TWSHW-1,Twentyshilling Limited,818.2,23557.0
2025-12-14,T_VKNGW-1,Viking Energy Wind Farm LLP,2518.4,27375.0
2025-12-14,T_VKNGW-2,Viking Energy Wind Farm LLP,2473.2,26884.0
2025-12-14,T_VKNGW-3,Viking Energy Wind Farm LLP,2237.0,24316.0
2025-12-14,T_VKNGW-4,Viking Energy Wind Farm LLP,2273.6,24714.0
2025-12-14,T_WDRGW-1,Windy Rig Wind Farm Limited,944.8,27729.0
2025-12-14,T_WHILW-1,SP Renewables (UK) Limited,598.7,51372.0
2025-12-14,T_WISTW-2,BROCKLOCH RIG WINDFARM LTD,739.4,59525.0
2025-12-15,E_BTUIW-3,SP Renewables (UK) Limited,42.9,322.0
2025-12-15,T_GORDW-2,SSE Generation Ltd,13.4,100.0
2025-12-15,T_MOWEO-1,Moray Offshore Wind East Ltd,10.6,578.0
2025-12-15,T_MOWEO-3,Moray Offshore Wind East Ltd,36.8,1915.0
2025-12-15,T_SGRWO-1,Seagreen Wind Energy Limited,125.0,1882.0
2025-12-15,T_SGRWO-6,Seagreen Wind Energy Limited,469.3,7063.0
2025-12-15,T_VKNGW-1,Viking Energy Wind Farm LLP,204.7,2225.0
2025-12-15,T_VKNGW-2,Viking Energy Wind Farm LLP,214.5,2332.0
2025-12-15,T_VKNGW-3,Viking Energy Wind Farm LLP,244.6,2658.0
2025-12-15,T_VKNGW-4,Viking Energy Wind Farm LLP,254.1,2762.0
2025-12-16,E_BLARW-1,Erova Energy Limited,20.7,575.0
2025-12-16,E_BTUIW-3,SP Renewables (UK) Limited,35.5,266.0
2025-12-16,T_BENBW-1,Benbrack Wind Farm Limited,12.6,101.0
2025-12-16,T_CUMHW-1,Uniper UK Limited,18.8,434.0
2025-12-16,T_EDINW-1,Vattenfall Wind Power Ltd,4.0,441.0
2025-12-16,T_GORDW-2,SSE Generation Ltd,23.4,175.0
2025-12-16,T_HALSW-1,SP Renewables (UK) Limited,59.9,525.0
2025-12-16,T_MOWEO-1,Moray Offshore Wind East Ltd,229.2,11397.0
2025-12-16,T_MOWEO-2,Moray Offshore Wind East Ltd,28.2,1311.0
2025-12-16,T_MOWEO-3,Moray Offshore Wind East Ltd,25.3,1177.0
2025-12-16,T_SGRWO-1,Seagreen Wind Energy Limited,175.6,2610.0
2025-12-16,T_SGRWO-2,Seagreen Wind Energy Limited,49.4,734.0
2025-12-16,T_SGRWO-3,Seagreen Wind Energy Limited,100.0,1486.0
2025-12-16,T_SGRWO-4,Seagreen Wind Energy Limited,80.8,1201.0
2025-12-16,T_SGRWO-5,Seagreen Wind Energy Limited,40.2,597.0
2025-12-16,T_SGRWO-6,Seagreen Wind Energy Limited,210.7,3130.0
2025-12-16,T_SOKYW-1,South Kyle Wind Farm Limited,107.5,3654.0
2025-12-16,T_VKNGW-1,Viking Energy Wind Farm LLP,134.9,1467.0
2025-12-16,T_VKNGW-2,Viking Energy Wind Farm LLP,130.4,1418.0
2025-12-16,T_VKNGW-3,Viking Energy Wind Farm LLP,131.2,1426.0
2025-12-16,T_VKNGW-4,Viking Energy Wind Farm LLP,218.6,2376.0
2025-12-17,2__PENEC001,Eneco Energy Trade,48.6,4277.0
2025-12-17,2__PENEC002,Eneco Energy Trade,127.8,11490.0
2025-12-17,2__PSMAE001,Smartestenergy Limited,59.6,5456.0
2025-12-17,2__PSTAT001,Statkraft Markets Gmbh,48.4,4099.0
2025-12-17,C__PSTAT011,Statkraft Markets Gmbh,316.7,21533.0
2025-12-17,E_ABRTW-1,Npower Commercial Gas Limited,43.1,3919.0
2025-12-17,E_ASLVW-1,Npower Commercial Gas Limited,20.4,1858.0
2025-12-17,E_BABAW-1,Statkraft Markets Gmbh,175.9,14420.0
2025-12-17,E_BETHW-1,SP Renewables (UK) Limited,75.8,6400.0
2025-12-17,E_BLARW-1,Erova Energy Limited,471.3,15014.0
2025-12-17,E_BTUIW-2,SP Renewables (UK) Limited,164.0,13847.0
2025-12-17,E_BTUIW-3,SP Renewables (UK) Limited,796.5,5974.0
2025-12-17,E_CLDRW-1,Vattenfall Energy Trading,87.0,8008.0
2025-12-17,E_CLFLW-1,SP Renewables (UK) Limited,27.6,2326.0
2025-12-17,E_GRGRW-1,Evolve Energy Supply Limited,284.2,19896.0
2025-12-17,E_HRHLW-1,SP Renewables (UK) Limited,208.6,15868.0
2025-12-17,T_AFTOW-1,Afton Wind Farm Limited,129.2,10334.0
2025-12-17,T_ARCHW-1,SP Renewables (UK) Limited,488.5,41215.0
2025-12-17,T_BENBW-1,Benbrack Wind Farm Limited,831.4,6652.0
2025-12-17,T_BHLAW-1,SSE Generation Ltd,591.8,49559.0
2025-12-17,T_BLLA-2,SP Renewables (UK) Limited,383.4,29161.0
2025-12-17,T_BROCW-1,Smartestenergy Limited,244.9,9550.0
2025-12-17,T_CLDNW-1,Clyde Windfarm (Scotland) Ltd,443.9,40881.0
2025-12-17,T_CRDEW-1,EDF Energy Customers Limited,238.9,12898.0
2025-12-17,T_CRDEW-2,EDF Energy Customers Limited,270.9,14631.0
2025-12-17,T_CREAW-1,Creag Riabhach Wind Farm Ltd,462.7,24847.0
2025-12-17,T_CRGHW-1,Statkraft Markets Gmbh,257.3,19813.0
2025-12-17,T_CRMLW-1,EDF Energy Customers Limited,112.3,9381.0
2025-12-17,T_CUMHW-1,Uniper UK Limited,683.9,15811.0
2025-12-17,T_DALQW-1,Statkraft Markets Gmbh,347.2,21176.0
2025-12-17,T_DNLWW-1,SP Renewables (UK) Limited,80.1,6761.0
2025-12-17,T_DOREW-1,Dorenell Windfarm Limited,952.4,45746.0
2025-12-17,T_DOREW-2,Dorenell Windfarm Limited,816.1,39260.0
2025-12-17,T_DOUGW-1,Erova Energy Limited,516.0,15480.0
2025-12-17,T_DRSLW-1,SP Renewables (UK) Limited,546.0,41533.0
2025-12-17,T_DUNGW-1,Dunmaglass Wind Farm Limited,281.0,25164.0
2025-12-17,T_EDINW-1,Vattenfall Wind Power Ltd,83.6,9195.0
2025-12-17,T_EWHLW-1,SP Renewables (UK) Limited,195.3,14860.0
2025-12-17,T_FARR-1,Smartestenergy Limited,65.6,6000.0
2025-12-17,T_FARR-2,Smartestenergy Limited,54.5,4983.0
2025-12-17,T_GLNKW-1,EDF Energy Customers Limited,358.5,26311.0
2025-12-17,T_GLWSW-1,GALAWHISTLE WIND FARM,128.1,11417.0
2025-12-17,T_GNAPW-1,SP Renewables (UK) Limited,187.2,14244.0
2025-12-17,T_GORDW-1,SSE Generation Ltd,176.2,15080.0
2025-12-17,T_GORDW-2,SSE Generation Ltd,473.3,3554.0
2025-12-17,T_GRGBW-1,Greater Gabbard Offshore Winds,3.5,576.0
2025-12-17,T_GRGBW-3,Greater Gabbard Offshore Winds,2.7,443.0
2025-12-17,T_HALSW-1,SP Renewables (UK) Limited,482.5,4231.0
2025-12-17,T_HRSTW-1,SP Renewables (UK) Limited,372.1,31535.0
2025-12-17,T_KENNW-1,Kennoxhead Wind Farm Limited,693.7,21796.0
2025-12-17,T_KLGLW-1,SP Renewables (UK) Limited,2021.0,153273.0
2025-12-17,T_KPMRW-1,OnPath Energy Limited,632.1,42084.0
2025-12-17,T_KYPEW-1,Kype Extension Wind Farm Ltd,780.7,20297.0
2025-12-17,T_LIMKW-1,Limekiln Extension Ltd,1284.0,51358.0
2025-12-17,T_MIDMW-1,OnPath Energy Limited,443.2,29578.0
2025-12-17,T_MKHLW-1,SP Renewables (UK) Limited,248.3,20968.0
2025-12-17,T_MOWEO-1,Moray Offshore Wind East Ltd,3883.7,184723.0
2025-12-17,T_MOWEO-2,Moray Offshore Wind East Ltd,3630.9,173317.0
2025-12-17,T_MOWEO-3,Moray Offshore Wind East Ltd,3790.3,180500.0
2025-12-17,T_MYGPW-1,Minnygap Energy Limited,75.6,6430.0
2025-12-17,T_SAKNW-1,Sandy Knowe Wind Farm Ltd,1081.3,43254.0
2025-12-17,T_SANQW-1,SANQUHAR CWCL,76.5,6847.0
2025-12-17,T_SGRWO-1,Seagreen Wind Energy Limited,5001.3,74320.0
2025-12-17,T_SGRWO-2,Seagreen Wind Energy Limited,1158.7,17218.0
2025-12-17,T_SGRWO-3,Seagreen Wind Energy Limited,2523.1,37493.0
2025-12-17,T_SGRWO-4,Seagreen Wind Energy Limited,2015.3,29948.0
2025-12-17,T_SGRWO-5,Seagreen Wind Energy Limited,1047.6,15568.0
2025-12-17,T_SGRWO-6,Seagreen Wind Energy Limited,7078.2,105181.0
2025-12-17,T_SOKYW-1,South Kyle Wind Farm Limited,3129.4,106400.0
2025-12-17,T_STLGW-1,Stronelairg Windfarm Limited,348.0,31257.0
2025-12-17,T_STLGW-2,Stronelairg Windfarm Limited,368.6,33111.0
2025-12-17,T_STLGW-3,Stronelairg Windfarm Limited,380.3,34159.0
2025-12-17,T_STRNW-1,Strathy Wind Farm Limited,175.0,14894.0
2025-12-17,T_TWSHW-1,Twentyshilling Limited,496.5,14295.0
2025-12-17,T_VKNGW-1,Viking Energy Wind Farm LLP,2255.2,24514.0
2025-12-17,T_VKNGW-2,Viking Energy Wind Farm LLP,2196.9,23881.0
2025-12-17,T_VKNGW-3,Viking Energy Wind Farm LLP,2138.2,23242.0
2025-12-17,T_VKNGW-4,Viking Energy Wind Farm LLP,2208.3,24004.0
2025-12-17,T_WDRGW-1,Windy Rig Wind Farm Limited,529.1,15529.0
2025-12-17,T_WHIHW-1,Whiteside Hill,68.4,6156.0
2025-12-17,T_WISTW-2,BROCKLOCH RIG WINDFARM LTD,227.5,18316.0
2025-12-18,2__PENEC001,Eneco Energy Trade,34.2,3007.0
2025-12-18,2__PSTAT001,Statkraft Markets Gmbh,58.5,4953.0
2025-12-18,C__PSTAT011,Statkraft Markets Gmbh,287.1,19522.0
2025-12-18,E_ABRTW-1,Npower Commercial Gas Limited,3.0,275.0
2025-12-18,E_ASLVW-1,Npower Commercial Gas Limited,1.8,161.0
2025-12-18,E_BABAW-1,Statkraft Markets Gmbh,79.4,6513.0
2025-12-18,E_BETHW-1,SP Renewables (UK) Limited,49.6,4186.0
2025-12-18,E_BLARW-1,Erova Energy Limited,185.2,10727.0
2025-12-18,E_BTUIW-2,SP Renewables (UK) Limited,65.1,5501.0
2025-12-18,E_BTUIW-3,SP Renewables (UK) Limited,1045.0,7838.0
2025-12-18,E_CLDRW-1,Vattenfall Energy Trading,3.3,306.0
2025-12-18,E_CLFLW-1,SP Renewables (UK) Limited,7.3,618.0
2025-12-18,E_GRGRW-1,Evolve Energy Supply Limited,197.1,13795.0
2025-12-18,E_HRHLW-1,SP Renewables (UK) Limited,120.6,9178.0
2025-12-18,T_AFTOW-1,Afton Wind Farm Limited,166.5,13319.0
2025-12-18,T_ARCHW-1,SP Renewables (UK) Limited,220.1,18573.0
2025-12-18,T_BENBW-1,Benbrack Wind Farm Limited,862.4,6899.0
2025-12-18,T_BHLAW-1,SSE Generation Ltd,445.3,37286.0
2025-12-18,T_BLLA-1,SP Renewables (UK) Limited,68.2,5789.0
2025-12-18,T_BLLA-2,SP Renewables (UK) Limited,222.6,16931.0
2025-12-18,T_BROCW-1,Smartestenergy Limited,516.4,20141.0
2025-12-18,T_CLDNW-1,Clyde Windfarm (Scotland) Ltd,2.2,200.0
2025-12-18,T_CRDEW-1,EDF Energy Customers Limited,176.0,9502.0
2025-12-18,T_CRDEW-2,EDF Energy Customers Limited,160.1,8644.0
2025-12-18,T_CREAW-1,Creag Riabhach Wind Farm Ltd,204.1,10958.0
2025-12-18,T_CRGHW-1,Statkraft Markets Gmbh,268.5,20676.0
2025-12-18,T_CRMLW-1,EDF Energy Customers Limited,75.4,6295.0
2025-12-18,T_CRYRW-2,Eneco Energy Trade,145.6,12318.0
2025-12-18,T_CRYRW-3,Eneco Energy Trade,18.1,1391.0
2025-12-18,T_CUMHW-1,Uniper UK Limited,523.9,12113.0
2025-12-18,T_DALQW-1,Statkraft Markets Gmbh,211.0,12874.0
2025-12-18,T_DNLWW-1,SP Renewables (UK) Limited,38.6,3261.0
2025-12-18,T_DOREW-1,Dorenell Windfarm Limited,285.1,11427.0
2025-12-18,T_DOREW-2,Dorenell Windfarm Limited,292.8,11923.0
2025-12-18,T_DOUGW-1,Erova Energy Limited,701.5,21046.0
2025-12-18,T_DRSLW-1,SP Renewables (UK) Limited,311.1,23663.0
2025-12-18,T_DUNGW-1,Dunmaglass Wind Farm Limited,184.2,16500.0
2025-12-18,T_EDINW-1,Vattenfall Wind Power Ltd,18.6,2042.0
2025-12-18,T_EWHLW-1,SP Renewables (UK) Limited,103.5,7871.0
2025-12-18,T_GLNKW-1,EDF Energy Customers Limited,204.3,14996.0
2025-12-18,T_GLWSW-1,GALAWHISTLE WIND FARM,102.6,9141.0
2025-12-18,T_GNAPW-1,SP Renewables (UK) Limited,43.9,3339.0
2025-12-18,T_GORDW-1,SSE Generation Ltd,13.8,1178.0
2025-12-18,T_GORDW-2,SSE Generation Ltd,469.8,3528.0
2025-12-18,T_GRIFW-1,Griffin Wind Farm Ltd,0.3,31.0
2025-12-18,T_GRIFW-2,Griffin Wind Farm Ltd,0.3,32.0
2025-12-18,T_HALSW-1,SP Renewables (UK) Limited,576.5,5056.0
2025-12-18,T_HRSTW-1,SP Renewables (UK) Limited,63.4,5374.0
2025-12-18,T_KENNW-1,Kennoxhead Wind Farm Limited,970.1,33864.0
2025-12-18,T_KLGLW-1,SP Renewables (UK) Limited,1156.1,87677.0
2025-12-18,T_KPMRW-1,OnPath Energy Limited,183.2,11044.0
2025-12-18,T_KYPEW-1,Kype Extension Wind Farm Ltd,1184.0,30783.0
2025-12-18,T_MIDMW-1,OnPath Energy Limited,118.6,7193.0
2025-12-18,T_MKHLW-1,SP Renewables (UK) Limited,45.8,3869.0
2025-12-18,T_MOWEO-1,Moray Offshore Wind East Ltd,3589.8,205245.0
2025-12-18,T_MOWEO-2,Moray Offshore Wind East Ltd,3316.8,190819.0
2025-12-18,T_MOWEO-3,Moray Offshore Wind East Ltd,3167.7,155292.0
2025-12-18,T_MOWWO-1,Moray Offshore Wind West Ltd,3942.2,141550.0
2025-12-18,T_MOWWO-2,Moray Offshore Wind West Ltd,4584.1,164039.0
2025-12-18,T_MYGPW-1,Minnygap Energy Limited,15.2,1295.0
2025-12-18,T_SAKNW-1,Sandy Knowe Wind Farm Ltd,795.9,31837.0
2025-12-18,T_SANQW-1,SANQUHAR CWCL,71.6,6412.0
2025-12-18,T_SGRWO-1,Seagreen Wind Energy Limited,5246.9,77969.0
2025-12-18,T_SGRWO-2,Seagreen Wind Energy Limited,1598.6,23756.0
2025-12-18,T_SGRWO-3,Seagreen Wind Energy Limited,2753.4,40916.0
2025-12-18,T_SGRWO-4,Seagreen Wind Energy Limited,2704.1,40183.0
2025-12-18,T_SGRWO-5,Seagreen Wind Energy Limited,1361.5,20233.0
2025-12-18,T_SGRWO-6,Seagreen Wind Energy Limited,7173.7,106601.0
2025-12-18,T_SOKYW-1,South Kyle Wind Farm Limited,3182.6,108207.0
2025-12-18,T_STLGW-1,Stronelairg Windfarm Limited,140.0,12570.0
2025-12-18,T_STLGW-2,Stronelairg Windfarm Limited,140.9,12657.0
2025-12-18,T_STLGW-3,Stronelairg Windfarm Limited,37.6,3382.0
2025-12-18,T_STRNW-1,Strathy Wind Farm Limited,18.9,1610.0
2025-12-18,T_TDBNW-1,SSE Generation Ltd,0.1,10.0
2025-12-18,T_TWSHW-1,Twentyshilling Limited,720.0,20728.0
2025-12-18,T_VKNGW-1,Viking Energy Wind Farm LLP,2205.4,23973.0
2025-12-18,T_VKNGW-2,Viking Energy Wind Farm LLP,2250.6,24464.0
2025-12-18,T_VKNGW-3,Viking Energy Wind Farm LLP,2101.9,22848.0
2025-12-18,T_VKNGW-4,Viking Energy Wind Farm LLP,2146.8,23336.0
2025-12-18,T_WDRGW-1,Windy Rig Wind Farm Limited,881.1,25861.0
2025-12-18,T_WHILW-1,SP Renewables (UK) Limited,209.6,17986.0
2025-12-18,T_WHILW-2,SP Renewables (UK) Limited,112.7,9567.0
2025-12-18,T_WISTW-2,BROCKLOCH RIG WINDFARM LTD,233.7,18814.0
2025-12-19,2__PEDGE003,Edgware Energy Limited,172.7,17246.0
2025-12-19,2__PEDGE004,Edgware Energy Limited,117.9,11642.0
2025-12-19,2__PENEC001,Eneco Energy Trade,255.2,22456.0
2025-12-19,2__PSTAT001,Statkraft Markets Gmbh,460.6,39017.0
2025-12-19,C__PSTAT011,Statkraft Markets Gmbh,740.3,50339.0
2025-12-19,E_ABRTW-1,Npower Commercial Gas Limited,207.0,18839.0
2025-12-19,E_ASHWW-1,Statkraft Markets Gmbh,183.0,17922.0
2025-12-19,E_ASLVW-1,Npower Commercial Gas Limited,70.5,6419.0
2025-12-19,E_BABAW-1,Statkraft Markets Gmbh,550.6,45151.0
2025-12-19,E_BETHW-1,SP Renewables (UK) Limited,320.0,27020.0
2025-12-19,E_BLARW-1,Erova Energy Limited,550.2,26855.0
2025-12-19,E_BNWKW-1,Eneco Energy Trade,112.1,10423.0
2025-12-19,E_BRDUW-1,Erova Energy Limited,337.2,33048.0
2025-12-19,E_BTUIW-2,SP Renewables (UK) Limited,529.2,44680.0
2025-12-19,E_BTUIW-3,SP Renewables (UK) Limited,1055.8,7918.0
2025-12-19,E_CLDRW-1,Vattenfall Energy Trading,507.5,46693.0
2025-12-19,E_CRGTW-1,British Gas Trading Ltd,2.6,362.0
2025-12-19,E_DALSW-1,Mobius Renewables Gen. (GB),127.7,13149.0
2025-12-19,E_GDSTW-1,Mobius Renewables Gen. (GB),21.0,2205.0
2025-12-19,E_GLOFW-1,Glens of Foudland Ltd,35.0,3846.0
2025-12-19,E_GRGRW-1,Evolve Energy Supply Limited,655.6,45889.0
2025-12-19,E_HLTWW-1,ScottishPower Energy Retail,201.5,20785.0
2025-12-19,E_HRHLW-1,SP Renewables (UK) Limited,373.4,28407.0
2025-12-19,E_MOYEW-1,Eneco Energy Trade,261.5,24319.0
2025-12-19,E_TLYMW-1,EDF Energy Customers Limited,15.8,2211.0
2025-12-19,E_TULWW-1,Eneco Energy Trade,105.4,9798.0
2025-12-19,E_TULWW-2,Eneco Energy Trade,148.9,13849.0
2025-12-19,T_ACHRW-1,Mobius Renewables Gen. (GB2,157.1,15548.0
2025-12-19,T_AFTOW-1,Afton Wind Farm Limited,585.7,46855.0
2025-12-19,T_ARCHW-1,SP Renewables (UK) Limited,1104.9,93218.0
2025-12-19,T_BDCHW-1,RWE Generation UK plc,18.9,2579.0
2025-12-19,T_BEINW-1,Beinneun Wind Farm Ltd,395.5,38764.0
2025-12-19,T_BENBW-1,Benbrack Wind Farm Limited,1090.6,8725.0
2025-12-19,T_BHLAW-1,SSE Generation Ltd,1316.4,110235.0
2025-12-19,T_BLKWW-1,Blackcraig Wind Farm Limited,60.9,8533.0
2025-12-19,T_BLLA-1,SP Renewables (UK) Limited,1187.4,100742.0
2025-12-19,T_BLLA-2,SP Renewables (UK) Limited,935.1,71132.0
2025-12-19,T_BROCW-1,Smartestenergy Limited,633.9,24720.0
2025-12-19,T_CLDCW-1,Clyde Windfarm (Scotland) Ltd,967.4,93819.0
2025-12-19,T_CLDNW-1,Clyde Windfarm (Scotland) Ltd,1247.9,114919.0
2025-12-19,T_CLDSW-1,Clyde Windfarm (Scotland) Ltd,767.1,73706.0
2025-12-19,T_CRDEW-1,EDF Energy Customers Limited,419.2,22636.0
2025-12-19,T_CRDEW-2,EDF Energy Customers Limited,419.2,22636.0
2025-12-19,T_CREAW-1,Creag Riabhach Wind Farm Ltd,19.6,1055.0
2025-12-19,T_CRGHW-1,Statkraft Markets Gmbh,664.3,51154.0
2025-12-19,T_CRMLW-1,EDF Energy Customers Limited,319.0,26642.0
2025-12-19,T_CRYRW-2,Eneco Energy Trade,1942.4,164324.0
2025-12-19,T_CRYRW-3,Eneco Energy Trade,252.2,19346.0
2025-12-19,T_CUMHW-1,Uniper UK Limited,925.9,21407.0
2025-12-19,T_DALQW-1,Statkraft Markets Gmbh,744.8,45431.0
2025-12-19,T_DNLWW-1,SP Renewables (UK) Limited,162.1,13689.0
2025-12-19,T_DOREW-1,Dorenell Windfarm Limited,1400.1,69242.0
2025-12-19,T_DOREW-2,Dorenell Windfarm Limited,1186.5,59255.0
2025-12-19,T_DOUGW-1,Erova Energy Limited,821.7,24652.0
2025-12-19,T_DRSLW-1,SP Renewables (UK) Limited,935.6,71174.0
2025-12-19,T_DUNGW-1,Dunmaglass Wind Farm Limited,1103.0,98777.0
2025-12-19,T_EDINW-1,Vattenfall Wind Power Ltd,154.2,16965.0
2025-12-19,T_EWHLW-1,SP Renewables (UK) Limited,578.6,44010.0
2025-12-19,T_GLNKW-1,EDF Energy Customers Limited,842.1,61812.0
2025-12-19,T_GLWSW-1,GALAWHISTLE WIND FARM,430.4,38347.0
2025-12-19,T_GNAPW-1,SP Renewables (UK) Limited,287.3,21857.0
2025-12-19,T_GORDW-1,SSE Generation Ltd,744.3,63688.0
2025-12-19,T_GORDW-2,SSE Generation Ltd,463.1,3478.0
2025-12-19,T_GRGBW-3,Greater Gabbard Offshore Winds,22.2,3689.0
2025-12-19,T_GRIFW-1,Griffin Wind Farm Ltd,606.1,56178.0
2025-12-19,T_GRIFW-2,Griffin Wind Farm Ltd,515.6,47788.0
2025-12-19,T_HALSW-1,SP Renewables (UK) Limited,586.8,5146.0
2025-12-19,T_HRSTW-1,SP Renewables (UK) Limited,729.0,61779.0
2025-12-19,T_KENNW-1,Kennoxhead Wind Farm Limited,1113.2,44934.0
2025-12-19,T_KILBW-1,Kilbraur Wind Energy Ltd,196.8,18697.0
2025-12-19,T_KLGLW-1,SP Renewables (UK) Limited,3944.7,299164.0
2025-12-19,T_KPMRW-1,OnPath Energy Limited,914.4,64136.0
2025-12-19,T_KYPEW-1,Kype Extension Wind Farm Ltd,1328.2,34533.0
2025-12-19,T_LCLTW-1,Eneco Energy Trade,323.5,30081.0
2025-12-19,T_LIMKW-1,Limekiln Extension Ltd,476.3,19054.0
2025-12-19,T_MIDMW-1,OnPath Energy Limited,464.8,33264.0
2025-12-19,T_MKHLW-1,SP Renewables (UK) Limited,433.0,36556.0
2025-12-19,T_MOWEO-1,Moray Offshore Wind East Ltd,4265.5,219425.0
2025-12-19,T_MOWEO-2,Moray Offshore Wind East Ltd,4497.4,238453.0
2025-12-19,T_MOWEO-3,Moray Offshore Wind East Ltd,4841.9,273091.0
2025-12-19,T_MOWWO-1,Moray Offshore Wind West Ltd,4614.2,168830.0
2025-12-19,T_MOWWO-2,Moray Offshore Wind West Ltd,4882.6,178324.0
2025-12-19,T_MYGPW-1,Minnygap Energy Limited,198.5,16872.0
2025-12-19,T_NNGAO-2,Neart Na Gaoithe Offshore Wind,114.9,13521.0
2025-12-19,T_RRWW-1,RWE Renewables UK Robin Rigg,60.4,8806.0
2025-12-19,T_SAKNW-1,Sandy Knowe Wind Farm Ltd,1636.2,65447.0
2025-12-19,T_SANQW-1,SANQUHAR CWCL,266.0,23807.0
2025-12-19,T_SGRWO-1,Seagreen Wind Energy Limited,6642.3,98705.0
2025-12-19,T_SGRWO-2,Seagreen Wind Energy Limited,1755.1,26081.0
2025-12-19,T_SGRWO-3,Seagreen Wind Energy Limited,3539.5,52597.0
2025-12-19,T_SGRWO-4,Seagreen Wind Energy Limited,2884.4,42862.0
2025-12-19,T_SGRWO-5,Seagreen Wind Energy Limited,1736.3,25801.0
2025-12-19,T_SGRWO-6,Seagreen Wind Energy Limited,7939.6,117983.0
2025-12-19,T_SOKYW-1,South Kyle Wind Farm Limited,3666.5,124661.0
2025-12-19,T_STLGW-1,Stronelairg Windfarm Limited,932.4,83750.0
2025-12-19,T_STLGW-2,Stronelairg Windfarm Limited,1089.1,97820.0
2025-12-19,T_STLGW-3,Stronelairg Windfarm Limited,946.6,85028.0
2025-12-19,T_STRNW-1,Strathy Wind Farm Limited,766.4,65214.0
2025-12-19,T_TDBNW-1,SSE Generation Ltd,124.9,11569.0
2025-12-19,T_TRLGW-1,Smartestenergy Limited,59.9,5985.0
2025-12-19,T_TWSHW-1,Twentyshilling Limited,753.8,21702.0
2025-12-19,T_VKNGW-1,Viking Energy Wind Farm LLP,2329.7,25324.0
2025-12-19,T_VKNGW-2,Viking Energy Wind Farm LLP,2377.9,25848.0
2025-12-19,T_VKNGW-3,Viking Energy Wind Farm LLP,2130.6,23159.0
2025-12-19,T_VKNGW-4,Viking Energy Wind Farm LLP,2204.5,23963.0
2025-12-19,T_WDRGW-1,Windy Rig Wind Farm Limited,977.9,28702.0
2025-12-19,T_WHIHW-1,Whiteside Hill,36.8,3312.0
2025-12-19,T_WHILW-1,SP Renewables (UK) Limited,3479.0,298533.0
2025-12-19,T_WHILW-2,SP Renewables (UK) Limited,2573.3,218450.0
2025-12-19,T_WISTW-2,BROCKLOCH RIG WINDFARM LTD,985.4,79321.0
2025-12-20,C__PSTAT011,Statkraft Markets Gmbh,20.3,1382.0
2025-12-20,E_BLARW-1,Erova Energy Limited,149.9,4441.0
2025-12-20,E_BTUIW-3,SP Renewables (UK) Limited,339.7,2548.0
2025-12-20,E_GRGRW-1,Evolve Energy Supply Limited,17.4,1219.0
2025-12-20,E_HRHLW-1,SP Renewables (UK) Limited,37.1,2822.0
2025-12-20,T_BROCW-1,Smartestenergy Limited,72.4,2824.0
2025-12-20,T_CRDEW-1,EDF Energy Customers Limited,22.6,1220.0
2025-12-20,T_CRDEW-2,EDF Energy Customers Limited,22.6,1220.0
2025-12-20,T_CRGHW-1,Statkraft Markets Gmbh,35.2,2714.0
2025-12-20,T_CRYRW-3,Eneco Energy Trade,4.4,336.0
2025-12-20,T_CUMHW-1,Uniper UK Limited,154.8,3580.0
2025-12-20,T_DALQW-1,Statkraft Markets Gmbh,33.6,2048.0
2025-12-20,T_DOREW-1,Dorenell Windfarm Limited,136.3,7020.0
2025-12-20,T_DOREW-2,Dorenell Windfarm Limited,80.2,4135.0
2025-12-20,T_DOUGW-1,Erova Energy Limited,115.7,3470.0
2025-12-20,T_DRSLW-1,SP Renewables (UK) Limited,46.4,3531.0
2025-12-20,T_GLNKW-1,EDF Energy Customers Limited,5.0,366.0
2025-12-20,T_GNAPW-1,SP Renewables (UK) Limited,17.5,1331.0
2025-12-20,T_GORDW-2,SSE Generation Ltd,120.3,903.0
2025-12-20,T_HALSW-1,SP Renewables (UK) Limited,138.0,1210.0
2025-12-20,T_KENNW-1,Kennoxhead Wind Farm Limited,157.9,4962.0
2025-12-20,T_KPMRW-1,OnPath Energy Limited,46.4,3346.0
2025-12-20,T_KYPEW-1,Kype Extension Wind Farm Ltd,207.3,5391.0
2025-12-20,T_MIDMW-1,OnPath Energy Limited,47.5,3423.0
2025-12-20,T_MOWEO-1,Moray Offshore Wind East Ltd,497.5,25542.0
2025-12-20,T_MOWEO-2,Moray Offshore Wind East Ltd,429.7,21866.0
2025-12-20,T_MOWEO-3,Moray Offshore Wind East Ltd,443.7,22811.0
2025-12-20,T_MOWWO-1,Moray Offshore Wind West Ltd,487.9,17322.0
2025-12-20,T_MOWWO-2,Moray Offshore Wind West Ltd,379.0,13446.0
2025-12-20,T_SAKNW-1,Sandy Knowe Wind Farm Ltd,476.0,19040.0
2025-12-20,T_SGRWO-1,Seagreen Wind Energy Limited,1592.4,23664.0
2025-12-20,T_SGRWO-2,Seagreen Wind Energy Limited,265.9,3951.0
2025-12-20,T_SGRWO-3,Seagreen Wind Energy Limited,683.8,10162.0
2025-12-20,T_SGRWO-4,Seagreen Wind Energy Limited,537.2,7983.0
2025-12-20,T_SGRWO-5,Seagreen Wind Energy Limited,325.1,4830.0
2025-12-20,T_SGRWO-6,Seagreen Wind Energy Limited,1972.3,29308.0
2025-12-20,T_SOKYW-1,South Kyle Wind Farm Limited,2052.8,69797.0
2025-12-20,T_TWSHW-1,Twentyshilling Limited,381.6,10987.0
2025-12-20,T_VKNGW-1,Viking Energy Wind Farm LLP,236.1,2567.0
2025-12-20,T_VKNGW-2,Viking Energy Wind Farm LLP,233.7,2540.0
2025-12-20,T_VKNGW-3,Viking Energy Wind Farm LLP,166.1,1805.0
2025-12-20,T_VKNGW-4,Viking Energy Wind Farm LLP,191.2,2079.0
2025-12-20,T_WDRGW-1,Windy Rig Wind Farm Limited,511.7,15017.0
2025-12-21,C__PSTAT011,Statkraft Markets Gmbh,167.7,11406.0
2025-12-21,E_BABAW-1,Statkraft Markets Gmbh,26.4,2163.0
2025-12-21,E_BLARW-1,Erova Energy Limited,193.7,7012.0
2025-12-21,E_BTUIW-3,SP Renewables (UK) Limited,499.7,3748.0
2025-12-21,E_GRGRW-1,Evolve Energy Supply Limited,91.7,6421.0
2025-12-21,E_HRHLW-1,SP Renewables (UK) Limited,93.5,7114.0
2025-12-21,T_BHLAW-1,SSE Generation Ltd,207.9,17412.0
2025-12-21,T_BLLA-2,SP Renewables (UK) Limited,96.0,7305.0
2025-12-21,T_BROCW-1,Smartestenergy Limited,195.9,7639.0
2025-12-21,T_CRDEW-1,EDF Energy Customers Limited,121.0,6536.0
2025-12-21,T_CRDEW-2,EDF Energy Customers Limited,120.7,6517.0
2025-12-21,T_CRGHW-1,Statkraft Markets Gmbh,193.5,14899.0
2025-12-21,T_CRYRW-3,Eneco Energy Trade,20.0,1534.0
2025-12-21,T_CUMHW-1,Uniper UK Limited,213.4,4933.0
2025-12-21,T_DALQW-1,Statkraft Markets Gmbh,59.2,3609.0
2025-12-21,T_DOREW-1,Dorenell Windfarm Limited,369.1,20708.0
2025-12-21,T_DOREW-2,Dorenell Windfarm Limited,246.9,13754.0
2025-12-21,T_DOUGW-1,Erova Energy Limited,249.0,7470.0
2025-12-21,T_DRSLW-1,SP Renewables (UK) Limited,325.1,24729.0
2025-12-21,T_GLNKW-1,EDF Energy Customers Limited,97.9,7183.0
2025-12-21,T_GNAPW-1,SP Renewables (UK) Limited,119.8,9114.0
2025-12-21,T_GORDW-2,SSE Generation Ltd,322.0,2418.0
2025-12-21,T_HALSW-1,SP Renewables (UK) Limited,255.6,2242.0
2025-12-21,T_KENNW-1,Kennoxhead Wind Farm Limited,295.3,9279.0
2025-12-21,T_KPMRW-1,OnPath Energy Limited,183.2,13719.0
2025-12-21,T_KYPEW-1,Kype Extension Wind Farm Ltd,553.8,14398.0
2025-12-21,T_MIDMW-1,OnPath Energy Limited,154.8,11568.0
2025-12-21,T_MOWEO-1,Moray Offshore Wind East Ltd,1467.6,79009.0
2025-12-21,T_MOWEO-2,Moray Offshore Wind East Ltd,1068.8,58399.0
2025-12-21,T_MOWEO-3,Moray Offshore Wind East Ltd,1216.9,66502.0
2025-12-21,T_MOWWO-1,Moray Offshore Wind West Ltd,1080.7,38719.0
2025-12-21,T_MOWWO-2,Moray Offshore Wind West Ltd,699.5,25259.0
2025-12-21,T_SAKNW-1,Sandy Knowe Wind Farm Ltd,588.3,23532.0
2025-12-21,T_SGRWO-1,Seagreen Wind Energy Limited,2030.8,30177.0
2025-12-21,T_SGRWO-2,Seagreen Wind Energy Limited,632.0,9391.0
2025-12-21,T_SGRWO-3,Seagreen Wind Energy Limited,1174.4,17452.0
2025-12-21,T_SGRWO-4,Seagreen Wind Energy Limited,981.3,14582.0
2025-12-21,T_SGRWO-5,Seagreen Wind Energy Limited,579.4,8610.0
2025-12-21,T_SGRWO-6,Seagreen Wind Energy Limited,2215.6,32924.0
2025-12-21,T_SOKYW-1,South Kyle Wind Farm Limited,1394.4,47408.0
2025-12-21,T_TWSHW-1,Twentyshilling Limited,261.3,7523.0
2025-12-21,T_VKNGW-1,Viking Energy Wind Farm LLP,390.0,4239.0
2025-12-21,T_VKNGW-2,Viking Energy Wind Farm LLP,333.4,3624.0
2025-12-21,T_VKNGW-3,Viking Energy Wind Farm LLP,276.1,3001.0
2025-12-21,T_VKNGW-4,Viking Energy Wind Farm LLP,288.0,3131.0
2025-12-21,T_WDRGW-1,Windy Rig Wind Farm Limited,388.5,11403.0
2025-12-21,T_WISTW-2,BROCKLOCH RIG WINDFARM LTD,76.7,6174.0
2025-12-22,E_BLARW-1,Erova Energy Limited,31.6,878.0
2025-12-22,E_BTUIW-3,SP Renewables (UK) Limited,106.8,801.0
2025-12-22,T_CUMHW-1,Uniper UK Limited,44.4,1027.0
2025-12-22,T_DOREW-1,Dorenell Windfarm Limited,107.3,2822.0
2025-12-22,T_DOREW-2,Dorenell Windfarm Limited,81.5,2147.0
2025-12-22,T_DUNGW-1,Dunmaglass Wind Farm Limited,2.1,188.0
2025-12-22,T_GORDW-2,SSE Generation Ltd,344.7,2589.0
2025-12-22,T_HALSW-1,SP Renewables (UK) Limited,422.8,3708.0
2025-12-22,T_HOWBO-1,Breesea Limited,138.5,3336.0
2025-12-22,T_HOWBO-2,Sonningmay Wind Limited,93.1,2374.0
2025-12-22,T_HOWBO-3,Soundmark Wind Limited,181.0,3941.0
2025-12-22,T_KENNW-1,Kennoxhead Wind Farm Limited,15.3,481.0
2025-12-22,T_KYPEW-1,Kype Extension Wind Farm Ltd,160.0,4160.0
2025-12-22,T_MOWEO-2,Moray Offshore Wind East Ltd,20.5,556.0
2025-12-22,T_MOWEO-3,Moray Offshore Wind East Ltd,178.2,4666.0
2025-12-22,T_MOWWO-1,Moray Offshore Wind West Ltd,553.6,19159.0
2025-12-22,T_MOWWO-2,Moray Offshore Wind West Ltd,816.6,27444.0
2025-12-22,T_SGRWO-1,Seagreen Wind Energy Limited,2459.3,36546.0
2025-12-22,T_SGRWO-2,Seagreen Wind Energy Limited,414.5,6160.0
2025-12-22,T_SGRWO-3,Seagreen Wind Energy Limited,1086.0,16138.0
2025-12-22,T_SGRWO-4,Seagreen Wind Energy Limited,853.1,12677.0
2025-12-22,T_SGRWO-5,Seagreen Wind Energy Limited,358.9,5333.0
2025-12-22,T_SGRWO-6,Seagreen Wind Energy Limited,2622.4,38969.0
2025-12-22,T_SOKYW-1,South Kyle Wind Farm Limited,19.6,666.0
2025-12-22,T_TWSHW-1,Twentyshilling Limited,31.4,903.0
2025-12-22,T_VKNGW-1,Viking Energy Wind Farm LLP,1685.2,18319.0
2025-12-22,T_VKNGW-2,Viking Energy Wind Farm LLP,1805.7,19628.0
2025-12-22,T_VKNGW-3,Viking Energy Wind Farm LLP,1611.5,17517.0
2025-12-22,T_VKNGW-4,Viking Energy Wind Farm LLP,1591.4,17299.0
2025-12-22,T_WDRGW-1,Windy Rig Wind Farm Limited,55.1,1618.0
2025-12-23,E_BTUIW-3,SP Renewables (UK) Limited,4.2,31.0
2025-12-23,T_DOUGW-1,Erova Energy Limited,21.6,648.0
2025-12-23,T_GORDW-2,SSE Generation Ltd,0.1,1.0
2025-12-23,T_HALSW-1,SP Renewables (UK) Limited,0.4,4.0
2025-12-23,T_HOWBO-1,Breesea Limited,158.3,5240.0
2025-12-23,T_HOWBO-2,Sonningmay Wind Limited,150.8,4990.0
2025-12-23,T_HOWBO-3,Soundmark Wind Limited,65.3,2162.0
2025-12-23,T_KENNW-1,Kennoxhead Wind Farm Limited,6.9,216.0
2025-12-23,T_KYPEW-1,Kype Extension Wind Farm Ltd,31.7,824.0
2025-12-23,T_SGRWO-1,Seagreen Wind Energy Limited,19.9,294.0
2025-12-23,T_SGRWO-2,Seagreen Wind Energy Limited,3.4,51.0
2025-12-23,T_SGRWO-3,Seagreen Wind Energy Limited,9.0,133.0
2025-12-23,T_SGRWO-4,Seagreen Wind Energy Limited,7.0,104.0
2025-12-23,T_SGRWO-5,Seagreen Wind Energy Limited,2.3,34.0
2025-12-23,T_SGRWO-6,Seagreen Wind Energy Limited,19.1,283.0
2025-12-23,T_TWSHW-1,Twentyshilling Limited,6.5,187.0
2025-12-23,T_VKNGW-1,Viking Energy Wind Farm LLP,81.0,880.0
2025-12-23,T_VKNGW-2,Viking Energy Wind Farm LLP,74.9,815.0
2025-12-23,T_VKNGW-3,Viking Energy Wind Farm LLP,45.9,499.0
2025-12-23,T_VKNGW-4,Viking Energy Wind Farm LLP,45.9,499.0
2025-12-23,T_WDRGW-1,Windy Rig Wind Farm Limited,19.2,565.0
2025-12-24,T_DOUGW-1,Erova Energy Limited,42.9,1288.0
2025-12-24,T_HOWBO-1,Breesea Limited,349.2,12071.0
2025-12-24,T_HOWBO-2,Sonningmay Wind Limited,155.0,5370.0
2025-12-24,T_HOWBO-3,Soundmark Wind Limited,2.8,96.0
2025-12-24,T_KENNW-1,Kennoxhead Wind Farm Limited,12.2,383.0
2025-12-24,T_KYPEW-1,Kype Extension Wind Farm Ltd,81.8,2126.0
2025-12-24,T_SGRWO-1,Seagreen Wind Energy Limited,27.3,403.0
2025-12-24,T_SGRWO-2,Seagreen Wind Energy Limited,2.9,42.0
2025-12-24,T_SGRWO-3,Seagreen Wind Energy Limited,9.7,143.0
2025-12-24,T_SGRWO-4,Seagreen Wind Energy Limited,3.9,58.0
2025-12-24,T_SGRWO-5,Seagreen Wind Energy Limited,1.5,22.0
2025-12-24,T_SGRWO-6,Seagreen Wind Energy Limited,21.3,315.0
2025-12-24,T_TWSHW-1,Twentyshilling Limited,13.4,386.0
2025-12-24,T_VKNGW-1,Viking Energy Wind Farm LLP,70.4,766.0
2025-12-24,T_VKNGW-2,Viking Energy Wind Farm LLP,70.9,771.0
2025-12-24,T_VKNGW-3,Viking Energy Wind Farm LLP,62.4,679.0
2025-12-24,T_VKNGW-4,Viking Energy Wind Farm LLP,48.3,525.0
2025-12-24,T_WDRGW-1,Windy Rig Wind Farm Limited,45.5,1334.0
2025-12-25,T_HOWBO-1,Breesea Limited,50.7,1447.0
2025-12-25,T_HOWBO-2,Sonningmay Wind Limited,27.9,597.0
2025-12-25,T_HOWBO-3,Soundmark Wind Limited,26.2,1162.0
2025-12-26,E_BTUIW-3,SP Renewables (UK) Limited,40.3,302.0
2025-12-26,T_GORDW-2,SSE Generation Ltd,9.6,72.0
2025-12-26,T_HOWBO-1,Breesea Limited,390.4,9622.0
2025-12-26,T_HOWBO-2,Sonningmay Wind Limited,383.1,9453.0
2025-12-26,T_HOWBO-3,Soundmark Wind Limited,140.3,3435.0
2025-12-31,2__PEDGE003,Edgware Energy Limited,180.2,17998.0
2025-12-31,2__PENEC001,Eneco Energy Trade,52.0,4580.0
2025-12-31,2__PENEC002,Eneco Energy Trade,245.4,22061.0
2025-12-31,2__PSMAE001,Smartestenergy Limited,176.6,16163.0
2025-12-31,2__PSTAT001,Statkraft Markets Gmbh,69.5,5889.0
2025-12-31,C__PSTAT011,Statkraft Markets Gmbh,379.3,25795.0
2025-12-31,E_ABRTW-1,Npower Commercial Gas Limited,149.7,13619.0
2025-12-31,E_ASLVW-1,Npower Commercial Gas Limited,92.5,8421.0
2025-12-31,E_BABAW-1,Statkraft Markets Gmbh,326.8,26799.0
2025-12-31,E_BLARW-1,Erova Energy Limited,324.7,10148.0
2025-12-31,E_BNWKW-1,Eneco Energy Trade,90.9,8449.0
2025-12-31,E_BRDUW-1,Erova Energy Limited,180.2,17661.0
2025-12-31,E_BTUIW-2,SP Renewables (UK) Limited,224.4,19019.0
2025-12-31,E_BTUIW-3,SP Renewables (UK) Limited,595.4,4465.0
2025-12-31,E_CLDRW-1,Vattenfall Energy Trading,226.9,20870.0
2025-12-31,E_GRGRW-1,Evolve Energy Supply Limited,312.4,21870.0
2025-12-31,E_HLTWW-1,ScottishPower Energy Retail,133.3,13749.0
2025-12-31,E_HRHLW-1,SP Renewables (UK) Limited,196.0,14950.0
2025-12-31,E_MOYEW-1,Eneco Energy Trade,214.9,19984.0
2025-12-31,T_ACHRW-1,Mobius Renewables Gen. (GB2,190.2,18825.0
2025-12-31,T_ARCHW-1,SP Renewables (UK) Limited,769.5,65124.0
2025-12-31,T_BDCHW-1,RWE Generation UK plc,133.1,13915.0
2025-12-31,T_BEINW-1,Beinneun Wind Farm Ltd,320.0,31360.0
2025-12-31,T_BHLAW-1,SSE Generation Ltd,766.0,64145.0
2025-12-31,T_BLLA-1,SP Renewables (UK) Limited,245.8,20974.0
2025-12-31,T_BLLA-2,SP Renewables (UK) Limited,130.8,9999.0
2025-12-31,T_BOWLW-1,Barrow Offshore Wind Limited,155.8,14750.0
2025-12-31,T_BROCW-1,Smartestenergy Limited,284.1,11078.0
2025-12-31,T_CLDCW-1,Clyde Windfarm (Scotland) Ltd,504.7,48946.0
2025-12-31,T_CLDNW-1,Clyde Windfarm (Scotland) Ltd,852.1,78472.0
2025-12-31,T_CLDSW-1,Clyde Windfarm (Scotland) Ltd,566.6,54441.0
2025-12-31,T_CRDEW-1,EDF Energy Customers Limited,58.1,3135.0
2025-12-31,T_CRDEW-2,EDF Energy Customers Limited,57.8,3121.0
2025-12-31,T_CRGHW-1,Statkraft Markets Gmbh,236.7,18226.0
2025-12-31,T_CRMLW-1,EDF Energy Customers Limited,233.2,19475.0
2025-12-31,T_CRYRW-2,Eneco Energy Trade,513.4,43435.0
2025-12-31,T_CRYRW-3,Eneco Energy Trade,4.1,317.0
2025-12-31,T_CUMHW-1,Uniper UK Limited,547.3,13328.0
2025-12-31,T_DALQW-1,Statkraft Markets Gmbh,320.3,19537.0
2025-12-31,T_DOREW-1,Dorenell Windfarm Limited,714.1,30251.0
2025-12-31,T_DOREW-2,Dorenell Windfarm Limited,549.0,22921.0
2025-12-31,T_DOUGW-1,Erova Energy Limited,364.3,10928.0
2025-12-31,T_DRSLW-1,SP Renewables (UK) Limited,464.7,35450.0
2025-12-31,T_DUNGW-1,Dunmaglass Wind Farm Limited,548.5,49120.0
2025-12-31,T_EWHLW-1,SP Renewables (UK) Limited,132.6,10122.0
2025-12-31,T_FALGW-1,Fallago Rig Wind Farm Limited,1091.5,93293.0
2025-12-31,T_FARR-1,Smartestenergy Limited,125.7,11505.0
2025-12-31,T_FARR-2,Smartestenergy Limited,114.9,10509.0
2025-12-31,T_GLNKW-1,EDF Energy Customers Limited,433.8,31837.0
2025-12-31,T_GLWSW-1,GALAWHISTLE WIND FARM,232.6,20725.0
2025-12-31,T_GNAPW-1,SP Renewables (UK) Limited,65.5,5021.0
2025-12-31,T_GORDW-1,SSE Generation Ltd,450.3,38528.0
2025-12-31,T_GORDW-2,SSE Generation Ltd,508.7,3820.0
2025-12-31,T_GRIFW-1,Griffin Wind Farm Ltd,90.1,8354.0
2025-12-31,T_GRIFW-2,Griffin Wind Farm Ltd,299.7,27775.0
2025-12-31,T_HALSW-1,SP Renewables (UK) Limited,371.3,3248.0
2025-12-31,T_HRSTW-1,SP Renewables (UK) Limited,430.2,36613.0
2025-12-31,T_KENNW-1,Kennoxhead Wind Farm Limited,774.2,24326.0
2025-12-31,T_KILBW-1,Kilbraur Wind Energy Ltd,242.9,23074.0
2025-12-31,T_KPMRW-1,OnPath Energy Limited,629.3,39861.0
2025-12-31,T_KYPEW-1,Kype Extension Wind Farm Ltd,641.4,16677.0
2025-12-31,T_LCLTW-1,Eneco Energy Trade,291.6,27117.0
2025-12-31,T_LIMKW-1,Limekiln Extension Ltd,1149.0,45962.0
2025-12-31,T_MIDMW-1,OnPath Energy Limited,141.4,10158.0
2025-12-31,T_MKHLW-1,SP Renewables (UK) Limited,170.8,14506.0
2025-12-31,T_MOWEO-1,Moray Offshore Wind East Ltd,3191.8,139249.0
2025-12-31,T_MOWEO-2,Moray Offshore Wind East Ltd,2995.6,128800.0
2025-12-31,T_MOWEO-3,Moray Offshore Wind East Ltd,2887.3,124085.0
2025-12-31,T_MOWWO-1,Moray Offshore Wind West Ltd,2887.1,98327.0
2025-12-31,T_MOWWO-2,Moray Offshore Wind West Ltd,3314.0,112958.0
2025-12-31,T_NNGAO-1,Neart Na Gaoithe Offshore Wind,554.5,61064.0
2025-12-31,T_NNGAO-2,Neart Na Gaoithe Offshore Wind,496.8,56408.0
2025-12-31,T_SAKNW-1,Sandy Knowe Wind Farm Ltd,884.8,35391.0
2025-12-31,T_SANQW-1,SANQUHAR CWCL,154.8,13850.0
2025-12-31,T_SGRWO-1,Seagreen Wind Energy Limited,3615.5,53473.0
2025-12-31,T_SGRWO-2,Seagreen Wind Energy Limited,982.8,14536.0
2025-12-31,T_SGRWO-3,Seagreen Wind Energy Limited,1919.3,28387.0
2025-12-31,T_SGRWO-4,Seagreen Wind Energy Limited,1589.4,23507.0
2025-12-31,T_SGRWO-5,Seagreen Wind Energy Limited,915.8,13544.0
2025-12-31,T_SGRWO-6,Seagreen Wind Energy Limited,4025.1,59531.0
2025-12-31,T_SOKYW-1,South Kyle Wind Farm Limited,2100.5,71417.0
2025-12-31,T_STLGW-1,Stronelairg Windfarm Limited,363.7,32663.0
2025-12-31,T_STLGW-2,Stronelairg Windfarm Limited,438.1,39352.0
2025-12-31,T_STLGW-3,Stronelairg Windfarm Limited,372.0,33414.0
2025-12-31,T_STRNW-1,Strathy Wind Farm Limited,419.3,35680.0
2025-12-31,T_TWSHW-1,Twentyshilling Limited,515.8,14850.0
2025-12-31,T_VKNGW-1,Viking Energy Wind Farm LLP,1941.7,21107.0
2025-12-31,T_VKNGW-2,Viking Energy Wind Farm LLP,1961.7,21324.0
2025-12-31,T_VKNGW-3,Viking Energy Wind Farm LLP,1872.2,20351.0
2025-12-31,T_VKNGW-4,Viking Energy Wind Farm LLP,1870.4,20332.0
2025-12-31,T_WDRGW-1,Windy Rig Wind Farm Limited,656.8,19277.0
2025-12-31,T_WHIHW-1,Whiteside Hill,137.6,12381.0
2025-12-31,T_WHILW-1,SP Renewables (UK) Limited,1227.5,105738.0
2025-12-31,T_WISTW-2,BROCKLOCH RIG WINDFARM LTD,455.9,36701.0
2026-01-01,2__PEDGE003,Edgware Energy Limited,129.4,12924.0
2026-01-01,2__PENEC001,Eneco Energy Trade,273.7,24089.0
2026-01-01,2__PENEC002,Eneco Energy Trade,531.5,47785.0
2026-01-01,2__PSMAE001,Smartestenergy Limited,156.2,14293.0
2026-01-01,2__PSTAT001,Statkraft Markets Gmbh,393.7,33343.0
2026-01-01,C__PSTAT011,Statkraft Markets Gmbh,783.1,53250.0
2026-01-01,E_ABRTW-1,Npower Commercial Gas Limited,74.9,6814.0
2026-01-01,E_ASLVW-1,Npower Commercial Gas Limited,165.7,15076.0
2026-01-01,E_BABAW-1,Statkraft Markets Gmbh,447.0,36653.0
2026-01-01,E_BETHW-1,SP Renewables (UK) Limited,77.7,6719.0
2026-01-01,E_BLARW-1,Erova Energy Limited,470.8,28155.0
2026-01-01,E_BNWKW-1,Eneco Energy Trade,163.5,15209.0
2026-01-01,E_BRDUW-1,Erova Energy Limited,120.8,11835.0
2026-01-01,E_BTUIW-2,SP Renewables (UK) Limited,584.5,50521.0
2026-01-01,E_BTUIW-3,SP Renewables (UK) Limited,963.0,7222.0
2026-01-01,E_CLDRW-1,Vattenfall Energy Trading,340.9,31361.0
2026-01-01,E_GRGRW-1,Evolve Energy Supply Limited,513.2,35925.0
2026-01-01,E_HLTWW-1,ScottishPower Energy Retail,100.0,10310.0
2026-01-01,E_HRHLW-1,SP Renewables (UK) Limited,358.8,27917.0
2026-01-01,E_MOYEW-1,Eneco Energy Trade,326.5,30367.0
2026-01-01,T_ACHRW-1,Mobius Renewables Gen. (GB2,100.7,9973.0
2026-01-01,T_ARCHW-1,SP Renewables (UK) Limited,1669.4,144139.0
2026-01-01,T_BDCHW-1,RWE Generation UK plc,56.2,7677.0
2026-01-01,T_BEINW-1,Beinneun Wind Farm Ltd,157.9,15477.0
2026-01-01,T_BENBW-1,Benbrack Wind Farm Limited,887.6,7100.0
2026-01-01,T_BHLAW-1,SSE Generation Ltd,1220.8,102227.0
2026-01-01,T_BLLA-1,SP Renewables (UK) Limited,317.6,27599.0
2026-01-01,T_BLLA-2,SP Renewables (UK) Limited,363.2,28254.0
2026-01-01,T_BOWLW-1,Barrow Offshore Wind Limited,149.2,14127.0
2026-01-01,T_BROCW-1,Smartestenergy Limited,588.5,22950.0
2026-01-01,T_CLDCW-1,Clyde Windfarm (Scotland) Ltd,751.2,72850.0
2026-01-01,T_CLDNW-1,Clyde Windfarm (Scotland) Ltd,949.1,87405.0
2026-01-01,T_CLDSW-1,Clyde Windfarm (Scotland) Ltd,646.4,62114.0
2026-01-01,T_CRDEW-1,EDF Energy Customers Limited,378.3,20431.0
2026-01-01,T_CRDEW-2,EDF Energy Customers Limited,389.8,21047.0
2026-01-01,T_CRGHW-1,Statkraft Markets Gmbh,733.3,56462.0
2026-01-01,T_CRMLW-1,EDF Energy Customers Limited,796.5,66522.0
2026-01-01,T_CRYRW-2,Eneco Energy Trade,1736.4,146901.0
2026-01-01,T_CRYRW-3,Eneco Energy Trade,76.2,5846.0
2026-01-01,T_CUMHW-1,Uniper UK Limited,827.7,32946.0
2026-01-01,T_DALQW-1,Statkraft Markets Gmbh,743.6,45358.0
2026-01-01,T_DOREW-1,Dorenell Windfarm Limited,741.2,53040.0
2026-01-01,T_DOREW-2,Dorenell Windfarm Limited,469.8,27444.0
2026-01-01,T_DOUGW-1,Erova Energy Limited,731.3,21938.0
2026-01-01,T_DRSLW-1,SP Renewables (UK) Limited,977.8,76074.0
2026-01-01,T_DUNGW-1,Dunmaglass Wind Farm Limited,757.9,67868.0
2026-01-01,T_EDINW-1,Vattenfall Wind Power Ltd,79.4,8731.0
2026-01-01,T_EWHLW-1,SP Renewables (UK) Limited,310.9,24187.0
2026-01-01,T_FALGW-1,Fallago Rig Wind Farm Limited,1934.0,165303.0
2026-01-01,T_FARR-1,Smartestenergy Limited,159.8,14621.0
2026-01-01,T_FARR-2,Smartestenergy Limited,142.5,13036.0
2026-01-01,T_GLNKW-1,EDF Energy Customers Limited,733.1,53808.0
2026-01-01,T_GLWSW-1,GALAWHISTLE WIND FARM,350.2,31205.0
2026-01-01,T_GNAPW-1,SP Renewables (UK) Limited,363.1,28248.0
2026-01-01,T_GORDW-1,SSE Generation Ltd,746.8,63899.0
2026-01-01,T_GORDW-2,SSE Generation Ltd,873.2,6558.0
2026-01-01,T_GRIFW-1,Griffin Wind Farm Ltd,659.0,61077.0
2026-01-01,T_GRIFW-2,Griffin Wind Farm Ltd,669.1,62014.0
2026-01-01,T_HALSW-1,SP Renewables (UK) Limited,588.0,4868.0
2026-01-01,T_HRSTW-1,SP Renewables (UK) Limited,1317.4,114299.0
2026-01-01,T_KENNW-1,Kennoxhead Wind Farm Limited,1138.1,48993.0
2026-01-01,T_KILBW-1,Kilbraur Wind Energy Ltd,88.2,8375.0
2026-01-01,T_KLGLW-1,SP Renewables (UK) Limited,1939.1,150435.0
2026-01-01,T_KPMRW-1,OnPath Energy Limited,231.2,19527.0
2026-01-01,T_KYPEW-1,Kype Extension Wind Farm Ltd,1023.8,26619.0
2026-01-01,T_LCLTW-1,Eneco Energy Trade,567.1,52739.0
2026-01-01,T_LIMKW-1,Limekiln Extension Ltd,2368.4,94734.0
2026-01-01,T_MIDMW-1,OnPath Energy Limited,156.4,12662.0
2026-01-01,T_MKHLW-1,SP Renewables (UK) Limited,731.7,63245.0
2026-01-01,T_MOWEO-1,Moray Offshore Wind East Ltd,2877.5,190003.0
2026-01-01,T_MOWEO-2,Moray Offshore Wind East Ltd,2764.4,180309.0
2026-01-01,T_MOWEO-3,Moray Offshore Wind East Ltd,1885.9,115782.0
2026-01-01,T_MOWWO-1,Moray Offshore Wind West Ltd,4553.0,173625.0
2026-01-01,T_MOWWO-2,Moray Offshore Wind West Ltd,4819.2,183808.0
2026-01-01,T_MYGPW-1,Minnygap Energy Limited,280.3,23821.0
2026-01-01,T_NNGAO-1,Neart Na Gaoithe Offshore Wind,278.6,38595.0
2026-01-01,T_NNGAO-2,Neart Na Gaoithe Offshore Wind,217.3,29655.0
2026-01-01,T_RMPNO-1,Rampion Offshore Windfarm Ltd,32.1,5346.0
2026-01-01,T_RMPNO-2,Rampion Offshore Windfarm Ltd,27.9,4642.0
2026-01-01,T_SAKNW-1,Sandy Knowe Wind Farm Ltd,1853.4,74135.0
2026-01-01,T_SANQW-1,SANQUHAR CWCL,300.3,26872.0
2026-01-01,T_SGRWO-1,Seagreen Wind Energy Limited,6312.8,93367.0
2026-01-01,T_SGRWO-2,Seagreen Wind Energy Limited,1704.4,25209.0
2026-01-01,T_SGRWO-3,Seagreen Wind Energy Limited,3415.7,50519.0
2026-01-01,T_SGRWO-4,Seagreen Wind Energy Limited,3051.9,45138.0
2026-01-01,T_SGRWO-5,Seagreen Wind Energy Limited,1693.1,25041.0
2026-01-01,T_SGRWO-6,Seagreen Wind Energy Limited,7999.0,118306.0
2026-01-01,T_SOKYW-1,South Kyle Wind Farm Limited,4291.3,145905.0
2026-01-01,T_STLGW-1,Stronelairg Windfarm Limited,578.8,51983.0
2026-01-01,T_STLGW-2,Stronelairg Windfarm Limited,689.9,61962.0
2026-01-01,T_STLGW-3,Stronelairg Windfarm Limited,894.4,80334.0
2026-01-01,T_STRNW-1,Strathy Wind Farm Limited,781.9,66534.0
2026-01-01,T_TWSHW-1,Twentyshilling Limited,869.8,25041.0
2026-01-01,T_VKNGW-1,Viking Energy Wind Farm LLP,2470.9,26859.0
2026-01-01,T_VKNGW-2,Viking Energy Wind Farm LLP,2437.6,26496.0
2026-01-01,T_VKNGW-3,Viking Energy Wind Farm LLP,2344.4,25484.0
2026-01-01,T_VKNGW-4,Viking Energy Wind Farm LLP,2333.5,25365.0
2026-01-01,T_WDRGW-1,Windy Rig Wind Farm Limited,948.7,27844.0
2026-01-01,T_WHIHW-1,Whiteside Hill,255.0,22946.0
2026-01-01,T_WHILW-1,SP Renewables (UK) Limited,2302.8,202373.0
2026-01-01,T_WISTW-2,BROCKLOCH RIG WINDFARM LTD,1035.7,83374.0
2026-01-02,2__PSTAT001,Statkraft Markets Gmbh,25.0,2119.0
2026-01-02,C__PSTAT011,Statkraft Markets Gmbh,338.6,23026.0
2026-01-02,E_BABAW-1,Statkraft Markets Gmbh,30.5,2498.0
2026-01-02,E_BLARW-1,Erova Energy Limited,202.0,9199.0
2026-01-02,E_BTUIW-3,SP Renewables (UK) Limited,890.9,6681.0
2026-01-02,E_GRGRW-1,Evolve Energy Supply Limited,190.5,13336.0
2026-01-02,T_BENBW-1,Benbrack Wind Farm Limited,605.8,4846.0
2026-01-02,T_BHLAW-1,SSE Generation Ltd,210.2,17604.0
2026-01-02,T_BLLA-2,SP Renewables (UK) Limited,86.8,6756.0
2026-01-02,T_BROCW-1,Smartestenergy Limited,203.0,7918.0
2026-01-02,T_CRDEW-1,EDF Energy Customers Limited,110.0,5938.0
2026-01-02,T_CRDEW-2,EDF Energy Customers Limited,104.3,5634.0
2026-01-02,T_CREAW-1,Creag Riabhach Wind Farm Ltd,149.0,8003.0
2026-01-02,T_CRGHW-1,Statkraft Markets Gmbh,190.2,14648.0
2026-01-02,T_CRMLW-1,EDF Energy Customers Limited,67.7,5657.0
2026-01-02,T_CRYRW-2,Eneco Energy Trade,67.5,5714.0
2026-01-02,T_CRYRW-3,Eneco Energy Trade,58.9,4520.0
2026-01-02,T_CUMHW-1,Uniper UK Limited,413.9,9569.0
2026-01-02,T_DALQW-1,Statkraft Markets Gmbh,174.0,10613.0
2026-01-02,T_DOREW-1,Dorenell Windfarm Limited,544.5,22784.0
2026-01-02,T_DOREW-2,Dorenell Windfarm Limited,452.8,18923.0
2026-01-02,T_DOUGW-1,Erova Energy Limited,258.4,7751.0
2026-01-02,T_DRSLW-1,SP Renewables (UK) Limited,253.5,19722.0
2026-01-02,T_EDINW-1,Vattenfall Wind Power Ltd,41.0,4514.0
2026-01-02,T_EWHLW-1,SP Renewables (UK) Limited,62.5,4863.0
2026-01-02,T_FALGW-1,Fallago Rig Wind Farm Limited,223.8,19132.0
2026-01-02,T_GLNKW-1,EDF Energy Customers Limited,140.6,10324.0
2026-01-02,T_GNAPW-1,SP Renewables (UK) Limited,59.3,4610.0
2026-01-02,T_GORDW-1,SSE Generation Ltd,9.3,799.0
2026-01-02,T_GORDW-2,SSE Generation Ltd,735.9,5529.0
2026-01-02,T_HALSW-1,SP Renewables (UK) Limited,550.7,4560.0
2026-01-02,T_KENNW-1,Kennoxhead Wind Farm Limited,439.4,16727.0
2026-01-02,T_KPMRW-1,OnPath Energy Limited,30.3,2113.0
2026-01-02,T_KYPEW-1,Kype Extension Wind Farm Ltd,468.6,12183.0
2026-01-02,T_LIMKW-1,Limekiln Extension Ltd,663.9,26555.0
2026-01-02,T_MOWEO-1,Moray Offshore Wind East Ltd,1547.5,63807.0
2026-01-02,T_MOWEO-2,Moray Offshore Wind East Ltd,701.4,33996.0
2026-01-02,T_MOWEO-3,Moray Offshore Wind East Ltd,642.8,31268.0
2026-01-02,T_MOWWO-1,Moray Offshore Wind West Ltd,2172.8,80946.0
2026-01-02,T_MOWWO-2,Moray Offshore Wind West Ltd,2493.6,92302.0
2026-01-02,T_SAKNW-1,Sandy Knowe Wind Farm Ltd,775.7,31028.0
2026-01-02,T_SGRWO-1,Seagreen Wind Energy Limited,5626.9,83222.0
2026-01-02,T_SGRWO-2,Seagreen Wind Energy Limited,1384.8,20482.0
2026-01-02,T_SGRWO-3,Seagreen Wind Energy Limited,2671.7,39514.0
2026-01-02,T_SGRWO-4,Seagreen Wind Energy Limited,2035.8,30110.0
2026-01-02,T_SGRWO-5,Seagreen Wind Energy Limited,1128.3,16687.0
2026-01-02,T_SGRWO-6,Seagreen Wind Energy Limited,6389.3,94497.0
2026-01-02,T_SOKYW-1,South Kyle Wind Farm Limited,1604.9,54567.0
2026-01-02,T_TWSHW-1,Twentyshilling Limited,431.6,12424.0
2026-01-02,T_VKNGW-1,Viking Energy Wind Farm LLP,2292.2,24916.0
2026-01-02,T_VKNGW-2,Viking Energy Wind Farm LLP,2284.5,24832.0
2026-01-02,T_VKNGW-3,Viking Energy Wind Farm LLP,2290.9,24903.0
2026-01-02,T_VKNGW-4,Viking Energy Wind Farm LLP,2422.4,26331.0
2026-01-02,T_WDRGW-1,Windy Rig Wind Farm Limited,527.8,15490.0
2026-01-03,2__PSTAT001,Statkraft Markets Gmbh,11.7,993.0
2026-01-03,C__PSTAT011,Statkraft Markets Gmbh,141.2,9600.0
2026-01-03,E_BABAW-1,Statkraft Markets Gmbh,62.1,5089.0
2026-01-03,E_BLARW-1,Erova Energy Limited,367.6,12309.0
2026-01-03,E_BTUIW-3,SP Renewables (UK) Limited,702.8,5271.0
2026-01-03,E_GRGRW-1,Evolve Energy Supply Limited,95.9,6715.0
2026-01-03,T_BHLAW-1,SSE Generation Ltd,76.1,6432.0
2026-01-03,T_BROCW-1,Smartestenergy Limited,193.2,7535.0
2026-01-03,T_CLDCW-1,Clyde Windfarm (Scotland) Ltd,204.7,19893.0
2026-01-03,T_CLDSW-1,Clyde Windfarm (Scotland) Ltd,157.6,15162.0
2026-01-03,T_CRDEW-1,EDF Energy Customers Limited,40.7,2199.0
2026-01-03,T_CRDEW-2,EDF Energy Customers Limited,40.6,2190.0
2026-01-03,T_CREAW-1,Creag Riabhach Wind Farm Ltd,442.5,23763.0
2026-01-03,T_CRGHW-1,Statkraft Markets Gmbh,79.2,6096.0
2026-01-03,T_CRMLW-1,EDF Energy Customers Limited,60.5,5052.0
2026-01-03,T_CRYRW-2,Eneco Energy Trade,27.1,2291.0
2026-01-03,T_CRYRW-3,Eneco Energy Trade,25.3,1939.0
2026-01-03,T_CUMHW-1,Uniper UK Limited,552.5,12773.0
2026-01-03,T_DALQW-1,Statkraft Markets Gmbh,15.1,921.0
2026-01-03,T_DOREW-1,Dorenell Windfarm Limited,559.2,33362.0
2026-01-03,T_DOREW-2,Dorenell Windfarm Limited,581.1,32318.0
2026-01-03,T_DOUGW-1,Erova Energy Limited,286.9,8606.0
2026-01-03,T_DRSLW-1,SP Renewables (UK) Limited,103.4,8045.0
2026-01-03,T_EDINW-1,Vattenfall Wind Power Ltd,26.2,2878.0
2026-01-03,T_EWHLW-1,SP Renewables (UK) Limited,44.0,3423.0
2026-01-03,T_GLNKW-1,EDF Energy Customers Limited,64.6,4743.0
2026-01-03,T_GNAPW-1,SP Renewables (UK) Limited,22.9,1780.0
2026-01-03,T_GORDW-2,SSE Generation Ltd,883.5,6697.0
2026-01-03,T_GRIFW-1,Griffin Wind Farm Ltd,132.9,12414.0
2026-01-03,T_GRIFW-2,Griffin Wind Farm Ltd,155.4,14519.0
2026-01-03,T_HALSW-1,SP Renewables (UK) Limited,655.5,5427.0
2026-01-03,T_KENNW-1,Kennoxhead Wind Farm Limited,423.9,13319.0
2026-01-03,T_KPMRW-1,OnPath Energy Limited,71.8,5862.0
2026-01-03,T_KYPEW-1,Kype Extension Wind Farm Ltd,546.7,14214.0
2026-01-03,T_MIDMW-1,OnPath Energy Limited,60.5,4933.0
2026-01-03,T_MOWEO-1,Moray Offshore Wind East Ltd,2389.6,131882.0
2026-01-03,T_MOWEO-2,Moray Offshore Wind East Ltd,1933.9,111170.0
2026-01-03,T_MOWEO-3,Moray Offshore Wind East Ltd,1821.1,104366.0
2026-01-03,T_MOWWO-1,Moray Offshore Wind West Ltd,1896.6,67758.0
2026-01-03,T_MOWWO-2,Moray Offshore Wind West Ltd,2612.9,92814.0
2026-01-03,T_SAKNW-1,Sandy Knowe Wind Farm Ltd,733.3,29332.0
2026-01-03,T_SGRWO-1,Seagreen Wind Energy Limited,6590.3,97470.0
2026-01-03,T_SGRWO-2,Seagreen Wind Energy Limited,1370.6,20271.0
2026-01-03,T_SGRWO-3,Seagreen Wind Energy Limited,3529.8,52205.0
2026-01-03,T_SGRWO-4,Seagreen Wind Energy Limited,2907.9,43008.0
2026-01-03,T_SGRWO-5,Seagreen Wind Energy Limited,1438.6,21277.0
2026-01-03,T_SGRWO-6,Seagreen Wind Energy Limited,7994.6,118240.0
2026-01-03,T_SOKYW-1,South Kyle Wind Farm Limited,1380.3,46931.0
2026-01-03,T_TWSHW-1,Twentyshilling Limited,447.1,12872.0
2026-01-03,T_VKNGW-1,Viking Energy Wind Farm LLP,2312.8,25140.0
2026-01-03,T_VKNGW-2,Viking Energy Wind Farm LLP,2322.8,25249.0
2026-01-03,T_VKNGW-3,Viking Energy Wind Farm LLP,2211.2,24036.0
2026-01-03,T_VKNGW-4,Viking Energy Wind Farm LLP,2322.8,25249.0
2026-01-03,T_WDRGW-1,Windy Rig Wind Farm Limited,551.6,16188.0
2026-01-03,T_WISTW-2,BROCKLOCH RIG WINDFARM LTD,117.1,9428.0
2026-01-04,E_BLARW-1,Erova Energy Limited,1.0,27.0
2026-01-04,E_BTUIW-3,SP Renewables (UK) Limited,80.7,605.0
2026-01-04,T_CUMHW-1,Uniper UK Limited,15.5,358.0
2026-01-04,T_DOUGW-1,Erova Energy Limited,3.7,112.0
2026-01-04,T_GORDW-2,SSE Generation Ltd,354.3,2686.0
2026-01-04,T_HALSW-1,SP Renewables (UK) Limited,194.3,1609.0
2026-01-04,T_KENNW-1,Kennoxhead Wind Farm Limited,14.7,463.0
2026-01-04,T_KYPEW-1,Kype Extension Wind Farm Ltd,14.3,371.0
2026-01-04,T_SGRWO-1,Seagreen Wind Energy Limited,1300.2,19230.0
2026-01-04,T_SGRWO-2,Seagreen Wind Energy Limited,280.0,4141.0
2026-01-04,T_SGRWO-3,Seagreen Wind Energy Limited,313.6,4638.0
2026-01-04,T_SGRWO-4,Seagreen Wind Energy Limited,509.3,7533.0
2026-01-04,T_SGRWO-5,Seagreen Wind Energy Limited,283.6,4195.0
2026-01-04,T_SGRWO-6,Seagreen Wind Energy Limited,2141.7,31675.0
2026-01-04,T_SOKYW-1,South Kyle Wind Farm Limited,4.8,163.0
2026-01-04,T_TWSHW-1,Twentyshilling Limited,11.2,324.0
2026-01-04,T_VKNGW-1,Viking Energy Wind Farm LLP,842.4,9157.0
2026-01-04,T_VKNGW-2,Viking Energy Wind Farm LLP,882.1,9588.0
2026-01-04,T_VKNGW-3,Viking Energy Wind Farm LLP,707.1,7687.0
2026-01-04,T_VKNGW-4,Viking Energy Wind Farm LLP,852.9,9271.0
2026-01-04,T_WDRGW-1,Windy Rig Wind Farm Limited,5.6,164.0
2026-01-05,T_HOWBO-1,Breesea Limited,199.5,0.0
2026-01-05,T_HOWBO-2,Sonningmay Wind Limited,192.5,0.0
2026-01-05,T_HOWBO-3,Soundmark Wind Limited,206.0,0.0
2026-01-05,T_MOWEO-2,Moray Offshore Wind East Ltd,94.0,0.0
2026-01-05,T_MOWEO-3,Moray Offshore Wind East Ltd,121.8,0.0
2026-01-06,E_BLARW-1,Erova Energy Limited,31.6,876.0
2026-01-06,E_BTUIW-3,SP Renewables (UK) Limited,121.6,912.0
2026-01-06,T_CUMHW-1,Uniper UK Limited,42.2,975.0
2026-01-06,T_DOUGW-1,Erova Energy Limited,23.8,714.0
2026-01-06,T_EDINW-1,Vattenfall Wind Power Ltd,17.2,1891.0
2026-01-06,T_GORDW-2,SSE Generation Ltd,33.1,251.0
2026-01-06,T_GRGBW-1,Greater Gabbard Offshore Winds,0.7,120.0
2026-01-06,T_HALSW-1,SP Renewables (UK) Limited,10.1,84.0
2026-01-06,T_KYPEW-1,Kype Extension Wind Farm Ltd,44.1,1146.0
2026-01-06,T_MOWEO-1,Moray Offshore Wind East Ltd,209.4,6614.0
2026-01-06,T_MOWEO-2,Moray Offshore Wind East Ltd,237.1,7228.0
2026-01-06,T_MOWEO-3,Moray Offshore Wind East Ltd,14.9,242.0
2026-01-06,T_MOWWO-1,Moray Offshore Wind West Ltd,181.1,4245.0
2026-01-06,T_MOWWO-2,Moray Offshore Wind West Ltd,137.7,3226.0
2026-01-06,T_SGRWO-1,Seagreen Wind Energy Limited,408.5,5976.0
2026-01-06,T_SGRWO-2,Seagreen Wind Energy Limited,67.6,990.0
2026-01-06,T_SGRWO-3,Seagreen Wind Energy Limited,172.6,2525.0
2026-01-06,T_SGRWO-4,Seagreen Wind Energy Limited,157.4,2302.0
2026-01-06,T_SGRWO-5,Seagreen Wind Energy Limited,68.2,998.0
2026-01-06,T_SGRWO-6,Seagreen Wind Energy Limited,413.3,6046.0
2026-01-06,T_SOKYW-1,South Kyle Wind Farm Limited,164.5,5592.0
2026-01-06,T_TWSHW-1,Twentyshilling Limited,38.0,1094.0
2026-01-06,T_VKNGW-1,Viking Energy Wind Farm LLP,165.2,1796.0
2026-01-06,T_VKNGW-2,Viking Energy Wind Farm LLP,157.6,1714.0
2026-01-06,T_VKNGW-3,Viking Energy Wind Farm LLP,124.3,1351.0
2026-01-06,T_VKNGW-4,Viking Energy Wind Farm LLP,117.9,1282.0
2026-01-06,T_WDRGW-1,Windy Rig Wind Farm Limited,38.3,1124.0
2026-01-07,E_BLARW-1,Erova Energy Limited,218.5,6706.0
2026-01-07,E_BTUIW-3,SP Renewables (UK) Limited,380.8,2856.0
2026-01-07,E_GRGRW-1,Evolve Energy Supply Limited,52.0,3639.0
2026-01-07,E_HRHLW-1,SP Renewables (UK) Limited,6.2,482.0
2026-01-07,T_BROCW-1,Smartestenergy Limited,120.9,4713.0
2026-01-07,T_CRDEW-1,EDF Energy Customers Limited,42.0,2268.0
2026-01-07,T_CRDEW-2,EDF Energy Customers Limited,36.8,1989.0
2026-01-07,T_CRGHW-1,Statkraft Markets Gmbh,45.1,3471.0
2026-01-07,T_CRYRW-3,Eneco Energy Trade,13.5,1033.0
2026-01-07,T_CUMHW-1,Uniper UK Limited,254.9,5894.0
2026-01-07,T_DALQW-1,Statkraft Markets Gmbh,58.9,3592.0
2026-01-07,T_DOREW-1,Dorenell Windfarm Limited,69.2,3639.0
2026-01-07,T_DOREW-2,Dorenell Windfarm Limited,69.9,3618.0
2026-01-07,T_DOUGW-1,Erova Energy Limited,201.5,6046.0
2026-01-07,T_DRSLW-1,SP Renewables (UK) Limited,31.5,2448.0
2026-01-07,T_EDINW-1,Vattenfall Wind Power Ltd,34.6,3804.0
2026-01-07,T_EWHLW-1,SP Renewables (UK) Limited,10.4,813.0
2026-01-07,T_GLNKW-1,EDF Energy Customers Limited,16.1,1180.0
2026-01-07,T_GNAPW-1,SP Renewables (UK) Limited,10.1,788.0
2026-01-07,T_GORDW-2,SSE Generation Ltd,49.8,377.0
2026-01-07,T_HALSW-1,SP Renewables (UK) Limited,61.6,510.0
2026-01-07,T_KENNW-1,Kennoxhead Wind Farm Limited,195.6,6145.0
2026-01-07,T_KPMRW-1,OnPath Energy Limited,29.2,2129.0
2026-01-07,T_KYPEW-1,Kype Extension Wind Farm Ltd,337.6,8778.0
2026-01-07,T_MIDMW-1,OnPath Energy Limited,44.3,3257.0
2026-01-07,T_MOWEO-1,Moray Offshore Wind East Ltd,2053.3,68437.0
2026-01-07,T_MOWEO-2,Moray Offshore Wind East Ltd,1613.0,56460.0
2026-01-07,T_MOWEO-3,Moray Offshore Wind East Ltd,1879.2,62123.0
2026-01-07,T_MOWWO-1,Moray Offshore Wind West Ltd,1150.8,27606.0
2026-01-07,T_MOWWO-2,Moray Offshore Wind West Ltd,1153.4,27521.0
2026-01-07,T_SAKNW-1,Sandy Knowe Wind Farm Ltd,255.8,10234.0
2026-01-07,T_SGRWO-1,Seagreen Wind Energy Limited,1423.8,20830.0
2026-01-07,T_SGRWO-2,Seagreen Wind Energy Limited,361.2,5284.0
2026-01-07,T_SGRWO-3,Seagreen Wind Energy Limited,779.3,11401.0
2026-01-07,T_SGRWO-4,Seagreen Wind Energy Limited,798.3,11679.0
2026-01-07,T_SGRWO-5,Seagreen Wind Energy Limited,387.7,5673.0
2026-01-07,T_SGRWO-6,Seagreen Wind Energy Limited,2149.9,31454.0
2026-01-07,T_SOKYW-1,South Kyle Wind Farm Limited,1195.0,40629.0
2026-01-07,T_TWSHW-1,Twentyshilling Limited,283.7,8169.0
2026-01-07,T_VKNGW-1,Viking Energy Wind Farm LLP,492.8,5356.0
2026-01-07,T_VKNGW-2,Viking Energy Wind Farm LLP,466.5,5070.0
2026-01-07,T_VKNGW-3,Viking Energy Wind Farm LLP,392.5,4266.0
2026-01-07,T_VKNGW-4,Viking Energy Wind Farm LLP,361.6,3930.0
2026-01-07,T_WDRGW-1,Windy Rig Wind Farm Limited,319.5,9377.0
2026-01-09,T_GRGBW-1,Greater Gabbard Offshore Winds,3.8,637.0
2026-01-09,T_GRGBW-3,Greater Gabbard Offshore Winds,0.2,31.0
2026-01-09,T_HALSW-1,SP Renewables (UK) Limited,17.3,144.0
2026-01-09,T_MOWEO-3,Moray Offshore Wind East Ltd,0.4,4.0
2026-01-09,T_VKNGW-1,Viking Energy Wind Farm LLP,40.1,433.0
2026-01-09,T_VKNGW-3,Viking Energy Wind Farm LLP,28.7,312.0
2026-01-09,T_VKNGW-4,Viking Energy Wind Farm LLP,23.2,253.0
2026-01-10,2__PENEC001,Eneco Energy Trade,1.0,92.0
2026-01-10,2__PSTAT001,Statkraft Markets Gmbh,20.7,1756.0
2026-01-10,C__PSTAT011,Statkraft Markets Gmbh,87.3,5939.0
2026-01-10,E_BABAW-1,Statkraft Markets Gmbh,30.6,2506.0
2026-01-10,E_BETHW-1,SP Renewables (UK) Limited,13.0,1125.0
2026-01-10,E_BLARW-1,Erova Energy Limited,89.0,2468.0
2026-01-10,E_BTUIW-2,SP Renewables (UK) Limited,19.3,1664.0
2026-01-10,E_BTUIW-3,SP Renewables (UK) Limited,177.3,1329.0
2026-01-10,E_GRGRW-1,Evolve Energy Supply Limited,59.8,4183.0
2026-01-10,E_HRHLW-1,SP Renewables (UK) Limited,23.0,1791.0
2026-01-10,T_ARCHW-1,SP Renewables (UK) Limited,58.5,5052.0
2026-01-10,T_BDCHW-1,RWE Generation UK plc,0.9,81.0
2026-01-10,T_BHLAW-1,SSE Generation Ltd,76.2,6437.0
2026-01-10,T_BLLA-1,SP Renewables (UK) Limited,32.0,2780.0
2026-01-10,T_BLLA-2,SP Renewables (UK) Limited,55.2,4291.0
2026-01-10,T_BROCW-1,Smartestenergy Limited,54.9,2141.0
2026-01-10,T_CGTHW-1,Corriegarth Wind Energy LTD,61.4,4959.0
2026-01-10,T_CLDCW-1,Clyde Windfarm (Scotland) Ltd,0.9,84.0
2026-01-10,T_CRDEW-1,EDF Energy Customers Limited,29.9,1614.0
2026-01-10,T_CRDEW-2,EDF Energy Customers Limited,29.9,1614.0
2026-01-10,T_CREAW-1,Creag Riabhach Wind Farm Ltd,126.2,6774.0
2026-01-10,T_CRGHW-1,Statkraft Markets Gmbh,53.7,4138.0
2026-01-10,T_CRMLW-1,EDF Energy Customers Limited,29.8,2492.0
2026-01-10,T_CRYRW-2,Eneco Energy Trade,64.5,5454.0
2026-01-10,T_CRYRW-3,Eneco Energy Trade,13.5,1035.0
2026-01-10,T_CUMHW-1,Uniper UK Limited,108.0,2496.0
2026-01-10,T_DOREW-1,Dorenell Windfarm Limited,248.4,9359.0
2026-01-10,T_DOREW-2,Dorenell Windfarm Limited,224.8,8485.0
2026-01-10,T_DOUGW-1,Erova Energy Limited,87.7,2631.0
2026-01-10,T_DRSLW-1,SP Renewables (UK) Limited,75.4,5867.0
2026-01-10,T_EDINW-1,Vattenfall Wind Power Ltd,15.1,1666.0
2026-01-10,T_EWHLW-1,SP Renewables (UK) Limited,25.5,1981.0
2026-01-10,T_FALGW-1,Fallago Rig Wind Farm Limited,94.2,8048.0
2026-01-10,T_GLNKW-1,EDF Energy Customers Limited,54.8,4022.0
2026-01-10,T_GLWSW-1,GALAWHISTLE WIND FARM,1.4,124.0
2026-01-10,T_GNAPW-1,SP Renewables (UK) Limited,22.8,1774.0
2026-01-10,T_GORDW-1,SSE Generation Ltd,36.5,3149.0
2026-01-10,T_GORDW-2,SSE Generation Ltd,485.6,3657.0
2026-01-10,T_HALSW-1,SP Renewables (UK) Limited,476.0,3941.0
2026-01-10,T_HRSTW-1,SP Renewables (UK) Limited,17.6,1524.0
2026-01-10,T_KENNW-1,Kennoxhead Wind Farm Limited,136.8,4298.0
2026-01-10,T_KPMRW-1,OnPath Energy Limited,132.6,7686.0
2026-01-10,T_LIMKW-1,Limekiln Extension Ltd,197.8,7913.0
2026-01-10,T_MIDMW-1,OnPath Energy Limited,105.1,6078.0
2026-01-10,T_MKHLW-1,SP Renewables (UK) Limited,23.7,2051.0
2026-01-10,T_MOWEO-1,Moray Offshore Wind East Ltd,1326.2,26262.0
2026-01-10,T_MOWEO-2,Moray Offshore Wind East Ltd,1479.3,24876.0
2026-01-10,T_MOWEO-3,Moray Offshore Wind East Ltd,1708.9,24751.0
2026-01-10,T_MOWWO-1,Moray Offshore Wind West Ltd,847.2,18456.0
2026-01-10,T_MOWWO-2,Moray Offshore Wind West Ltd,1175.6,25469.0
2026-01-10,T_MYGPW-1,Minnygap Energy Limited,5.6,479.0
2026-01-10,T_SAKNW-1,Sandy Knowe Wind Farm Ltd,120.1,4805.0
2026-01-10,T_SGRWO-1,Seagreen Wind Energy Limited,798.0,11675.0
2026-01-10,T_SGRWO-2,Seagreen Wind Energy Limited,202.4,2961.0
2026-01-10,T_SGRWO-3,Seagreen Wind Energy Limited,493.8,7224.0
2026-01-10,T_SGRWO-4,Seagreen Wind Energy Limited,431.6,6314.0
2026-01-10,T_SGRWO-5,Seagreen Wind Energy Limited,273.3,3998.0
2026-01-10,T_SGRWO-6,Seagreen Wind Energy Limited,993.1,14529.0
2026-01-10,T_SOKYW-1,South Kyle Wind Farm Limited,467.8,18710.0
2026-01-10,T_STRNW-1,Strathy Wind Farm Limited,35.6,3051.0
2026-01-10,T_TWSHW-1,Twentyshilling Limited,107.5,3095.0
2026-01-10,T_VKNGW-1,Viking Energy Wind Farm LLP,1580.8,17104.0
2026-01-10,T_VKNGW-2,Viking Energy Wind Farm LLP,1405.2,15204.0
2026-01-10,T_VKNGW-3,Viking Energy Wind Farm LLP,1238.1,13396.0
2026-01-10,T_VKNGW-4,Viking Energy Wind Farm LLP,1364.2,14761.0
2026-01-10,T_WDRGW-1,Windy Rig Wind Farm Limited,110.7,3250.0
2026-01-10,T_WHILW-1,SP Renewables (UK) Limited,37.9,3329.0
2026-01-10,T_WISTW-2,BROCKLOCH RIG WINDFARM LTD,65.8,5296.0
2026-01-11,2__PENEC001,Eneco Energy Trade,136.7,12028.0
2026-01-11,2__PSTAT001,Statkraft Markets Gmbh,296.6,25121.0
2026-01-11,C__PSTAT011,Statkraft Markets Gmbh,621.3,42251.0
2026-01-11,E_ABRTW-1,Npower Commercial Gas Limited,70.3,6398.0
2026-01-11,E_BABAW-1,Statkraft Markets Gmbh,848.8,69603.0
2026-01-11,E_BETHW-1,SP Renewables (UK) Limited,197.6,17081.0
2026-01-11,E_BLARW-1,Erova Energy Limited,804.9,23939.0
2026-01-11,E_BNWKW-1,Eneco Energy Trade,85.4,7945.0
2026-01-11,E_BTUIW-2,SP Renewables (UK) Limited,376.9,32579.0
2026-01-11,E_BTUIW-3,SP Renewables (UK) Limited,1156.2,8672.0
2026-01-11,E_CLDRW-1,Vattenfall Energy Trading,91.1,8383.0
2026-01-11,E_GRGRW-1,Evolve Energy Supply Limited,858.9,60120.0
2026-01-11,E_HRHLW-1,SP Renewables (UK) Limited,313.6,24397.0
2026-01-11,E_MOYEW-1,Eneco Energy Trade,239.3,22253.0
2026-01-11,T_ARCHW-1,SP Renewables (UK) Limited,1336.7,115408.0
2026-01-11,T_BDCHW-1,RWE Generation UK plc,71.1,6999.0
2026-01-11,T_BENBW-1,Benbrack Wind Farm Limited,1166.1,9329.0
2026-01-11,T_BHLAW-1,SSE Generation Ltd,1447.0,122171.0
2026-01-11,T_BLLA-1,SP Renewables (UK) Limited,1205.3,104730.0
2026-01-11,T_BLLA-2,SP Renewables (UK) Limited,1230.8,95759.0
2026-01-11,T_BROCW-1,Smartestenergy Limited,611.2,23837.0
2026-01-11,T_CGTHW-1,Corriegarth Wind Energy LTD,1441.6,116334.0
2026-01-11,T_CLDNW-1,Clyde Windfarm (Scotland) Ltd,505.2,46540.0
2026-01-11,T_CRDEW-1,EDF Energy Customers Limited,485.9,26237.0
2026-01-11,T_CRDEW-2,EDF Energy Customers Limited,491.2,26527.0
2026-01-11,T_CREAW-1,Creag Riabhach Wind Farm Ltd,1728.5,92823.0
2026-01-11,T_CRGHW-1,Statkraft Markets Gmbh,843.0,64908.0
2026-01-11,T_CRMLW-1,EDF Energy Customers Limited,465.8,38905.0
2026-01-11,T_CRYRW-2,Eneco Energy Trade,1565.8,132463.0
2026-01-11,T_CRYRW-3,Eneco Energy Trade,269.4,20664.0
2026-01-11,T_CUMHW-1,Uniper UK Limited,856.5,19803.0
2026-01-11,T_DOREW-1,Dorenell Windfarm Limited,2284.7,99588.0
2026-01-11,T_DOREW-2,Dorenell Windfarm Limited,1928.2,84046.0
2026-01-11,T_DOUGW-1,Erova Energy Limited,826.9,24807.0
2026-01-11,T_DRSLW-1,SP Renewables (UK) Limited,1562.1,121534.0
2026-01-11,T_DUNGW-1,Dunmaglass Wind Farm Limited,294.4,26408.0
2026-01-11,T_EDINW-1,Vattenfall Wind Power Ltd,99.4,10930.0
2026-01-11,T_EWHLW-1,SP Renewables (UK) Limited,578.1,44976.0
2026-01-11,T_FALGW-1,Fallago Rig Wind Farm Limited,2147.8,183577.0
2026-01-11,T_GLNKW-1,EDF Energy Customers Limited,1119.6,82175.0
2026-01-11,T_GLWSW-1,GALAWHISTLE WIND FARM,254.8,22702.0
2026-01-11,T_GNAPW-1,SP Renewables (UK) Limited,364.2,28333.0
2026-01-11,T_GORDW-1,SSE Generation Ltd,814.7,70276.0
2026-01-11,T_GORDW-2,SSE Generation Ltd,882.5,6646.0
2026-01-11,T_GRIFW-1,Griffin Wind Farm Ltd,112.9,10547.0
2026-01-11,T_GRIFW-2,Griffin Wind Farm Ltd,349.3,32625.0
2026-01-11,T_HALSW-1,SP Renewables (UK) Limited,668.7,5537.0
2026-01-11,T_HRSTW-1,SP Renewables (UK) Limited,876.8,76070.0
2026-01-11,T_KENNW-1,Kennoxhead Wind Farm Limited,1329.3,41766.0
2026-01-11,T_KLGLW-1,SP Renewables (UK) Limited,880.9,68336.0
2026-01-11,T_KPMRW-1,OnPath Energy Limited,1772.8,112971.0
2026-01-11,T_LCLTW-1,Eneco Energy Trade,175.4,16316.0
2026-01-11,T_LIMKW-1,Limekiln Extension Ltd,1769.4,70778.0
2026-01-11,T_MIDMW-1,OnPath Energy Limited,1107.9,70421.0
2026-01-11,T_MKHLW-1,SP Renewables (UK) Limited,470.9,40706.0
2026-01-11,T_MOWEO-1,Moray Offshore Wind East Ltd,7117.5,206797.0
2026-01-11,T_MOWEO-2,Moray Offshore Wind East Ltd,6947.6,201821.0
2026-01-11,T_MOWEO-3,Moray Offshore Wind East Ltd,6738.1,195758.0
2026-01-11,T_MOWWO-1,Moray Offshore Wind West Ltd,4670.4,106440.0
2026-01-11,T_MOWWO-2,Moray Offshore Wind West Ltd,5072.1,115611.0
2026-01-11,T_MYGPW-1,Minnygap Energy Limited,189.3,16091.0
2026-01-11,T_NNGAO-1,Neart Na Gaoithe Offshore Wind,1166.1,119541.0
2026-01-11,T_NNGAO-2,Neart Na Gaoithe Offshore Wind,1065.4,110783.0
2026-01-11,T_SAKNW-1,Sandy Knowe Wind Farm Ltd,2050.3,82011.0
2026-01-11,T_SANQW-1,SANQUHAR CWCL,161.3,14432.0
2026-01-11,T_SGRWO-1,Seagreen Wind Energy Limited,6623.6,96904.0
2026-01-11,T_SGRWO-2,Seagreen Wind Energy Limited,1310.8,19178.0
2026-01-11,T_SGRWO-3,Seagreen Wind Energy Limited,3521.6,51521.0
2026-01-11,T_SGRWO-4,Seagreen Wind Energy Limited,3155.1,46159.0
2026-01-11,T_SGRWO-5,Seagreen Wind Energy Limited,1794.0,26246.0
2026-01-11,T_SGRWO-6,Seagreen Wind Energy Limited,8330.7,121879.0
2026-01-11,T_SOKYW-1,South Kyle Wind Farm Limited,5103.3,204131.0
2026-01-11,T_STLGW-1,Stronelairg Windfarm Limited,640.3,57606.0
2026-01-11,T_STLGW-2,Stronelairg Windfarm Limited,468.1,42113.0
2026-01-11,T_STLGW-3,Stronelairg Windfarm Limited,583.0,52453.0
2026-01-11,T_STRNW-1,Strathy Wind Farm Limited,487.8,41809.0
2026-01-11,T_TWSHW-1,Twentyshilling Limited,908.8,26165.0
2026-01-11,T_VKNGW-1,Viking Energy Wind Farm LLP,2311.3,25009.0
2026-01-11,T_VKNGW-2,Viking Energy Wind Farm LLP,2327.7,25185.0
2026-01-11,T_VKNGW-3,Viking Energy Wind Farm LLP,2269.7,24558.0
2026-01-11,T_VKNGW-4,Viking Energy Wind Farm LLP,2428.1,26272.0
2026-01-11,T_WDRGW-1,Windy Rig Wind Farm Limited,1028.4,30184.0
2026-01-11,T_WHIHW-1,Whiteside Hill,75.8,6825.0
2026-01-11,T_WHILW-1,SP Renewables (UK) Limited,4431.2,389415.0
2026-01-11,T_WHILW-2,SP Renewables (UK) Limited,557.5,48518.0
2026-01-11,T_WISTW-2,BROCKLOCH RIG WINDFARM LTD,1461.1,117616.0
2026-01-12,2__PENEC001,Eneco Energy Trade,197.7,17397.0
2026-01-12,2__PSTAT001,Statkraft Markets Gmbh,70.0,5929.0
2026-01-12,E_ASLVW-1,Npower Commercial Gas Limited,45.3,4121.0
2026-01-12,E_BABAW-1,Statkraft Markets Gmbh,673.3,55212.0
2026-01-12,E_BETHW-1,SP Renewables (UK) Limited,77.7,6713.0
2026-01-12,E_BLARW-1,Erova Energy Limited,342.2,13933.0
2026-01-12,E_BTUIW-2,SP Renewables (UK) Limited,267.8,23147.0
2026-01-12,E_BTUIW-3,SP Renewables (UK) Limited,700.3,5252.0
2026-01-12,E_CLDRW-1,Vattenfall Energy Trading,96.5,8881.0
2026-01-12,E_GRGRW-1,Evolve Energy Supply Limited,589.3,41252.0
2026-01-12,E_HRHLW-1,SP Renewables (UK) Limited,131.8,10250.0
2026-01-12,T_ARCHW-1,SP Renewables (UK) Limited,318.9,27535.0
2026-01-12,T_BENBW-1,Benbrack Wind Farm Limited,724.5,5796.0
2026-01-12,T_BHLAW-1,SSE Generation Ltd,1393.8,117679.0
2026-01-12,T_BLLA-1,SP Renewables (UK) Limited,770.6,66955.0
2026-01-12,T_BLLA-2,SP Renewables (UK) Limited,713.2,55488.0
2026-01-12,T_BROCW-1,Smartestenergy Limited,378.0,14742.0
2026-01-12,T_CGTHW-1,Corriegarth Wind Energy LTD,759.6,61302.0
2026-01-12,T_CLDNW-1,Clyde Windfarm (Scotland) Ltd,1420.1,130833.0
2026-01-12,T_CLDSW-1,Clyde Windfarm (Scotland) Ltd,754.8,72570.0
2026-01-12,T_CRDEW-1,EDF Energy Customers Limited,350.0,18900.0
2026-01-12,T_CRDEW-2,EDF Energy Customers Limited,333.4,18006.0
2026-01-12,T_CREAW-1,Creag Riabhach Wind Farm Ltd,1340.8,72001.0
2026-01-12,T_CRGHW-1,Statkraft Markets Gmbh,647.3,49841.0
2026-01-12,T_CRMLW-1,EDF Energy Customers Limited,397.5,33198.0
2026-01-12,T_CRYRW-2,Eneco Energy Trade,1574.6,133215.0
2026-01-12,T_CRYRW-3,Eneco Energy Trade,168.5,12924.0
2026-01-12,T_CUMHW-1,Uniper UK Limited,725.9,16782.0
2026-01-12,T_DOREW-1,Dorenell Windfarm Limited,1570.9,79469.0
2026-01-12,T_DOREW-2,Dorenell Windfarm Limited,1318.8,66840.0
2026-01-12,T_DOUGW-1,Erova Energy Limited,524.5,15735.0
2026-01-12,T_DRSLW-1,SP Renewables (UK) Limited,783.4,60951.0
2026-01-12,T_DUNGW-1,Dunmaglass Wind Farm Limited,156.1,13998.0
2026-01-12,T_EDINW-1,Vattenfall Wind Power Ltd,66.1,7269.0
2026-01-12,T_EWHLW-1,SP Renewables (UK) Limited,461.1,35872.0
2026-01-12,T_FALGW-1,Fallago Rig Wind Farm Limited,2008.0,171624.0
2026-01-12,T_GLNKW-1,EDF Energy Customers Limited,760.4,55813.0
2026-01-12,T_GLWSW-1,GALAWHISTLE WIND FARM,214.4,19102.0
2026-01-12,T_GNAPW-1,SP Renewables (UK) Limited,134.0,10426.0
2026-01-12,T_GORDW-1,SSE Generation Ltd,520.9,44931.0
2026-01-12,T_GORDW-2,SSE Generation Ltd,694.8,5232.0
2026-01-12,T_GRIFW-1,Griffin Wind Farm Ltd,487.4,45518.0
2026-01-12,T_GRIFW-2,Griffin Wind Farm Ltd,482.0,45016.0
2026-01-12,T_HALSW-1,SP Renewables (UK) Limited,588.4,4872.0
2026-01-12,T_HRSTW-1,SP Renewables (UK) Limited,722.7,62703.0
2026-01-12,T_KENNW-1,Kennoxhead Wind Farm Limited,738.6,23207.0
2026-01-12,T_KLGLW-1,SP Renewables (UK) Limited,3099.1,240426.0
2026-01-12,T_KPMRW-1,OnPath Energy Limited,917.6,64298.0
2026-01-12,T_LIMKW-1,Limekiln Extension Ltd,1383.5,55342.0
2026-01-12,T_MIDMW-1,OnPath Energy Limited,531.7,38301.0
2026-01-12,T_MKHLW-1,SP Renewables (UK) Limited,153.0,13229.0
2026-01-12,T_MOWEO-1,Moray Offshore Wind East Ltd,5789.0,191990.0
2026-01-12,T_MOWEO-2,Moray Offshore Wind East Ltd,5911.8,194834.0
2026-01-12,T_MOWEO-3,Moray Offshore Wind East Ltd,5140.0,175321.0
2026-01-12,T_MOWWO-1,Moray Offshore Wind West Ltd,3396.2,78051.0
2026-01-12,T_MOWWO-2,Moray Offshore Wind West Ltd,3790.0,86785.0
2026-01-12,T_MYGPW-1,Minnygap Energy Limited,191.7,16298.0
2026-01-12,T_NNGAO-1,Neart Na Gaoithe Offshore Wind,1.9,221.0
2026-01-12,T_NNGAO-2,Neart Na Gaoithe Offshore Wind,1.9,221.0
2026-01-12,T_SAKNW-1,Sandy Knowe Wind Farm Ltd,1185.1,47406.0
2026-01-12,T_SANQW-1,SANQUHAR CWCL,120.8,10807.0
2026-01-12,T_SGRWO-1,Seagreen Wind Energy Limited,5093.8,74522.0
2026-01-12,T_SGRWO-2,Seagreen Wind Energy Limited,830.8,12155.0
2026-01-12,T_SGRWO-3,Seagreen Wind Energy Limited,2694.1,39415.0
2026-01-12,T_SGRWO-4,Seagreen Wind Energy Limited,2668.0,39032.0
2026-01-12,T_SGRWO-5,Seagreen Wind Energy Limited,1322.9,19354.0
2026-01-12,T_SGRWO-6,Seagreen Wind Energy Limited,6613.2,96751.0
2026-01-12,T_SOKYW-1,South Kyle Wind Farm Limited,2287.3,91491.0
2026-01-12,T_STLGW-1,Stronelairg Windfarm Limited,473.4,42592.0
2026-01-12,T_STLGW-2,Stronelairg Windfarm Limited,533.7,48015.0
2026-01-12,T_STLGW-3,Stronelairg Windfarm Limited,468.6,42160.0
2026-01-12,T_STRNW-1,Strathy Wind Farm Limited,193.8,16610.0
2026-01-12,T_TWSHW-1,Twentyshilling Limited,494.9,14249.0
2026-01-12,T_VKNGW-1,Viking Energy Wind Farm LLP,2348.9,25415.0
2026-01-12,T_VKNGW-2,Viking Energy Wind Farm LLP,2454.9,26562.0
2026-01-12,T_VKNGW-3,Viking Energy Wind Farm LLP,2324.2,25148.0
2026-01-12,T_VKNGW-4,Viking Energy Wind Farm LLP,2366.4,25605.0
2026-01-12,T_WDRGW-1,Windy Rig Wind Farm Limited,601.0,17640.0
2026-01-12,T_WHILW-1,SP Renewables (UK) Limited,1882.3,165416.0
2026-01-12,T_WHILW-2,SP Renewables (UK) Limited,884.3,76955.0
2026-01-12,T_WISTW-2,BROCKLOCH RIG WINDFARM LTD,714.8,57539.0
2026-01-13,E_BTUIW-3,SP Renewables (UK) Limited,0.9,7.0
2026-01-13,T_GORDW-2,SSE Generation Ltd,24.2,182.0
2026-01-13,T_GRGBW-1,Greater Gabbard Offshore Winds,24.5,4103.0
2026-01-13,T_HALSW-1,SP Renewables (UK) Limited,59.4,491.0
2026-01-13,T_MOWEO-1,Moray Offshore Wind East Ltd,978.7,19689.0
2026-01-13,T_MOWEO-2,Moray Offshore Wind East Ltd,625.7,11672.0
2026-01-13,T_MOWEO-3,Moray Offshore Wind East Ltd,394.0,6170.0
2026-01-13,T_MOWWO-1,Moray Offshore Wind West Ltd,199.8,4605.0
2026-01-13,T_MOWWO-2,Moray Offshore Wind West Ltd,114.9,2655.0
2026-01-13,T_SGRWO-1,Seagreen Wind Energy Limited,1417.2,20748.0
2026-01-13,T_SGRWO-2,Seagreen Wind Energy Limited,158.3,2318.0
2026-01-13,T_SGRWO-3,Seagreen Wind Energy Limited,475.2,6958.0
2026-01-13,T_SGRWO-4,Seagreen Wind Energy Limited,731.1,10703.0
2026-01-13,T_SGRWO-5,Seagreen Wind Energy Limited,303.6,4444.0
2026-01-13,T_SGRWO-6,Seagreen Wind Energy Limited,639.7,9365.0
2026-01-13,T_VKNGW-1,Viking Energy Wind Farm LLP,68.4,740.0
2026-01-13,T_VKNGW-2,Viking Energy Wind Farm LLP,76.8,831.0
2026-01-13,T_VKNGW-3,Viking Energy Wind Farm LLP,60.8,658.0
2026-01-13,T_VKNGW-4,Viking Energy Wind Farm LLP,54.4,589.0
2026-01-14,E_BLARW-1,Erova Energy Limited,58.2,1614.0
2026-01-14,E_BTUIW-3,SP Renewables (UK) Limited,513.7,3853.0
2026-01-14,T_CUMHW-1,Uniper UK Limited,229.3,5302.0
2026-01-14,T_DOREW-1,Dorenell Windfarm Limited,394.7,10262.0
2026-01-14,T_DOREW-2,Dorenell Windfarm Limited,339.8,7944.0
2026-01-14,T_DOUGW-1,Erova Energy Limited,19.8,595.0
2026-01-14,T_DRSLW-1,SP Renewables (UK) Limited,243.3,18926.0
2026-01-14,T_GORDW-2,SSE Generation Ltd,302.9,2280.0
2026-01-14,T_GRGBW-3,Greater Gabbard Offshore Winds,1.0,172.0
2026-01-14,T_HALSW-1,SP Renewables (UK) Limited,460.1,3810.0
2026-01-14,T_KPMRW-1,OnPath Energy Limited,20.9,380.0
2026-01-14,T_MIDMW-1,OnPath Energy Limited,51.9,983.0
2026-01-14,T_MOWEO-1,Moray Offshore Wind East Ltd,2995.6,51280.0
2026-01-14,T_MOWEO-2,Moray Offshore Wind East Ltd,2035.0,23539.0
2026-01-14,T_MOWEO-3,Moray Offshore Wind East Ltd,2930.0,46255.0
2026-01-14,T_MOWWO-1,Moray Offshore Wind West Ltd,2204.1,46648.0
2026-01-14,T_MOWWO-2,Moray Offshore Wind West Ltd,2045.9,43481.0
2026-01-14,T_SANQW-1,SANQUHAR CWCL,54.0,4833.0
2026-01-14,T_SGRWO-1,Seagreen Wind Energy Limited,4557.6,66724.0
2026-01-14,T_SGRWO-2,Seagreen Wind Energy Limited,881.8,12910.0
2026-01-14,T_SGRWO-3,Seagreen Wind Energy Limited,2554.7,37402.0
2026-01-14,T_SGRWO-4,Seagreen Wind Energy Limited,2290.4,33532.0
2026-01-14,T_SGRWO-5,Seagreen Wind Energy Limited,1294.4,18950.0
2026-01-14,T_SGRWO-6,Seagreen Wind Energy Limited,4839.2,70846.0
2026-01-14,T_SOKYW-1,South Kyle Wind Farm Limited,846.4,33855.0
2026-01-14,T_TWSHW-1,Twentyshilling Limited,75.7,2180.0
2026-01-14,T_VKNGW-1,Viking Energy Wind Farm LLP,1252.4,13551.0
2026-01-14,T_VKNGW-2,Viking Energy Wind Farm LLP,1335.6,14451.0
2026-01-14,T_VKNGW-3,Viking Energy Wind Farm LLP,1048.5,11345.0
2026-01-14,T_VKNGW-4,Viking Energy Wind Farm LLP,1046.1,11319.0
2026-01-14,T_WDRGW-1,Windy Rig Wind Farm Limited,27.4,804.0
2026-01-14,T_WISTW-2,BROCKLOCH RIG WINDFARM LTD,265.4,21361.0
2026-01-15,E_BTUIW-3,SP Renewables (UK) Limited,82.9,622.0
2026-01-15,T_CUMHW-1,Uniper UK Limited,25.9,600.0
2026-01-15,T_DRSLW-1,SP Renewables (UK) Limited,18.5,1437.0
2026-01-15,T_GORDW-2,SSE Generation Ltd,39.2,295.0
2026-01-15,T_HALSW-1,SP Renewables (UK) Limited,42.3,350.0
2026-01-15,T_MOWEO-1,Moray Offshore Wind East Ltd,228.7,2131.0
2026-01-15,T_MOWEO-2,Moray Offshore Wind East Ltd,157.7,1551.0
2026-01-15,T_MOWEO-3,Moray Offshore Wind East Ltd,220.3,6797.0
2026-01-15,T_MOWWO-1,Moray Offshore Wind West Ltd,221.8,5162.0
2026-01-15,T_MOWWO-2,Moray Offshore Wind West Ltd,124.2,2884.0
2026-01-15,T_SGRWO-1,Seagreen Wind Energy Limited,329.5,4824.0
2026-01-15,T_SGRWO-2,Seagreen Wind Energy Limited,50.4,738.0
2026-01-15,T_SGRWO-3,Seagreen Wind Energy Limited,279.6,4094.0
2026-01-15,T_SGRWO-4,Seagreen Wind Energy Limited,337.2,4937.0
2026-01-15,T_SGRWO-5,Seagreen Wind Energy Limited,181.4,2656.0
2026-01-15,T_SGRWO-6,Seagreen Wind Energy Limited,1711.2,25052.0
2026-01-15,T_SOKYW-1,South Kyle Wind Farm Limited,61.7,2469.0
2026-01-15,T_TWSHW-1,Twentyshilling Limited,6.7,193.0
2026-01-15,T_VKNGW-1,Viking Energy Wind Farm LLP,329.5,3565.0
2026-01-15,T_VKNGW-2,Viking Energy Wind Farm LLP,312.4,3381.0
2026-01-15,T_VKNGW-3,Viking Energy Wind Farm LLP,294.2,3183.0
2026-01-15,T_VKNGW-4,Viking Energy Wind Farm LLP,283.9,3071.0
2026-01-15,T_WDRGW-1,Windy Rig Wind Farm Limited,28.1,826.0
2026-01-15,T_WISTW-2,BROCKLOCH RIG WINDFARM LTD,0.3,26.0
2026-01-16,T_AFTOW-1,Afton Wind Farm Limited,144.3,11541.0
2026-01-16,T_BENBW-1,Benbrack Wind Farm Limited,47.3,378.0
2026-01-16,T_DRSLW-1,SP Renewables (UK) Limited,218.6,17004.0
2026-01-16,T_WISTW-2,BROCKLOCH RIG WINDFARM LTD,80.8,6502.0
2026-01-17,T_AFTOW-1,Afton Wind Farm Limited,39.6,3169.0
2026-01-17,T_DRSLW-1,SP Renewables (UK) Limited,0.2,12.0
2026-01-17,T_GORDW-2,SSE Generation Ltd,9.6,71.0
2026-01-17,T_MOWEO-1,Moray Offshore Wind East Ltd,180.4,968.0
2026-01-17,T_MOWEO-2,Moray Offshore Wind East Ltd,276.9,1949.0
2026-01-17,T_MOWEO-3,Moray Offshore Wind East Ltd,655.0,1695.0
2026-01-17,T_SGRWO-1,Seagreen Wind Energy Limited,314.0,4597.0
2026-01-17,T_SGRWO-3,Seagreen Wind Energy Limited,68.7,1006.0
2026-01-17,T_SGRWO-4,Seagreen Wind Energy Limited,21.6,317.0
2026-01-17,T_SGRWO-6,Seagreen Wind Energy Limited,486.7,7126.0
2026-01-17,T_VKNGW-1,Viking Energy Wind Farm LLP,40.1,430.0
2026-01-17,T_VKNGW-2,Viking Energy Wind Farm LLP,36.3,390.0
2026-01-17,T_VKNGW-3,Viking Energy Wind Farm LLP,21.0,225.0
2026-01-17,T_VKNGW-4,Viking Energy Wind Farm LLP,21.7,233.0
2026-01-18,T_GORDW-2,SSE Generation Ltd,14.8,110.0
2026-01-18,T_HALSW-1,SP Renewables (UK) Limited,24.2,201.0
2026-01-18,T_MOWEO-1,Moray Offshore Wind East Ltd,347.0,308.0
2026-01-18,T_MOWEO-2,Moray Offshore Wind East Ltd,505.1,1210.0
2026-01-18,T_MOWEO-3,Moray Offshore Wind East Ltd,336.2,666.0
2026-01-18,T_MOWWO-1,Moray Offshore Wind West Ltd,157.2,2353.0
2026-01-18,T_MOWWO-2,Moray Offshore Wind West Ltd,136.3,2035.0
2026-01-18,T_VKNGW-3,Viking Energy Wind Farm LLP,21.9,235.0
2026-01-18,T_VKNGW-4,Viking Energy Wind Farm LLP,30.9,332.0
2026-01-19,T_DRSLW-1,SP Renewables (UK) Limited,53.9,4195.0
2026-01-19,T_GRGBW-3,Greater Gabbard Offshore Winds,3.4,563.0
2026-01-19,T_MOWEO-1,Moray Offshore Wind East Ltd,15.4,0.0
2026-01-19,T_MOWWO-1,Moray Offshore Wind West Ltd,12.4,99.0
2026-01-19,T_MOWWO-2,Moray Offshore Wind West Ltd,7.1,57.0
2026-01-19,T_MOWWO-3,Moray Offshore Wind West Ltd,0.6,5.0
2026-01-19,T_MOWWO-4,Moray Offshore Wind West Ltd,1.5,54.0
2026-01-19,T_SANQW-1,SANQUHAR CWCL,3.6,323.0
2026-01-19,T_SOKYW-1,South Kyle Wind Farm Limited,173.3,6933.0
2026-01-19,T_TWSHW-1,Twentyshilling Limited,9.3,268.0
2026-01-19,T_WDRGW-1,Windy Rig Wind Farm Limited,11.2,329.0
2026-01-19,T_WHIHW-1,Whiteside Hill,5.6,500.0
2026-01-19,T_WISTW-2,BROCKLOCH RIG WINDFARM LTD,48.7,3923.0
2026-01-20,C__PSTAT011,Statkraft Markets Gmbh,186.8,12704.0
2026-01-20,E_BABAW-1,Statkraft Markets Gmbh,119.0,9762.0
2026-01-20,E_BLARW-1,Erova Energy Limited,82.7,2293.0
2026-01-20,E_BTUIW-3,SP Renewables (UK) Limited,553.7,4153.0
2026-01-20,T_AFTOW-1,Afton Wind Farm Limited,876.5,70119.0
2026-01-20,T_BDCHW-1,RWE Generation UK plc,43.6,3705.0
2026-01-20,T_BROCW-1,Smartestenergy Limited,27.7,1082.0
2026-01-20,T_CGTHW-1,Corriegarth Wind Energy LTD,57.5,4638.0
2026-01-20,T_CREAW-1,Creag Riabhach Wind Farm Ltd,414.7,20735.0
2026-01-20,T_CUMHW-1,Uniper UK Limited,22.6,523.0
2026-01-20,T_DOREW-1,Dorenell Windfarm Limited,360.1,10462.0
2026-01-20,T_DOREW-2,Dorenell Windfarm Limited,288.9,8663.0
2026-01-20,T_DOUGW-1,Erova Energy Limited,102.6,3078.0
2026-01-20,T_DRSLW-1,SP Renewables (UK) Limited,1263.6,98308.0
2026-01-20,T_GLNKW-1,EDF Energy Customers Limited,73.8,5418.0
2026-01-20,T_GORDW-2,SSE Generation Ltd,510.0,3800.0
2026-01-20,T_GRGBW-1,Greater Gabbard Offshore Winds,1.9,324.0
2026-01-20,T_GRGBW-3,Greater Gabbard Offshore Winds,22.5,3772.0
2026-01-20,T_HALSW-1,SP Renewables (UK) Limited,386.9,3203.0
2026-01-20,T_KENNW-1,Kennoxhead Wind Farm Limited,136.8,4297.0
2026-01-20,T_LIMKW-1,Limekiln Extension Ltd,519.5,20781.0
2026-01-20,T_MOWEO-1,Moray Offshore Wind East Ltd,2999.6,34836.0
2026-01-20,T_MOWEO-2,Moray Offshore Wind East Ltd,3015.9,36309.0
2026-01-20,T_MOWEO-3,Moray Offshore Wind East Ltd,2395.5,31941.0
2026-01-20,T_MOWWO-1,Moray Offshore Wind West Ltd,1917.6,39056.0
2026-01-20,T_MOWWO-2,Moray Offshore Wind West Ltd,1948.1,39733.0
2026-01-20,T_MOWWO-3,Moray Offshore Wind West Ltd,139.6,2840.0
2026-01-20,T_MOWWO-4,Moray Offshore Wind West Ltd,251.1,9203.0
2026-01-20,T_SAKNW-1,Sandy Knowe Wind Farm Ltd,65.1,2604.0
2026-01-20,T_SANQW-1,SANQUHAR CWCL,567.8,50818.0
2026-01-20,T_SGRWO-1,Seagreen Wind Energy Limited,4229.6,61118.0
2026-01-20,T_SGRWO-2,Seagreen Wind Energy Limited,895.5,12939.0
2026-01-20,T_SGRWO-3,Seagreen Wind Energy Limited,2039.1,29465.0
2026-01-20,T_SGRWO-4,Seagreen Wind Energy Limited,1620.3,23413.0
2026-01-20,T_SGRWO-5,Seagreen Wind Energy Limited,1165.9,16847.0
2026-01-20,T_SGRWO-6,Seagreen Wind Energy Limited,4841.6,69960.0
2026-01-20,T_SOKYW-1,South Kyle Wind Farm Limited,161.0,6440.0
2026-01-20,T_TWSHW-1,Twentyshilling Limited,21.0,604.0
2026-01-20,T_VKNGW-1,Viking Energy Wind Farm LLP,1876.7,20156.0
2026-01-20,T_VKNGW-2,Viking Energy Wind Farm LLP,2034.5,21850.0
2026-01-20,T_VKNGW-3,Viking Energy Wind Farm LLP,1889.6,20294.0
2026-01-20,T_VKNGW-4,Viking Energy Wind Farm LLP,1931.8,20747.0
2026-01-20,T_WDRGW-1,Windy Rig Wind Farm Limited,110.2,3236.0
2026-01-20,T_WHIHW-1,Whiteside Hill,491.1,44200.0
2026-01-20,T_WISTW-2,BROCKLOCH RIG WINDFARM LTD,1265.8,101894.0
2026-01-21,C__PSTAT011,Statkraft Markets Gmbh,160.7,10925.0
2026-01-21,E_BABAW-1,Statkraft Markets Gmbh,17.9,1468.0
2026-01-21,E_BLARW-1,Erova Energy Limited,15.3,430.0
2026-01-21,E_BTUIW-3,SP Renewables (UK) Limited,210.1,1575.0
2026-01-21,T_AFTOW-1,Afton Wind Farm Limited,654.0,52322.0
2026-01-21,T_BDCHW-1,RWE Generation UK plc,77.4,6741.0
2026-01-21,T_BROCW-1,Smartestenergy Limited,16.9,660.0
2026-01-21,T_CGTHW-1,Corriegarth Wind Energy LTD,142.8,11526.0
2026-01-21,T_CREAW-1,Creag Riabhach Wind Farm Ltd,98.6,4930.0
2026-01-21,T_CRMLW-1,EDF Energy Customers Limited,22.1,1848.0
2026-01-21,T_DOREW-1,Dorenell Windfarm Limited,698.4,23677.0
2026-01-21,T_DOREW-2,Dorenell Windfarm Limited,775.3,26423.0
2026-01-21,T_DOUGW-1,Erova Energy Limited,20.6,617.0
2026-01-21,T_DRSLW-1,SP Renewables (UK) Limited,722.9,56238.0
2026-01-21,T_GORDW-2,SSE Generation Ltd,877.5,6537.0
2026-01-21,T_HALSW-1,SP Renewables (UK) Limited,666.4,5518.0
2026-01-21,T_KENNW-1,Kennoxhead Wind Farm Limited,21.0,660.0
2026-01-21,T_LIMKW-1,Limekiln Extension Ltd,1037.4,41495.0
2026-01-21,T_MOWEO-1,Moray Offshore Wind East Ltd,6374.0,117221.0
2026-01-21,T_MOWEO-2,Moray Offshore Wind East Ltd,6377.3,115232.0
2026-01-21,T_MOWEO-3,Moray Offshore Wind East Ltd,6020.2,110669.0
2026-01-21,T_MOWWO-1,Moray Offshore Wind West Ltd,2872.8,61227.0
2026-01-21,T_MOWWO-2,Moray Offshore Wind West Ltd,2687.1,57769.0
2026-01-21,T_MOWWO-3,Moray Offshore Wind West Ltd,215.6,4636.0
2026-01-21,T_MOWWO-4,Moray Offshore Wind West Ltd,330.2,12102.0
2026-01-21,T_SAKNW-1,Sandy Knowe Wind Farm Ltd,86.3,3452.0
2026-01-21,T_SANQW-1,SANQUHAR CWCL,24.1,2161.0
2026-01-21,T_SGRWO-1,Seagreen Wind Energy Limited,5952.8,70594.0
2026-01-21,T_SGRWO-2,Seagreen Wind Energy Limited,1476.3,17331.0
2026-01-21,T_SGRWO-3,Seagreen Wind Energy Limited,3180.5,37709.0
2026-01-21,T_SGRWO-4,Seagreen Wind Energy Limited,2629.4,31347.0
2026-01-21,T_SGRWO-5,Seagreen Wind Energy Limited,1406.7,16941.0
2026-01-21,T_SGRWO-6,Seagreen Wind Energy Limited,6640.6,75639.0
2026-01-21,T_SOKYW-1,South Kyle Wind Farm Limited,2722.6,108903.0
2026-01-21,T_VKNGW-1,Viking Energy Wind Farm LLP,2346.3,25199.0
2026-01-21,T_VKNGW-2,Viking Energy Wind Farm LLP,2347.9,25217.0
2026-01-21,T_VKNGW-3,Viking Energy Wind Farm LLP,2278.4,24470.0
2026-01-21,T_VKNGW-4,Viking Energy Wind Farm LLP,2333.1,25057.0
2026-01-21,T_WDRGW-1,Windy Rig Wind Farm Limited,148.8,4367.0
2026-01-21,T_WHIHW-1,Whiteside Hill,45.3,4079.0
2026-01-21,T_WISTW-2,BROCKLOCH RIG WINDFARM LTD,168.4,13557.0
2026-01-22,2__PSTAT001,Statkraft Markets Gmbh,113.8,9640.0
2026-01-22,C__PSTAT011,Statkraft Markets Gmbh,327.3,22259.0
2026-01-22,E_BABAW-1,Statkraft Markets Gmbh,233.2,19126.0
2026-01-22,E_BETHW-1,SP Renewables (UK) Limited,24.0,2071.0
2026-01-22,T_AFTOW-1,Afton Wind Farm Limited,780.6,62446.0
2026-01-22,T_BHLAW-1,SSE Generation Ltd,263.2,22200.0
2026-01-22,T_CGTHW-1,Corriegarth Wind Energy LTD,366.2,29551.0
2026-01-22,T_CREAW-1,Creag Riabhach Wind Farm Ltd,568.4,28420.0
2026-01-22,T_CRMLW-1,EDF Energy Customers Limited,229.4,19162.0
2026-01-22,T_DOREW-1,Dorenell Windfarm Limited,1385.8,39955.0
2026-01-22,T_DOREW-2,Dorenell Windfarm Limited,1209.0,34490.0
2026-01-22,T_DRSLW-1,SP Renewables (UK) Limited,1272.7,99016.0
2026-01-22,T_GLNKW-1,EDF Energy Customers Limited,336.5,24701.0
2026-01-22,T_GORDW-1,SSE Generation Ltd,73.5,6334.0
2026-01-22,T_GORDW-2,SSE Generation Ltd,775.0,5774.0
2026-01-22,T_GRGBW-3,Greater Gabbard Offshore Winds,2.0,335.0
2026-01-22,T_HALSW-1,SP Renewables (UK) Limited,664.5,5502.0
2026-01-22,T_LIMKW-1,Limekiln Extension Ltd,2062.8,82512.0
2026-01-22,T_MOWEO-1,Moray Offshore Wind East Ltd,6600.6,133343.0
2026-01-22,T_MOWEO-2,Moray Offshore Wind East Ltd,6677.5,131553.0
2026-01-22,T_MOWEO-3,Moray Offshore Wind East Ltd,5520.8,96726.0
2026-01-22,T_MOWWO-1,Moray Offshore Wind West Ltd,4046.2,85742.0
2026-01-22,T_MOWWO-2,Moray Offshore Wind West Ltd,4087.9,86771.0
2026-01-22,T_MOWWO-3,Moray Offshore Wind West Ltd,269.8,5790.0
2026-01-22,T_MOWWO-4,Moray Offshore Wind West Ltd,537.8,19709.0
2026-01-22,T_SGRWO-1,Seagreen Wind Energy Limited,6371.7,31731.0
2026-01-22,T_SGRWO-2,Seagreen Wind Energy Limited,1776.2,8845.0
2026-01-22,T_SGRWO-3,Seagreen Wind Energy Limited,3579.4,17826.0
2026-01-22,T_SGRWO-4,Seagreen Wind Energy Limited,2889.2,14388.0
2026-01-22,T_SGRWO-5,Seagreen Wind Energy Limited,1540.2,7670.0
2026-01-22,T_SGRWO-6,Seagreen Wind Energy Limited,8365.3,41659.0
2026-01-22,T_SOKYW-1,South Kyle Wind Farm Limited,4873.9,194954.0
2026-01-22,T_STRNW-1,Strathy Wind Farm Limited,114.9,9837.0
2026-01-22,T_VKNGW-1,Viking Energy Wind Farm LLP,2646.4,28422.0
2026-01-22,T_VKNGW-2,Viking Energy Wind Farm LLP,2651.3,28475.0
2026-01-22,T_VKNGW-3,Viking Energy Wind Farm LLP,2560.5,27500.0
2026-01-22,T_VKNGW-4,Viking Energy Wind Farm LLP,2651.5,28477.0
2026-01-22,T_WISTW-2,BROCKLOCH RIG WINDFARM LTD,113.4,9132.0
2026-01-23,2__PSTAT001,Statkraft Markets Gmbh,12.9,1094.0
2026-01-23,C__PSTAT011,Statkraft Markets Gmbh,541.3,36811.0
2026-01-23,E_BABAW-1,Statkraft Markets Gmbh,282.1,23130.0
2026-01-23,E_BETHW-1,SP Renewables (UK) Limited,11.2,970.0
2026-01-23,E_BTUIW-3,SP Renewables (UK) Limited,142.8,1071.0
2026-01-23,T_AFTOW-1,Afton Wind Farm Limited,533.6,42689.0
2026-01-23,T_BHLAW-1,SSE Generation Ltd,713.1,60153.0
2026-01-23,T_CGTHW-1,Corriegarth Wind Energy LTD,32.0,2581.0
2026-01-23,T_CREAW-1,Creag Riabhach Wind Farm Ltd,1144.0,57199.0
2026-01-23,T_CRMLW-1,EDF Energy Customers Limited,304.6,25444.0
2026-01-23,T_CUMHW-1,Uniper UK Limited,93.4,2158.0
2026-01-23,T_DOREW-1,Dorenell Windfarm Limited,1794.7,54955.0
2026-01-23,T_DOREW-2,Dorenell Windfarm Limited,1344.1,42143.0
2026-01-23,T_DRSLW-1,SP Renewables (UK) Limited,906.2,70505.0
2026-01-23,T_GLNKW-1,EDF Energy Customers Limited,360.4,26452.0
2026-01-23,T_GORDW-1,SSE Generation Ltd,112.4,9690.0
2026-01-23,T_GORDW-2,SSE Generation Ltd,893.6,6658.0
2026-01-23,T_HALSW-1,SP Renewables (UK) Limited,664.5,5502.0
2026-01-23,T_KENNW-1,Kennoxhead Wind Farm Limited,94.8,2979.0
2026-01-23,T_LIMKW-1,Limekiln Extension Ltd,1468.0,58722.0
2026-01-23,T_MOWEO-1,Moray Offshore Wind East Ltd,6835.6,101706.0
2026-01-23,T_MOWEO-2,Moray Offshore Wind East Ltd,7016.9,104700.0
2026-01-23,T_MOWEO-3,Moray Offshore Wind East Ltd,6526.4,97661.0
2026-01-23,T_MOWWO-1,Moray Offshore Wind West Ltd,3446.4,70924.0
2026-01-23,T_MOWWO-2,Moray Offshore Wind West Ltd,4179.6,84755.0
2026-01-23,T_MOWWO-3,Moray Offshore Wind West Ltd,278.2,5687.0
2026-01-23,T_MOWWO-4,Moray Offshore Wind West Ltd,410.4,15040.0
2026-01-23,T_SANQW-1,SANQUHAR CWCL,307.0,27477.0
2026-01-23,T_SGRWO-1,Seagreen Wind Energy Limited,6121.3,4334.0
2026-01-23,T_SGRWO-2,Seagreen Wind Energy Limited,1777.2,1229.0
2026-01-23,T_SGRWO-3,Seagreen Wind Energy Limited,3572.5,2472.0
2026-01-23,T_SGRWO-4,Seagreen Wind Energy Limited,2899.9,2004.0
2026-01-23,T_SGRWO-5,Seagreen Wind Energy Limited,1446.8,972.0
2026-01-23,T_SGRWO-6,Seagreen Wind Energy Limited,8556.2,5929.0
2026-01-23,T_SOKYW-1,South Kyle Wind Farm Limited,1595.6,63822.0
2026-01-23,T_STRNW-1,Strathy Wind Farm Limited,720.3,61677.0
2026-01-23,T_TWSHW-1,Twentyshilling Limited,8.8,254.0
2026-01-23,T_VKNGW-1,Viking Energy Wind Farm LLP,2628.9,28234.0
2026-01-23,T_VKNGW-2,Viking Energy Wind Farm LLP,2627.0,28214.0
2026-01-23,T_VKNGW-3,Viking Energy Wind Farm LLP,2535.9,27236.0
2026-01-23,T_VKNGW-4,Viking Energy Wind Farm LLP,2625.2,28194.0
2026-01-23,T_WHIHW-1,Whiteside Hill,62.0,5584.0
2026-01-23,T_WISTW-2,BROCKLOCH RIG WINDFARM LTD,621.1,49999.0
2026-01-24,E_BABAW-1,Statkraft Markets Gmbh,99.3,8143.0
2026-01-24,E_BLARW-1,Erova Energy Limited,119.6,3317.0
2026-01-24,E_BTUIW-3,SP Renewables (UK) Limited,361.0,2708.0
2026-01-24,E_HRHLW-1,SP Renewables (UK) Limited,50.2,3906.0
2026-01-24,T_BHLAW-1,SSE Generation Ltd,76.2,6425.0
2026-01-24,T_BROCW-1,Smartestenergy Limited,63.4,2471.0
2026-01-24,T_CRGHW-1,Statkraft Markets Gmbh,100.7,7753.0
2026-01-24,T_CRYRW-3,Eneco Energy Trade,32.9,2526.0
2026-01-24,T_CUMHW-1,Uniper UK Limited,101.3,2343.0
2026-01-24,T_DOREW-1,Dorenell Windfarm Limited,705.1,24931.0
2026-01-24,T_DOREW-2,Dorenell Windfarm Limited,599.4,21162.0
2026-01-24,T_DOUGW-1,Erova Energy Limited,85.0,2550.0
2026-01-24,T_DRSLW-1,SP Renewables (UK) Limited,840.9,65422.0
2026-01-24,T_EDINW-1,Vattenfall Wind Power Ltd,23.7,2609.0
2026-01-24,T_EWHLW-1,SP Renewables (UK) Limited,67.3,5236.0
2026-01-24,T_GNAPW-1,SP Renewables (UK) Limited,43.5,3387.0
2026-01-24,T_GORDW-1,SSE Generation Ltd,108.4,9346.0
2026-01-24,T_GORDW-2,SSE Generation Ltd,893.6,6658.0
2026-01-24,T_HALSW-1,SP Renewables (UK) Limited,664.5,5502.0
2026-01-24,T_KENNW-1,Kennoxhead Wind Farm Limited,214.3,6733.0
2026-01-24,T_KPMRW-1,OnPath Energy Limited,121.0,6247.0
2026-01-24,T_LIMKW-1,Limekiln Extension Ltd,910.9,36435.0
2026-01-24,T_MOWEO-1,Moray Offshore Wind East Ltd,6840.6,124372.0
2026-01-24,T_MOWEO-2,Moray Offshore Wind East Ltd,6698.2,124568.0
2026-01-24,T_MOWEO-3,Moray Offshore Wind East Ltd,5734.8,106565.0
2026-01-24,T_MOWWO-1,Moray Offshore Wind West Ltd,1894.3,42038.0
2026-01-24,T_MOWWO-2,Moray Offshore Wind West Ltd,2258.6,49944.0
2026-01-24,T_MOWWO-3,Moray Offshore Wind West Ltd,120.4,2699.0
2026-01-24,T_MOWWO-4,Moray Offshore Wind West Ltd,176.2,6456.0
2026-01-24,T_SGRWO-1,Seagreen Wind Energy Limited,6469.9,0.0
2026-01-24,T_SGRWO-2,Seagreen Wind Energy Limited,1805.7,0.0
2026-01-24,T_SGRWO-3,Seagreen Wind Energy Limited,3534.5,0.0
2026-01-24,T_SGRWO-4,Seagreen Wind Energy Limited,2906.0,0.0
2026-01-24,T_SGRWO-5,Seagreen Wind Energy Limited,1540.7,0.0
2026-01-24,T_SGRWO-6,Seagreen Wind Energy Limited,8420.6,0.0
2026-01-24,T_SOKYW-1,South Kyle Wind Farm Limited,3630.3,145211.0
2026-01-24,T_STRNW-1,Strathy Wind Farm Limited,87.5,7496.0
2026-01-24,T_TWSHW-1,Twentyshilling Limited,29.1,839.0
2026-01-24,T_VKNGW-1,Viking Energy Wind Farm LLP,2625.9,28202.0
2026-01-24,T_VKNGW-2,Viking Energy Wind Farm LLP,2442.3,26230.0
2026-01-24,T_VKNGW-3,Viking Energy Wind Farm LLP,2516.3,27025.0
2026-01-24,T_VKNGW-4,Viking Energy Wind Farm LLP,2611.0,28043.0
2026-01-24,T_WISTW-2,BROCKLOCH RIG WINDFARM LTD,193.5,15576.0
2026-01-25,E_BLARW-1,Erova Energy Limited,245.9,6817.0
2026-01-25,E_BTUIW-3,SP Renewables (UK) Limited,440.0,3300.0
2026-01-25,T_BROCW-1,Smartestenergy Limited,106.6,4158.0
2026-01-25,T_CREAW-1,Creag Riabhach Wind Farm Ltd,146.7,7336.0
2026-01-25,T_CUMHW-1,Uniper UK Limited,242.6,5609.0
2026-01-25,T_DOREW-1,Dorenell Windfarm Limited,314.6,13669.0
2026-01-25,T_DOREW-2,Dorenell Windfarm Limited,259.7,11274.0
2026-01-25,T_DOUGW-1,Erova Energy Limited,111.6,3347.0
2026-01-25,T_DRSLW-1,SP Renewables (UK) Limited,108.4,8436.0
2026-01-25,T_EDINW-1,Vattenfall Wind Power Ltd,2.0,217.0
2026-01-25,T_GLNKW-1,EDF Energy Customers Limited,53.0,3887.0
2026-01-25,T_GORDW-2,SSE Generation Ltd,794.8,5922.0
2026-01-25,T_HALSW-1,SP Renewables (UK) Limited,309.2,2560.0
2026-01-25,T_KENNW-1,Kennoxhead Wind Farm Limited,346.9,10901.0
2026-01-25,T_KPMRW-1,OnPath Energy Limited,189.5,12378.0
2026-01-25,T_LIMKW-1,Limekiln Extension Ltd,264.2,10569.0
2026-01-25,T_MIDMW-1,OnPath Energy Limited,122.2,7981.0
2026-01-25,T_MOWEO-1,Moray Offshore Wind East Ltd,4512.6,78857.0
2026-01-25,T_MOWEO-2,Moray Offshore Wind East Ltd,5973.7,93590.0
2026-01-25,T_MOWEO-3,Moray Offshore Wind East Ltd,3410.2,66302.0
2026-01-25,T_MOWWO-1,Moray Offshore Wind West Ltd,2423.7,52301.0
2026-01-25,T_MOWWO-2,Moray Offshore Wind West Ltd,2790.7,59477.0
2026-01-25,T_MOWWO-3,Moray Offshore Wind West Ltd,39.2,899.0
2026-01-25,T_MOWWO-4,Moray Offshore Wind West Ltd,78.4,2875.0
2026-01-25,T_SAKNW-1,Sandy Knowe Wind Farm Ltd,250.3,10013.0
2026-01-25,T_SGRWO-1,Seagreen Wind Energy Limited,5580.3,0.0
2026-01-25,T_SGRWO-2,Seagreen Wind Energy Limited,1487.8,0.0
2026-01-25,T_SGRWO-3,Seagreen Wind Energy Limited,3334.7,0.0
2026-01-25,T_SGRWO-4,Seagreen Wind Energy Limited,2530.4,0.0
2026-01-25,T_SGRWO-5,Seagreen Wind Energy Limited,1279.5,0.0
2026-01-25,T_SGRWO-6,Seagreen Wind Energy Limited,7290.4,0.0
2026-01-25,T_SOKYW-1,South Kyle Wind Farm Limited,3088.9,123557.0
2026-01-25,T_TWSHW-1,Twentyshilling Limited,227.5,6551.0
2026-01-25,T_VKNGW-1,Viking Energy Wind Farm LLP,1536.8,16505.0
2026-01-25,T_VKNGW-2,Viking Energy Wind Farm LLP,1599.0,17173.0
2026-01-25,T_VKNGW-3,Viking Energy Wind Farm LLP,1286.8,13820.0
2026-01-25,T_VKNGW-4,Viking Energy Wind Farm LLP,1394.7,14979.0
2026-01-25,T_WDRGW-1,Windy Rig Wind Farm Limited,230.8,6773.0
2026-01-26,E_BTUIW-3,SP Renewables (UK) Limited,3.9,29.0
2026-01-26,T_DOREW-1,Dorenell Windfarm Limited,1326.7,24759.0
2026-01-26,T_DOREW-2,Dorenell Windfarm Limited,1084.2,20505.0
2026-01-26,T_DRSLW-1,SP Renewables (UK) Limited,59.1,4595.0
2026-01-26,T_GORDW-2,SSE Generation Ltd,576.3,4294.0
2026-01-26,T_GRGBW-3,Greater Gabbard Offshore Winds,4.3,719.0
2026-01-26,T_HALSW-1,SP Renewables (UK) Limited,406.2,3363.0
2026-01-26,T_MOWEO-1,Moray Offshore Wind East Ltd,4713.6,23420.0
2026-01-26,T_MOWEO-2,Moray Offshore Wind East Ltd,6056.5,44681.0
2026-01-26,T_MOWEO-3,Moray Offshore Wind East Ltd,5874.5,44830.0
2026-01-26,T_MOWWO-1,Moray Offshore Wind West Ltd,1607.5,30213.0
2026-01-26,T_MOWWO-2,Moray Offshore Wind West Ltd,756.3,14483.0
2026-01-26,T_MOWWO-3,Moray Offshore Wind West Ltd,35.4,742.0
2026-01-26,T_MOWWO-4,Moray Offshore Wind West Ltd,48.3,1771.0
2026-01-26,T_SGRWO-1,Seagreen Wind Energy Limited,4980.3,0.0
2026-01-26,T_SGRWO-2,Seagreen Wind Energy Limited,1452.7,0.0
2026-01-26,T_SGRWO-3,Seagreen Wind Energy Limited,3115.1,0.0
2026-01-26,T_SGRWO-4,Seagreen Wind Energy Limited,2205.0,0.0
2026-01-26,T_SGRWO-5,Seagreen Wind Energy Limited,1192.0,0.0
2026-01-26,T_SGRWO-6,Seagreen Wind Energy Limited,6220.0,0.0
2026-01-26,T_SOKYW-1,South Kyle Wind Farm Limited,2107.5,84300.0
2026-01-26,T_VKNGW-1,Viking Energy Wind Farm LLP,855.9,9192.0
2026-01-26,T_VKNGW-2,Viking Energy Wind Farm LLP,821.3,8821.0
2026-01-26,T_VKNGW-3,Viking Energy Wind Farm LLP,703.7,7558.0
2026-01-26,T_VKNGW-4,Viking Energy Wind Farm LLP,675.3,7252.0
2026-01-27,C__PSTAT011,Statkraft Markets Gmbh,185.8,12637.0
2026-01-27,E_BABAW-1,Statkraft Markets Gmbh,51.2,4202.0
2026-01-27,E_BLARW-1,Erova Energy Limited,360.0,11766.0
2026-01-27,E_BTUIW-3,SP Renewables (UK) Limited,548.1,4111.0
2026-01-27,E_GRGRW-1,Evolve Energy Supply Limited,168.4,11788.0
2026-01-27,E_HRHLW-1,SP Renewables (UK) Limited,27.0,2101.0
2026-01-27,T_BDCHW-1,RWE Generation UK plc,39.4,2923.0
2026-01-27,T_BHLAW-1,SSE Generation Ltd,29.4,2484.0
2026-01-27,T_BLLA-2,SP Renewables (UK) Limited,54.5,4238.0
2026-01-27,T_BROCW-1,Smartestenergy Limited,15.7,614.0
2026-01-27,T_CGTHW-1,Corriegarth Wind Energy LTD,60.9,4915.0
2026-01-27,T_CRDEW-1,EDF Energy Customers Limited,127.0,6856.0
2026-01-27,T_CRDEW-2,EDF Energy Customers Limited,92.5,4998.0
2026-01-27,T_CREAW-1,Creag Riabhach Wind Farm Ltd,489.6,24479.0
2026-01-27,T_CRGHW-1,Statkraft Markets Gmbh,23.8,1830.0
2026-01-27,T_CRYRW-2,Eneco Energy Trade,54.8,4634.0
2026-01-27,T_CRYRW-3,Eneco Energy Trade,13.4,1030.0
2026-01-27,T_CUMHW-1,Uniper UK Limited,368.9,8530.0
2026-01-27,T_DALQW-1,Statkraft Markets Gmbh,211.1,12874.0
2026-01-27,T_DOREW-1,Dorenell Windfarm Limited,1369.0,38998.0
2026-01-27,T_DOREW-2,Dorenell Windfarm Limited,1165.0,31765.0
2026-01-27,T_DOUGW-1,Erova Energy Limited,385.8,11574.0
2026-01-27,T_DRSLW-1,SP Renewables (UK) Limited,40.8,3174.0
2026-01-27,T_EDINW-1,Vattenfall Wind Power Ltd,34.7,3819.0
2026-01-27,T_EWHLW-1,SP Renewables (UK) Limited,22.1,1721.0
2026-01-27,T_GLNKW-1,EDF Energy Customers Limited,164.3,12057.0
2026-01-27,T_GORDW-1,SSE Generation Ltd,69.1,5958.0
2026-01-27,T_GORDW-2,SSE Generation Ltd,554.5,4131.0
2026-01-27,T_GRIFW-1,Griffin Wind Farm Ltd,139.1,12976.0
2026-01-27,T_GRIFW-2,Griffin Wind Farm Ltd,128.9,12026.0
2026-01-27,T_HALSW-1,SP Renewables (UK) Limited,583.2,4829.0
2026-01-27,T_KENNW-1,Kennoxhead Wind Farm Limited,567.4,17826.0
2026-01-27,T_KLGLW-1,SP Renewables (UK) Limited,463.6,35966.0
2026-01-27,T_KPMRW-1,OnPath Energy Limited,327.3,17369.0
2026-01-27,T_LIMKW-1,Limekiln Extension Ltd,746.6,29863.0
2026-01-27,T_MIDMW-1,OnPath Energy Limited,206.3,10971.0
2026-01-27,T_MOWEO-1,Moray Offshore Wind East Ltd,6787.8,98179.0
2026-01-27,T_MOWEO-2,Moray Offshore Wind East Ltd,6660.7,94985.0
2026-01-27,T_MOWEO-3,Moray Offshore Wind East Ltd,6348.0,91282.0
2026-01-27,T_MOWWO-1,Moray Offshore Wind West Ltd,2516.6,52917.0
2026-01-27,T_MOWWO-2,Moray Offshore Wind West Ltd,2801.5,58150.0
2026-01-27,T_MOWWO-3,Moray Offshore Wind West Ltd,194.8,4073.0
2026-01-27,T_MOWWO-4,Moray Offshore Wind West Ltd,320.0,11729.0
2026-01-27,T_SAKNW-1,Sandy Knowe Wind Farm Ltd,435.2,17410.0
2026-01-27,T_SGRWO-1,Seagreen Wind Energy Limited,6501.4,0.0
2026-01-27,T_SGRWO-2,Seagreen Wind Energy Limited,1791.8,0.0
2026-01-27,T_SGRWO-3,Seagreen Wind Energy Limited,3220.6,0.0
2026-01-27,T_SGRWO-4,Seagreen Wind Energy Limited,2678.6,0.0
2026-01-27,T_SGRWO-5,Seagreen Wind Energy Limited,1479.9,0.0
2026-01-27,T_SGRWO-6,Seagreen Wind Energy Limited,8283.0,0.0
2026-01-27,T_SOKYW-1,South Kyle Wind Farm Limited,1261.9,50474.0
2026-01-27,T_TWSHW-1,Twentyshilling Limited,387.3,11150.0
2026-01-27,T_VKNGW-1,Viking Energy Wind Farm LLP,2047.0,21984.0
2026-01-27,T_VKNGW-2,Viking Energy Wind Farm LLP,1911.7,20532.0
2026-01-27,T_VKNGW-3,Viking Energy Wind Farm LLP,1968.3,21140.0
2026-01-27,T_VKNGW-4,Viking Energy Wind Farm LLP,2386.9,25636.0
2026-01-27,T_WDRGW-1,Windy Rig Wind Farm Limited,471.1,13826.0
2026-01-28,C__PSTAT011,Statkraft Markets Gmbh,1.3,91.0
2026-01-28,E_BLARW-1,Erova Energy Limited,27.4,761.0
2026-01-28,E_BTUIW-3,SP Renewables (UK) Limited,68.2,511.0
2026-01-28,E_GRGRW-1,Evolve Energy Supply Limited,0.7,46.0
2026-01-28,E_HRHLW-1,SP Renewables (UK) Limited,0.3,23.0
2026-01-28,T_BLLA-2,SP Renewables (UK) Limited,17.2,1341.0
2026-01-28,T_CRDEW-1,EDF Energy Customers Limited,9.3,501.0
2026-01-28,T_CREAW-1,Creag Riabhach Wind Farm Ltd,49.4,2473.0
2026-01-28,T_DALQW-1,Statkraft Markets Gmbh,21.4,1308.0
2026-01-28,T_DOREW-1,Dorenell Windfarm Limited,27.0,853.0
2026-01-28,T_DOREW-2,Dorenell Windfarm Limited,95.6,3071.0
2026-01-28,T_DOUGW-1,Erova Energy Limited,20.4,611.0
2026-01-28,T_GORDW-2,SSE Generation Ltd,212.1,1580.0
2026-01-28,T_HALSW-1,SP Renewables (UK) Limited,147.9,1224.0
2026-01-28,T_KPMRW-1,OnPath Energy Limited,25.6,1350.0
2026-01-28,T_MIDMW-1,OnPath Energy Limited,22.5,1185.0
2026-01-28,T_MOWEO-1,Moray Offshore Wind East Ltd,6312.5,35263.0
2026-01-28,T_MOWEO-2,Moray Offshore Wind East Ltd,4998.8,24781.0
2026-01-28,T_MOWEO-3,Moray Offshore Wind East Ltd,5747.6,31850.0
2026-01-28,T_MOWWO-1,Moray Offshore Wind West Ltd,809.3,16680.0
2026-01-28,T_MOWWO-2,Moray Offshore Wind West Ltd,753.5,15618.0
2026-01-28,T_MOWWO-3,Moray Offshore Wind West Ltd,47.8,995.0
2026-01-28,T_MOWWO-4,Moray Offshore Wind West Ltd,13.4,492.0
2026-01-28,T_SGRWO-1,Seagreen Wind Energy Limited,4248.2,0.0
2026-01-28,T_SGRWO-2,Seagreen Wind Energy Limited,760.7,0.0
2026-01-28,T_SGRWO-3,Seagreen Wind Energy Limited,1762.1,0.0
2026-01-28,T_SGRWO-4,Seagreen Wind Energy Limited,1404.2,0.0
2026-01-28,T_SGRWO-5,Seagreen Wind Energy Limited,383.5,0.0
2026-01-28,T_SGRWO-6,Seagreen Wind Energy Limited,3146.8,0.0
2026-01-28,T_TWSHW-1,Twentyshilling Limited,19.8,570.0
2026-01-28,T_VKNGW-1,Viking Energy Wind Farm LLP,315.7,3390.0
2026-01-28,T_VKNGW-2,Viking Energy Wind Farm LLP,647.2,6951.0
2026-01-28,T_VKNGW-3,Viking Energy Wind Farm LLP,461.2,4953.0
2026-01-28,T_VKNGW-4,Viking Energy Wind Farm LLP,414.1,4448.0
2026-01-28,T_WDRGW-1,Windy Rig Wind Farm Limited,23.3,684.0
2026-01-29,E_BTUIW-3,SP Renewables (UK) Limited,59.2,444.0
2026-01-29,T_DOREW-1,Dorenell Windfarm Limited,28.3,335.0
2026-01-29,T_DOREW-2,Dorenell Windfarm Limited,53.6,604.0
2026-01-29,T_GORDW-2,SSE Generation Ltd,634.9,4730.0
2026-01-29,T_HALSW-1,SP Renewables (UK) Limited,453.8,3758.0
2026-01-29,T_MOWEO-1,Moray Offshore Wind East Ltd,5589.3,44372.0
2026-01-29,T_MOWEO-2,Moray Offshore Wind East Ltd,4443.3,22314.0
2026-01-29,T_MOWEO-3,Moray Offshore Wind East Ltd,4584.8,21477.0
2026-01-29,T_MOWWO-1,Moray Offshore Wind West Ltd,144.0,2967.0
2026-01-29,T_MOWWO-3,Moray Offshore Wind West Ltd,10.1,207.0
2026-01-29,T_SGRWO-1,Seagreen Wind Energy Limited,5813.1,0.0
2026-01-29,T_SGRWO-2,Seagreen Wind Energy Limited,1478.9,0.0
2026-01-29,T_SGRWO-3,Seagreen Wind Energy Limited,3041.6,0.0
2026-01-29,T_SGRWO-4,Seagreen Wind Energy Limited,2664.1,0.0
2026-01-29,T_SGRWO-5,Seagreen Wind Energy Limited,1159.5,0.0
2026-01-29,T_SGRWO-6,Seagreen Wind Energy Limited,7123.3,0.0
2026-01-29,T_VKNGW-1,Viking Energy Wind Farm LLP,1851.6,19886.0
2026-01-29,T_VKNGW-2,Viking Energy Wind Farm LLP,1610.6,17298.0
2026-01-29,T_VKNGW-3,Viking Energy Wind Farm LLP,764.7,8213.0
2026-01-29,T_VKNGW-4,Viking Energy Wind Farm LLP,220.5,2368.0
2026-01-30,E_BLARW-1,Erova Energy Limited,70.4,1951.0
2026-01-30,E_BTUIW-3,SP Renewables (UK) Limited,339.8,2549.0
2026-01-30,T_BROCW-1,Smartestenergy Limited,45.2,1762.0
2026-01-30,T_DOREW-1,Dorenell Windfarm Limited,150.5,4500.0
2026-01-30,T_DOREW-2,Dorenell Windfarm Limited,216.3,5789.0
2026-01-30,T_DOUGW-1,Erova Energy Limited,44.1,1324.0
2026-01-30,T_GORDW-2,SSE Generation Ltd,900.0,6716.0
2026-01-30,T_GRGBW-2,Greater Gabbard Offshore Winds,0.6,106.0
2026-01-30,T_HALSW-1,SP Renewables (UK) Limited,619.7,5131.0
2026-01-30,T_MOWEO-1,Moray Offshore Wind East Ltd,6480.1,81426.0
2026-01-30,T_MOWEO-2,Moray Offshore Wind East Ltd,5045.2,54859.0
2026-01-30,T_MOWEO-3,Moray Offshore Wind East Ltd,5594.2,66685.0
2026-01-30,T_MOWWO-1,Moray Offshore Wind West Ltd,1372.8,29380.0
2026-01-30,T_MOWWO-2,Moray Offshore Wind West Ltd,558.3,11884.0
2026-01-30,T_MOWWO-3,Moray Offshore Wind West Ltd,6.6,139.0
2026-01-30,T_SGRWO-1,Seagreen Wind Energy Limited,6339.7,0.0
2026-01-30,T_SGRWO-2,Seagreen Wind Energy Limited,955.3,0.0
2026-01-30,T_SGRWO-3,Seagreen Wind Energy Limited,3393.7,0.0
2026-01-30,T_SGRWO-4,Seagreen Wind Energy Limited,2918.6,0.0
2026-01-30,T_SGRWO-5,Seagreen Wind Energy Limited,676.8,0.0
2026-01-30,T_SGRWO-6,Seagreen Wind Energy Limited,8294.3,0.0
2026-01-30,T_TWSHW-1,Twentyshilling Limited,72.7,2094.0
2026-01-30,T_VKNGW-1,Viking Energy Wind Farm LLP,2619.6,28132.0
2026-01-30,T_VKNGW-2,Viking Energy Wind Farm LLP,2617.8,28112.0
2026-01-30,T_VKNGW-3,Viking Energy Wind Farm LLP,2137.0,22950.0
2026-01-30,T_VKNGW-4,Viking Energy Wind Farm LLP,2403.6,25813.0
2026-01-30,T_WDRGW-1,Windy Rig Wind Farm Limited,89.6,2629.0
2026-01-31,E_BTUIW-3,SP Renewables (UK) Limited,333.1,2499.0
2026-01-31,T_BENBW-1,Benbrack Wind Farm Limited,378.8,3031.0
2026-01-31,T_GORDW-2,SSE Generation Ltd,421.8,3265.0
2026-01-31,T_HALSW-1,SP Renewables (UK) Limited,268.8,2226.0
2026-01-31,T_MOWEO-1,Moray Offshore Wind East Ltd,468.8,690.0
2026-01-31,T_MOWEO-2,Moray Offshore Wind East Ltd,1908.7,19448.0
2026-01-31,T_MOWEO-3,Moray Offshore Wind East Ltd,3900.1,36865.0
2026-01-31,T_MOWWO-1,Moray Offshore Wind West Ltd,634.9,13619.0
2026-01-31,T_MOWWO-2,Moray Offshore Wind West Ltd,645.4,14116.0
2026-01-31,T_SGRWO-1,Seagreen Wind Energy Limited,6106.3,0.0
2026-01-31,T_SGRWO-2,Seagreen Wind Energy Limited,981.6,0.0
2026-01-31,T_SGRWO-3,Seagreen Wind Energy Limited,3459.9,0.0
2026-01-31,T_SGRWO-4,Seagreen Wind Energy Limited,2841.0,0.0
2026-01-31,T_SGRWO-5,Seagreen Wind Energy Limited,1217.0,0.0
2026-01-31,T_SGRWO-6,Seagreen Wind Energy Limited,7919.0,0.0
2026-01-31,T_VKNGW-1,Viking Energy Wind Farm LLP,835.3,8954.0
2026-01-31,T_VKNGW-2,Viking Energy Wind Farm LLP,835.3,8954.0
2026-01-31,T_VKNGW-3,Viking Energy Wind Farm LLP,1948.2,20885.0
2026-01-31,T_VKNGW-4,Viking Energy Wind Farm LLP,764.8,8199.0
2026-02-01,T_GORDW-2,SSE Generation Ltd,208.0,1610.0
2026-02-01,T_HALSW-1,SP Renewables (UK) Limited,141.9,1175.0
2026-02-01,T_MOWEO-1,Moray Offshore Wind East Ltd,195.0,2432.0
2026-02-01,T_MOWEO-3,Moray Offshore Wind East Ltd,6.2,78.0
2026-02-01,T_SGRWO-1,Seagreen Wind Energy Limited,2051.6,1518.0
2026-02-01,T_SGRWO-2,Seagreen Wind Energy Limited,469.6,347.0
2026-02-01,T_SGRWO-3,Seagreen Wind Energy Limited,1190.5,881.0
2026-02-01,T_SGRWO-4,Seagreen Wind Energy Limited,592.0,438.0
2026-02-01,T_SGRWO-5,Seagreen Wind Energy Limited,438.4,324.0
2026-02-01,T_SGRWO-6,Seagreen Wind Energy Limited,2636.8,1951.0
2026-02-01,T_VKNGW-1,Viking Energy Wind Farm LLP,392.6,4209.0
2026-02-01,T_VKNGW-2,Viking Energy Wind Farm LLP,390.4,4185.0
2026-02-01,T_VKNGW-3,Viking Energy Wind Farm LLP,220.9,2368.0
2026-02-01,T_VKNGW-4,Viking Energy Wind Farm LLP,297.8,3193.0
2026-02-02,2__PENEC001,Eneco Energy Trade,13.8,1210.0
2026-02-02,2__PSTAT001,Statkraft Markets Gmbh,100.0,8470.0
2026-02-02,C__PSTAT011,Statkraft Markets Gmbh,82.6,5620.0
2026-02-02,E_BABAW-1,Statkraft Markets Gmbh,111.9,9179.0
2026-02-02,E_BETHW-1,SP Renewables (UK) Limited,36.2,3128.0
2026-02-02,E_BLARW-1,Erova Energy Limited,161.2,4802.0
2026-02-02,E_BTUIW-2,SP Renewables (UK) Limited,133.3,11522.0
2026-02-02,E_BTUIW-3,SP Renewables (UK) Limited,278.0,2085.0
2026-02-02,E_GRGRW-1,Evolve Energy Supply Limited,132.3,9258.0
2026-02-02,E_HRHLW-1,SP Renewables (UK) Limited,80.2,6240.0
2026-02-02,E_TULWW-1,Eneco Energy Trade,6.7,598.0
2026-02-02,E_TULWW-2,Eneco Energy Trade,9.4,838.0
2026-02-02,T_ARCHW-1,SP Renewables (UK) Limited,93.1,8038.0
2026-02-02,T_BDCHW-1,RWE Generation UK plc,78.7,6920.0
2026-02-02,T_BENBW-1,Benbrack Wind Farm Limited,319.8,2558.0
2026-02-02,T_BHLAW-1,SSE Generation Ltd,146.7,12390.0
2026-02-02,T_BLLA-1,SP Renewables (UK) Limited,189.6,16474.0
2026-02-02,T_BLLA-2,SP Renewables (UK) Limited,171.3,13330.0
2026-02-02,T_BROCW-1,Smartestenergy Limited,118.4,4619.0
2026-02-02,T_CGTHW-1,Corriegarth Wind Energy LTD,97.8,7891.0
2026-02-02,T_CRDEW-1,EDF Energy Customers Limited,91.3,4931.0
2026-02-02,T_CRDEW-2,EDF Energy Customers Limited,91.3,4931.0
2026-02-02,T_CREAW-1,Creag Riabhach Wind Farm Ltd,295.3,14766.0
2026-02-02,T_CRGHW-1,Statkraft Markets Gmbh,182.4,14047.0
2026-02-02,T_CRYRW-2,Eneco Energy Trade,170.8,14449.0
2026-02-02,T_CRYRW-3,Eneco Energy Trade,36.1,2766.0
2026-02-02,T_CUMHW-1,Uniper UK Limited,150.4,3477.0
2026-02-02,T_DNLWW-1,SP Renewables (UK) Limited,15.2,1317.0
2026-02-02,T_DOREW-1,Dorenell Windfarm Limited,227.0,8981.0
2026-02-02,T_DOREW-2,Dorenell Windfarm Limited,183.5,7342.0
2026-02-02,T_DOUGW-1,Erova Energy Limited,100.1,3004.0
2026-02-02,T_DRSLW-1,SP Renewables (UK) Limited,244.3,19009.0
2026-02-02,T_EWHLW-1,SP Renewables (UK) Limited,117.6,9149.0
2026-02-02,T_FALGW-1,Fallago Rig Wind Farm Limited,415.4,35506.0
2026-02-02,T_GLNKW-1,EDF Energy Customers Limited,136.4,7714.0
2026-02-02,T_GNAPW-1,SP Renewables (UK) Limited,75.4,5869.0
2026-02-02,T_GORDW-1,SSE Generation Ltd,263.7,22654.0
2026-02-02,T_GORDW-2,SSE Generation Ltd,412.7,3194.0
2026-02-02,T_GRGBW-1,Greater Gabbard Offshore Winds,5.1,859.0
2026-02-02,T_GRGBW-2,Greater Gabbard Offshore Winds,2.8,471.0
2026-02-02,T_GRGBW-3,Greater Gabbard Offshore Winds,2.5,412.0
2026-02-02,T_HALSW-1,SP Renewables (UK) Limited,305.2,2527.0
2026-02-02,T_HRSTW-1,SP Renewables (UK) Limited,313.9,27233.0
2026-02-02,T_KENNW-1,Kennoxhead Wind Farm Limited,201.0,6314.0
2026-02-02,T_KPMRW-1,OnPath Energy Limited,221.6,13779.0
2026-02-02,T_LCLTW-1,Eneco Energy Trade,26.7,2373.0
2026-02-02,T_MIDMW-1,OnPath Energy Limited,129.3,7715.0
2026-02-02,T_MOWEO-1,Moray Offshore Wind East Ltd,1878.6,37470.0
2026-02-02,T_MOWEO-2,Moray Offshore Wind East Ltd,2853.2,39784.0
2026-02-02,T_MOWEO-3,Moray Offshore Wind East Ltd,2719.4,36351.0
2026-02-02,T_MOWWO-1,Moray Offshore Wind West Ltd,753.2,16684.0
2026-02-02,T_MOWWO-2,Moray Offshore Wind West Ltd,837.3,18544.0
2026-02-02,T_MOWWO-3,Moray Offshore Wind West Ltd,61.6,1366.0
2026-02-02,T_MOWWO-4,Moray Offshore Wind West Ltd,122.0,4471.0
2026-02-02,T_MYGPW-1,Minnygap Energy Limited,60.8,5166.0
2026-02-02,T_NNGAO-1,Neart Na Gaoithe Offshore Wind,381.6,33217.0
2026-02-02,T_NNGAO-2,Neart Na Gaoithe Offshore Wind,392.3,34515.0
2026-02-02,T_SAKNW-1,Sandy Knowe Wind Farm Ltd,293.8,11750.0
2026-02-02,T_SGRWO-1,Seagreen Wind Energy Limited,4894.8,3423.0
2026-02-02,T_SGRWO-2,Seagreen Wind Energy Limited,1214.3,842.0
2026-02-02,T_SGRWO-3,Seagreen Wind Energy Limited,2759.6,1931.0
2026-02-02,T_SGRWO-4,Seagreen Wind Energy Limited,1959.6,1367.0
2026-02-02,T_SGRWO-5,Seagreen Wind Energy Limited,1157.7,809.0
2026-02-02,T_SGRWO-6,Seagreen Wind Energy Limited,5222.0,3614.0
2026-02-02,T_SOKYW-1,South Kyle Wind Farm Limited,857.2,34287.0
2026-02-02,T_STRNW-1,Strathy Wind Farm Limited,199.6,17045.0
2026-02-02,T_TWSHW-1,Twentyshilling Limited,178.4,5135.0
2026-02-02,T_VKNGW-1,Viking Energy Wind Farm LLP,772.1,8277.0
2026-02-02,T_VKNGW-2,Viking Energy Wind Farm LLP,811.2,8696.0
2026-02-02,T_VKNGW-3,Viking Energy Wind Farm LLP,832.3,8922.0
2026-02-02,T_VKNGW-4,Viking Energy Wind Farm LLP,922.6,9890.0
2026-02-02,T_WDRGW-1,Windy Rig Wind Farm Limited,250.4,7350.0
2026-02-02,T_WHILW-1,SP Renewables (UK) Limited,193.0,16964.0
2026-02-02,T_WHILW-2,SP Renewables (UK) Limited,103.9,9037.0
2026-02-03,2__PSTAT001,Statkraft Markets Gmbh,11.4,969.0
2026-02-03,C__PSTAT011,Statkraft Markets Gmbh,144.7,9842.0
2026-02-03,E_BABAW-1,Statkraft Markets Gmbh,7.0,573.0
2026-02-03,E_BETHW-1,SP Renewables (UK) Limited,0.1,9.0
2026-02-03,E_BLARW-1,Erova Energy Limited,418.3,15016.0
2026-02-03,E_BTUIW-2,SP Renewables (UK) Limited,59.8,5171.0
2026-02-03,E_BTUIW-3,SP Renewables (UK) Limited,1150.7,8630.0
2026-02-03,E_GRGRW-1,Evolve Energy Supply Limited,167.3,11714.0
2026-02-03,E_HRHLW-1,SP Renewables (UK) Limited,85.4,6645.0
2026-02-03,T_AFTOW-1,Afton Wind Farm Limited,89.0,7119.0
2026-02-03,T_BENBW-1,Benbrack Wind Farm Limited,1531.1,12249.0
2026-02-03,T_BHLAW-1,SSE Generation Ltd,27.9,2355.0
2026-02-03,T_BLLA-1,SP Renewables (UK) Limited,17.5,1520.0
2026-02-03,T_BLLA-2,SP Renewables (UK) Limited,147.1,11442.0
2026-02-03,T_BROCW-1,Smartestenergy Limited,241.2,9405.0
2026-02-03,T_CGTHW-1,Corriegarth Wind Energy LTD,34.7,2797.0
2026-02-03,T_CRDEW-1,EDF Energy Customers Limited,178.9,9659.0
2026-02-03,T_CRDEW-2,EDF Energy Customers Limited,178.9,9659.0
2026-02-03,T_CREAW-1,Creag Riabhach Wind Farm Ltd,526.3,26313.0
2026-02-03,T_CRGHW-1,Statkraft Markets Gmbh,104.2,8027.0
2026-02-03,T_CRYRW-2,Eneco Energy Trade,209.0,17685.0
2026-02-03,T_CRYRW-3,Eneco Energy Trade,3.1,234.0
2026-02-03,T_CUMHW-1,Uniper UK Limited,395.8,9150.0
2026-02-03,T_DOREW-1,Dorenell Windfarm Limited,484.7,18950.0
2026-02-03,T_DOREW-2,Dorenell Windfarm Limited,466.7,17088.0
2026-02-03,T_DOUGW-1,Erova Energy Limited,207.9,6237.0
2026-02-03,T_DRSLW-1,SP Renewables (UK) Limited,447.9,34845.0
2026-02-03,T_EWHLW-1,SP Renewables (UK) Limited,107.3,8348.0
2026-02-03,T_FALGW-1,Fallago Rig Wind Farm Limited,304.4,26016.0
2026-02-03,T_GLNKW-1,EDF Energy Customers Limited,298.2,12046.0
2026-02-03,T_GNAPW-1,SP Renewables (UK) Limited,69.2,5381.0
2026-02-03,T_GORDW-1,SSE Generation Ltd,304.0,26118.0
2026-02-03,T_GORDW-2,SSE Generation Ltd,879.5,6807.0
2026-02-03,T_HALSW-1,SP Renewables (UK) Limited,651.7,5396.0
2026-02-03,T_HRSTW-1,SP Renewables (UK) Limited,1.6,134.0
2026-02-03,T_KENNW-1,Kennoxhead Wind Farm Limited,464.2,14584.0
2026-02-03,T_KLGLW-1,SP Renewables (UK) Limited,1224.8,95017.0
2026-02-03,T_KPMRW-1,OnPath Energy Limited,226.3,13836.0
2026-02-03,T_LIMKW-1,Limekiln Extension Ltd,14.9,596.0
2026-02-03,T_MIDMW-1,OnPath Energy Limited,118.0,7203.0
2026-02-03,T_MOWEO-1,Moray Offshore Wind East Ltd,6427.1,161087.0
2026-02-03,T_MOWEO-2,Moray Offshore Wind East Ltd,5390.6,124963.0
2026-02-03,T_MOWEO-3,Moray Offshore Wind East Ltd,5160.9,117102.0
2026-02-03,T_MOWWO-1,Moray Offshore Wind West Ltd,2674.8,60235.0
2026-02-03,T_MOWWO-2,Moray Offshore Wind West Ltd,3198.4,70585.0
2026-02-03,T_MOWWO-3,Moray Offshore Wind West Ltd,239.2,5297.0
2026-02-03,T_MOWWO-4,Moray Offshore Wind West Ltd,344.5,12626.0
2026-02-03,T_MYGPW-1,Minnygap Energy Limited,8.5,722.0
2026-02-03,T_SAKNW-1,Sandy Knowe Wind Farm Ltd,692.4,27695.0
2026-02-03,T_SGRWO-1,Seagreen Wind Energy Limited,6134.8,5399.0
2026-02-03,T_SGRWO-2,Seagreen Wind Energy Limited,1740.0,1531.0
2026-02-03,T_SGRWO-3,Seagreen Wind Energy Limited,3430.5,3019.0
2026-02-03,T_SGRWO-4,Seagreen Wind Energy Limited,2642.8,2326.0
2026-02-03,T_SGRWO-5,Seagreen Wind Energy Limited,1526.0,1343.0
2026-02-03,T_SGRWO-6,Seagreen Wind Energy Limited,7882.5,6937.0
2026-02-03,T_SOKYW-1,South Kyle Wind Farm Limited,2432.0,97280.0
2026-02-03,T_STRNW-1,Strathy Wind Farm Limited,10.9,927.0
2026-02-03,T_TWSHW-1,Twentyshilling Limited,276.2,7951.0
2026-02-03,T_VKNGW-1,Viking Energy Wind Farm LLP,2606.5,27941.0
2026-02-03,T_VKNGW-2,Viking Energy Wind Farm LLP,2603.5,27910.0
2026-02-03,T_VKNGW-3,Viking Energy Wind Farm LLP,2476.3,26546.0
2026-02-03,T_VKNGW-4,Viking Energy Wind Farm LLP,2523.1,27047.0
2026-02-03,T_WDRGW-1,Windy Rig Wind Farm Limited,470.5,13809.0
2026-02-03,T_WHIHW-1,Whiteside Hill,13.3,1200.0
2026-02-03,T_WHILW-1,SP Renewables (UK) Limited,99.6,8754.0
2026-02-04,E_BLARW-1,Erova Energy Limited,7.9,232.0
2026-02-04,E_BTUIW-3,SP Renewables (UK) Limited,66.8,501.0
2026-02-04,T_AFTOW-1,Afton Wind Farm Limited,48.8,4145.0
2026-02-04,T_BENBW-1,Benbrack Wind Farm Limited,923.2,7385.0
2026-02-04,T_CREAW-1,Creag Riabhach Wind Farm Ltd,131.3,6565.0
2026-02-04,T_CUMHW-1,Uniper UK Limited,2.7,62.0
2026-02-04,T_DOREW-1,Dorenell Windfarm Limited,398.5,13352.0
2026-02-04,T_DOREW-2,Dorenell Windfarm Limited,370.6,12873.0
2026-02-04,T_DRSLW-1,SP Renewables (UK) Limited,90.7,7056.0
2026-02-04,T_GLNKW-1,EDF Energy Customers Limited,203.6,8226.0
2026-02-04,T_GORDW-2,SSE Generation Ltd,898.1,6951.0
2026-02-04,T_HALSW-1,SP Renewables (UK) Limited,658.9,5456.0
2026-02-04,T_KENNW-1,Kennoxhead Wind Farm Limited,16.4,517.0
2026-02-04,T_LIMKW-1,Limekiln Extension Ltd,596.0,23838.0
2026-02-04,T_MOWEO-1,Moray Offshore Wind East Ltd,4837.1,102900.0
2026-02-04,T_MOWEO-2,Moray Offshore Wind East Ltd,4088.2,88845.0
2026-02-04,T_MOWEO-3,Moray Offshore Wind East Ltd,3922.8,91326.0
2026-02-04,T_MOWWO-1,Moray Offshore Wind West Ltd,2459.5,54204.0
2026-02-04,T_MOWWO-2,Moray Offshore Wind West Ltd,2153.4,47533.0
2026-02-04,T_MOWWO-3,Moray Offshore Wind West Ltd,183.5,4038.0
2026-02-04,T_MOWWO-4,Moray Offshore Wind West Ltd,301.6,11054.0
2026-02-04,T_SGRWO-1,Seagreen Wind Energy Limited,1452.1,1278.0
2026-02-04,T_SGRWO-2,Seagreen Wind Energy Limited,676.1,595.0
2026-02-04,T_SGRWO-3,Seagreen Wind Energy Limited,1757.4,1547.0
2026-02-04,T_SGRWO-4,Seagreen Wind Energy Limited,736.1,648.0
2026-02-04,T_SGRWO-5,Seagreen Wind Energy Limited,331.2,291.0
2026-02-04,T_SGRWO-6,Seagreen Wind Energy Limited,2239.3,1971.0
2026-02-04,T_SOKYW-1,South Kyle Wind Farm Limited,168.6,6742.0
2026-02-04,T_VKNGW-1,Viking Energy Wind Farm LLP,2408.2,25815.0
2026-02-04,T_VKNGW-2,Viking Energy Wind Farm LLP,2404.9,25780.0
2026-02-04,T_VKNGW-3,Viking Energy Wind Farm LLP,2300.7,24663.0
2026-02-04,T_VKNGW-4,Viking Energy Wind Farm LLP,2396.8,25694.0
2026-02-04,T_WISTW-2,BROCKLOCH RIG WINDFARM LTD,55.1,4432.0
2026-02-05,2__PSTAT001,Statkraft Markets Gmbh,8.2,695.0
2026-02-05,C__PSTAT011,Statkraft Markets Gmbh,192.8,13110.0
2026-02-05,E_BABAW-1,Statkraft Markets Gmbh,39.8,3260.0
2026-02-05,E_BLARW-1,Erova Energy Limited,780.2,23372.0
2026-02-05,E_BTUIW-3,SP Renewables (UK) Limited,1109.2,8319.0
2026-02-05,E_GRGRW-1,Evolve Energy Supply Limited,317.6,22230.0
2026-02-05,E_HRHLW-1,SP Renewables (UK) Limited,137.3,10681.0
2026-02-05,T_AFTOW-1,Afton Wind Farm Limited,296.5,25205.0
2026-02-05,T_AKGLW-2,Aikengall 2 CWCL,4.1,360.0
2026-02-05,T_AKGLW-3,AIK2A Sustainable Energy Ltd,115.3,7838.0
2026-02-05,T_BENBW-1,Benbrack Wind Farm Limited,1539.2,12314.0
2026-02-05,T_BHLAW-1,SSE Generation Ltd,88.0,7431.0
2026-02-05,T_BLLA-2,SP Renewables (UK) Limited,170.6,13273.0
2026-02-05,T_BROCW-1,Smartestenergy Limited,643.3,25087.0
2026-02-05,T_CGTHW-1,Corriegarth Wind Energy LTD,224.9,18148.0
2026-02-05,T_CRDEW-1,EDF Energy Customers Limited,343.0,18521.0
2026-02-05,T_CRDEW-2,EDF Energy Customers Limited,343.0,18521.0
2026-02-05,T_CREAW-1,Creag Riabhach Wind Farm Ltd,942.8,47138.0
2026-02-05,T_CRGHW-1,Statkraft Markets Gmbh,380.4,29295.0
2026-02-05,T_CRYRW-2,Eneco Energy Trade,61.7,5220.0
2026-02-05,T_CRYRW-3,Eneco Energy Trade,18.4,1412.0
2026-02-05,T_CUMHW-1,Uniper UK Limited,967.6,22370.0
2026-02-05,T_DOREW-1,Dorenell Windfarm Limited,1696.5,65224.0
2026-02-05,T_DOREW-2,Dorenell Windfarm Limited,1447.1,55630.0
2026-02-05,T_DOUGW-1,Erova Energy Limited,652.8,19583.0
2026-02-05,T_DRSLW-1,SP Renewables (UK) Limited,677.8,52730.0
2026-02-05,T_EWHLW-1,SP Renewables (UK) Limited,180.0,14007.0
2026-02-05,T_FALGW-1,Fallago Rig Wind Farm Limited,310.3,26519.0
2026-02-05,T_GLNKW-1,EDF Energy Customers Limited,647.3,26151.0
2026-02-05,T_GNAPW-1,SP Renewables (UK) Limited,43.7,3402.0
2026-02-05,T_GORDW-1,SSE Generation Ltd,29.4,2526.0
2026-02-05,T_GORDW-2,SSE Generation Ltd,865.7,6700.0
2026-02-05,T_HAHAW-1,HAGSHAW HILL REPOWERING LTD,77.1,666.0
2026-02-05,T_HALSW-1,SP Renewables (UK) Limited,658.9,5456.0
2026-02-05,T_KENNW-1,Kennoxhead Wind Farm Limited,935.7,29399.0
2026-02-05,T_KLGLW-1,SP Renewables (UK) Limited,1965.7,152496.0
2026-02-05,T_KPMRW-1,OnPath Energy Limited,1091.3,61929.0
2026-02-05,T_LIMKW-1,Limekiln Extension Ltd,1602.0,64079.0
2026-02-05,T_MIDMW-1,OnPath Energy Limited,728.3,41481.0
2026-02-05,T_MOWEO-1,Moray Offshore Wind East Ltd,6584.2,175274.0
2026-02-05,T_MOWEO-2,Moray Offshore Wind East Ltd,6127.2,161415.0
2026-02-05,T_MOWEO-3,Moray Offshore Wind East Ltd,6156.9,166643.0
2026-02-05,T_MOWWO-1,Moray Offshore Wind West Ltd,3761.8,83956.0
2026-02-05,T_MOWWO-2,Moray Offshore Wind West Ltd,3994.2,89476.0
2026-02-05,T_MOWWO-3,Moray Offshore Wind West Ltd,294.2,6589.0
2026-02-05,T_MOWWO-4,Moray Offshore Wind West Ltd,480.1,17597.0
2026-02-05,T_MYGPW-1,Minnygap Energy Limited,18.0,1534.0
2026-02-05,T_NNGAO-1,Neart Na Gaoithe Offshore Wind,633.2,57216.0
2026-02-05,T_NNGAO-2,Neart Na Gaoithe Offshore Wind,344.1,30907.0
2026-02-05,T_SAKNW-1,Sandy Knowe Wind Farm Ltd,1024.6,40983.0
2026-02-05,T_SANQW-1,SANQUHAR CWCL,42.4,3796.0
2026-02-05,T_SGRWO-1,Seagreen Wind Energy Limited,5779.4,5086.0
2026-02-05,T_SGRWO-2,Seagreen Wind Energy Limited,1552.3,1366.0
2026-02-05,T_SGRWO-3,Seagreen Wind Energy Limited,3478.3,3061.0
2026-02-05,T_SGRWO-4,Seagreen Wind Energy Limited,2691.3,2368.0
2026-02-05,T_SGRWO-5,Seagreen Wind Energy Limited,1509.1,1328.0
2026-02-05,T_SGRWO-6,Seagreen Wind Energy Limited,8060.3,7093.0
2026-02-05,T_SOKYW-1,South Kyle Wind Farm Limited,2585.6,103422.0
2026-02-05,T_STRNW-1,Strathy Wind Farm Limited,46.4,3964.0
2026-02-05,T_TWSHW-1,Twentyshilling Limited,431.5,12423.0
2026-02-05,T_VKNGW-1,Viking Energy Wind Farm LLP,2144.3,22987.0
2026-02-05,T_VKNGW-2,Viking Energy Wind Farm LLP,2103.2,22546.0
2026-02-05,T_VKNGW-3,Viking Energy Wind Farm LLP,1955.9,20967.0
2026-02-05,T_VKNGW-4,Viking Energy Wind Farm LLP,1958.7,20997.0
2026-02-05,T_WDRGW-1,Windy Rig Wind Farm Limited,547.9,16081.0
2026-02-05,T_WISTW-2,BROCKLOCH RIG WINDFARM LTD,612.4,49301.0
2026-02-06,2__PSTAT001,Statkraft Markets Gmbh,30.1,2553.0
2026-02-06,E_BABAW-1,Statkraft Markets Gmbh,27.5,2254.0
2026-02-06,E_BLARW-1,Erova Energy Limited,346.4,9635.0
2026-02-06,E_BNWKW-1,Eneco Energy Trade,66.4,5910.0
2026-02-06,E_BTUIW-2,SP Renewables (UK) Limited,188.5,16291.0
2026-02-06,E_BTUIW-3,SP Renewables (UK) Limited,628.4,4713.0
2026-02-06,E_GRGRW-1,Evolve Energy Supply Limited,235.2,16464.0
2026-02-06,E_HRHLW-1,SP Renewables (UK) Limited,138.3,10764.0
2026-02-06,T_AKGLW-2,Aikengall 2 CWCL,93.8,8161.0
2026-02-06,T_ARCHW-1,SP Renewables (UK) Limited,385.3,33270.0
2026-02-06,T_BENBW-1,Benbrack Wind Farm Limited,554.6,4437.0
2026-02-06,T_BHLAW-1,SSE Generation Ltd,201.3,16998.0
2026-02-06,T_BLLA-1,SP Renewables (UK) Limited,404.6,35153.0
2026-02-06,T_BLLA-2,SP Renewables (UK) Limited,186.3,14493.0
2026-02-06,T_BOWLW-1,Barrow Offshore Wind Limited,118.5,11221.0
2026-02-06,T_BROCW-1,Smartestenergy Limited,348.1,13577.0
2026-02-06,T_CGTHW-1,Corriegarth Wind Energy LTD,199.0,16060.0
2026-02-06,T_CLDNW-1,Clyde Windfarm (Scotland) Ltd,76.2,7048.0
2026-02-06,T_CRDEW-1,EDF Energy Customers Limited,147.2,7951.0
2026-02-06,T_CRDEW-2,EDF Energy Customers Limited,147.2,7951.0
2026-02-06,T_CREAW-1,Creag Riabhach Wind Farm Ltd,307.2,15362.0
2026-02-06,T_CRGHW-1,Statkraft Markets Gmbh,298.0,22947.0
2026-02-06,T_CRYRW-2,Eneco Energy Trade,179.3,15166.0
2026-02-06,T_CUMHW-1,Uniper UK Limited,434.9,10054.0
2026-02-06,T_DOREW-1,Dorenell Windfarm Limited,659.8,28665.0
2026-02-06,T_DOREW-2,Dorenell Windfarm Limited,554.9,24163.0
2026-02-06,T_DOUGW-1,Erova Energy Limited,260.9,7826.0
2026-02-06,T_DRSLW-1,SP Renewables (UK) Limited,535.1,41632.0
2026-02-06,T_DUNGW-1,Dunmaglass Wind Farm Limited,53.9,4886.0
2026-02-06,T_EWHLW-1,SP Renewables (UK) Limited,146.3,11382.0
2026-02-06,T_FALGW-1,Fallago Rig Wind Farm Limited,495.4,42341.0
2026-02-06,T_GLNKW-1,EDF Energy Customers Limited,323.7,13079.0
2026-02-06,T_GLWSW-1,GALAWHISTLE WIND FARM,88.0,7845.0
2026-02-06,T_GORDW-1,SSE Generation Ltd,336.5,28909.0
2026-02-06,T_GORDW-2,SSE Generation Ltd,872.6,6753.0
2026-02-06,T_GRGBW-1,Greater Gabbard Offshore Winds,5.3,889.0
2026-02-06,T_GRGBW-2,Greater Gabbard Offshore Winds,4.2,709.0
2026-02-06,T_HALSW-1,SP Renewables (UK) Limited,658.9,5456.0
2026-02-06,T_HRSTW-1,SP Renewables (UK) Limited,681.5,59123.0
2026-02-06,T_KENNW-1,Kennoxhead Wind Farm Limited,435.9,13696.0
2026-02-06,T_KLGLW-1,SP Renewables (UK) Limited,1433.7,111224.0
2026-02-06,T_KPMRW-1,OnPath Energy Limited,497.8,32821.0
2026-02-06,T_LCLTW-1,Eneco Energy Trade,78.9,7024.0
2026-02-06,T_LIMKW-1,Limekiln Extension Ltd,709.1,28366.0
2026-02-06,T_MIDMW-1,OnPath Energy Limited,291.9,19246.0
2026-02-06,T_MOWEO-1,Moray Offshore Wind East Ltd,5053.6,111980.0
2026-02-06,T_MOWEO-2,Moray Offshore Wind East Ltd,3979.4,98093.0
2026-02-06,T_MOWEO-3,Moray Offshore Wind East Ltd,5796.2,120490.0
2026-02-06,T_MOWWO-1,Moray Offshore Wind West Ltd,1714.3,38744.0
2026-02-06,T_MOWWO-2,Moray Offshore Wind West Ltd,2107.7,47434.0
2026-02-06,T_MOWWO-3,Moray Offshore Wind West Ltd,131.5,2990.0
2026-02-06,T_MOWWO-4,Moray Offshore Wind West Ltd,274.3,10053.0
2026-02-06,T_MYGPW-1,Minnygap Energy Limited,99.1,8420.0
2026-02-06,T_SAKNW-1,Sandy Knowe Wind Farm Ltd,504.1,20166.0
2026-02-06,T_SANQW-1,SANQUHAR CWCL,116.1,10395.0
2026-02-06,T_SGRWO-1,Seagreen Wind Energy Limited,5552.2,4886.0
2026-02-06,T_SGRWO-2,Seagreen Wind Energy Limited,1209.8,1065.0
2026-02-06,T_SGRWO-3,Seagreen Wind Energy Limited,3545.9,3120.0
2026-02-06,T_SGRWO-4,Seagreen Wind Energy Limited,2407.0,2118.0
2026-02-06,T_SGRWO-5,Seagreen Wind Energy Limited,1199.4,1056.0
2026-02-06,T_SGRWO-6,Seagreen Wind Energy Limited,7761.3,6830.0
2026-02-06,T_SOKYW-1,South Kyle Wind Farm Limited,1495.4,59817.0
2026-02-06,T_STLGW-1,Stronelairg Windfarm Limited,209.8,19058.0
2026-02-06,T_STLGW-2,Stronelairg Windfarm Limited,47.1,4277.0
2026-02-06,T_STLGW-3,Stronelairg Windfarm Limited,65.1,5914.0
2026-02-06,T_STRNW-1,Strathy Wind Farm Limited,225.7,19276.0
2026-02-06,T_TWSHW-1,Twentyshilling Limited,226.7,6525.0
2026-02-06,T_VKNGW-1,Viking Energy Wind Farm LLP,723.7,7758.0
2026-02-06,T_VKNGW-2,Viking Energy Wind Farm LLP,717.2,7688.0
2026-02-06,T_VKNGW-3,Viking Energy Wind Farm LLP,563.7,6043.0
2026-02-06,T_VKNGW-4,Viking Energy Wind Farm LLP,512.3,5492.0
2026-02-06,T_WDRGW-1,Windy Rig Wind Farm Limited,345.8,10149.0
2026-02-06,T_WHIHW-1,Whiteside Hill,111.5,10036.0
2026-02-06,T_WHILW-1,SP Renewables (UK) Limited,1442.0,126720.0
2026-02-06,T_WISTW-2,BROCKLOCH RIG WINDFARM LTD,395.3,31824.0
2026-02-06,T_WLNYO-4,Walney Extension Ltd,531.4,74365.0
2026-02-07,E_BLARW-1,Erova Energy Limited,34.1,945.0
2026-02-07,E_BTUIW-3,SP Renewables (UK) Limited,189.3,1420.0
2026-02-07,T_BROCW-1,Smartestenergy Limited,25.9,1010.0
2026-02-07,T_CUMHW-1,Uniper UK Limited,49.9,1153.0
2026-02-07,T_DOREW-1,Dorenell Windfarm Limited,62.1,2446.0
2026-02-07,T_DOREW-2,Dorenell Windfarm Limited,56.1,2211.0
2026-02-07,T_DOUGW-1,Erova Energy Limited,12.2,367.0
2026-02-07,T_GLNKW-1,EDF Energy Customers Limited,35.6,1437.0
2026-02-07,T_GORDW-2,SSE Generation Ltd,838.0,6478.0
2026-02-07,T_HALSW-1,SP Renewables (UK) Limited,637.2,5276.0
2026-02-07,T_KENNW-1,Kennoxhead Wind Farm Limited,51.2,1609.0
2026-02-07,T_LIMKW-1,Limekiln Extension Ltd,4.1,163.0
2026-02-07,T_MOWEO-1,Moray Offshore Wind East Ltd,525.3,13574.0
2026-02-07,T_MOWEO-2,Moray Offshore Wind East Ltd,851.0,22582.0
2026-02-07,T_MOWEO-3,Moray Offshore Wind East Ltd,544.1,13998.0
2026-02-07,T_MOWWO-1,Moray Offshore Wind West Ltd,1434.2,31079.0
2026-02-07,T_MOWWO-2,Moray Offshore Wind West Ltd,2925.2,62466.0
2026-02-07,T_MOWWO-3,Moray Offshore Wind West Ltd,95.6,2142.0
2026-02-07,T_MOWWO-4,Moray Offshore Wind West Ltd,39.2,1437.0
2026-02-07,T_SGRWO-1,Seagreen Wind Energy Limited,3812.3,3355.0
2026-02-07,T_SGRWO-2,Seagreen Wind Energy Limited,858.6,756.0
2026-02-07,T_SGRWO-3,Seagreen Wind Energy Limited,2887.0,2541.0
2026-02-07,T_SGRWO-4,Seagreen Wind Energy Limited,2090.1,1839.0
2026-02-07,T_SGRWO-5,Seagreen Wind Energy Limited,1121.1,987.0
2026-02-07,T_SGRWO-6,Seagreen Wind Energy Limited,5835.9,5136.0
2026-02-07,T_VKNGW-1,Viking Energy Wind Farm LLP,1786.7,19135.0
2026-02-07,T_VKNGW-2,Viking Energy Wind Farm LLP,1687.3,18071.0
2026-02-07,T_VKNGW-3,Viking Energy Wind Farm LLP,1613.7,17283.0
2026-02-07,T_VKNGW-4,Viking Energy Wind Farm LLP,1639.2,17556.0
2026-02-08,T_GORDW-2,SSE Generation Ltd,678.8,5247.0
2026-02-08,T_HALSW-1,SP Renewables (UK) Limited,571.3,4731.0
2026-02-08,T_MOWEO-1,Moray Offshore Wind East Ltd,3352.7,68073.0
2026-02-08,T_MOWEO-2,Moray Offshore Wind East Ltd,176.3,2217.0
2026-02-08,T_MOWEO-3,Moray Offshore Wind East Ltd,4717.7,95364.0
2026-02-08,T_MOWWO-1,Moray Offshore Wind West Ltd,2129.9,46610.0
2026-02-08,T_MOWWO-2,Moray Offshore Wind West Ltd,2010.1,44853.0
2026-02-08,T_MOWWO-3,Moray Offshore Wind West Ltd,214.6,4706.0
2026-02-08,T_SGRWO-1,Seagreen Wind Energy Limited,4113.4,3620.0
2026-02-08,T_SGRWO-2,Seagreen Wind Energy Limited,1029.2,906.0
2026-02-08,T_SGRWO-3,Seagreen Wind Energy Limited,2787.3,2453.0
2026-02-08,T_SGRWO-4,Seagreen Wind Energy Limited,2029.5,1786.0
2026-02-08,T_SGRWO-5,Seagreen Wind Energy Limited,1150.5,1012.0
2026-02-08,T_SGRWO-6,Seagreen Wind Energy Limited,6250.1,5500.0
2026-02-08,T_VKNGW-1,Viking Energy Wind Farm LLP,1945.7,20838.0
2026-02-08,T_VKNGW-2,Viking Energy Wind Farm LLP,1935.3,20727.0
2026-02-08,T_VKNGW-3,Viking Energy Wind Farm LLP,1789.1,19161.0
2026-02-08,T_VKNGW-4,Viking Energy Wind Farm LLP,2161.1,23146.0
2026-02-09,T_GORDW-2,SSE Generation Ltd,52.6,407.0
2026-02-09,T_GRGBW-1,Greater Gabbard Offshore Winds,9.5,1587.0
2026-02-09,T_HALSW-1,SP Renewables (UK) Limited,63.3,524.0
2026-02-09,T_MOWEO-1,Moray Offshore Wind East Ltd,195.7,1100.0
2026-02-09,T_MOWEO-2,Moray Offshore Wind East Ltd,102.2,571.0
2026-02-09,T_MOWEO-3,Moray Offshore Wind East Ltd,3.9,1.0
2026-02-09,T_MOWWO-1,Moray Offshore Wind West Ltd,17.0,389.0
2026-02-09,T_MOWWO-2,Moray Offshore Wind West Ltd,135.4,3097.0
2026-02-09,T_MOWWO-3,Moray Offshore Wind West Ltd,49.9,1142.0
2026-02-09,T_SGRWO-1,Seagreen Wind Energy Limited,431.9,380.0
2026-02-09,T_SGRWO-3,Seagreen Wind Energy Limited,258.1,227.0
2026-02-09,T_SGRWO-4,Seagreen Wind Energy Limited,130.1,115.0
2026-02-09,T_SGRWO-5,Seagreen Wind Energy Limited,83.9,74.0
2026-02-09,T_SGRWO-6,Seagreen Wind Energy Limited,1099.5,968.0
2026-02-09,T_VKNGW-1,Viking Energy Wind Farm LLP,361.7,3874.0
2026-02-09,T_VKNGW-2,Viking Energy Wind Farm LLP,214.5,2298.0
2026-02-09,T_VKNGW-3,Viking Energy Wind Farm LLP,205.5,2201.0
2026-02-09,T_VKNGW-4,Viking Energy Wind Farm LLP,300.7,3221.0
2026-02-10,E_BLARW-1,Erova Energy Limited,11.7,325.0
2026-02-10,E_BTUIW-3,SP Renewables (UK) Limited,123.6,927.0
2026-02-10,T_BENBW-1,Benbrack Wind Farm Limited,175.7,1405.0
2026-02-10,T_CUMHW-1,Uniper UK Limited,8.5,196.0
2026-02-10,T_GORDW-2,SSE Generation Ltd,749.2,5792.0
2026-02-10,T_HALSW-1,SP Renewables (UK) Limited,413.4,3423.0
2026-02-10,T_MOWEO-1,Moray Offshore Wind East Ltd,3628.3,58254.0
2026-02-10,T_MOWEO-2,Moray Offshore Wind East Ltd,3096.4,50410.0
2026-02-10,T_MOWEO-3,Moray Offshore Wind East Ltd,1467.9,26500.0
2026-02-10,T_MOWWO-1,Moray Offshore Wind West Ltd,2217.8,46067.0
2026-02-10,T_MOWWO-2,Moray Offshore Wind West Ltd,1004.2,21973.0
2026-02-10,T_MOWWO-3,Moray Offshore Wind West Ltd,35.5,823.0
2026-02-10,T_SGRWO-1,Seagreen Wind Energy Limited,3096.3,2941.0
2026-02-10,T_SGRWO-2,Seagreen Wind Energy Limited,382.6,363.0
2026-02-10,T_SGRWO-3,Seagreen Wind Energy Limited,2383.6,2264.0
2026-02-10,T_SGRWO-4,Seagreen Wind Energy Limited,1113.5,1058.0
2026-02-10,T_SGRWO-5,Seagreen Wind Energy Limited,501.7,477.0
2026-02-10,T_SGRWO-6,Seagreen Wind Energy Limited,5388.8,5119.0
2026-02-10,T_VKNGW-1,Viking Energy Wind Farm LLP,1523.0,16311.0
2026-02-10,T_VKNGW-2,Viking Energy Wind Farm LLP,1412.1,15124.0
2026-02-10,T_VKNGW-3,Viking Energy Wind Farm LLP,1470.5,15749.0
2026-02-10,T_VKNGW-4,Viking Energy Wind Farm LLP,1143.8,12250.0
2026-02-11,E_BLARW-1,Erova Energy Limited,253.5,7428.0
2026-02-11,E_BTUIW-3,SP Renewables (UK) Limited,504.6,3784.0
2026-02-11,T_BENBW-1,Benbrack Wind Farm Limited,529.1,4233.0
2026-02-11,T_CUMHW-1,Uniper UK Limited,259.5,5998.0
2026-02-11,T_DOUGW-1,Erova Energy Limited,82.4,2471.0
2026-02-11,T_GORDW-2,SSE Generation Ltd,865.8,6693.0
2026-02-11,T_HALSW-1,SP Renewables (UK) Limited,618.4,5120.0
2026-02-11,T_KENNW-1,Kennoxhead Wind Farm Limited,153.2,4814.0
2026-02-11,T_KYPEW-1,Kype Extension Wind Farm Ltd,246.9,7160.0
2026-02-11,T_MOWEO-1,Moray Offshore Wind East Ltd,1177.3,29907.0
2026-02-11,T_MOWEO-2,Moray Offshore Wind East Ltd,3006.7,79203.0
2026-02-11,T_MOWEO-3,Moray Offshore Wind East Ltd,3491.9,87492.0
2026-02-11,T_MOWWO-1,Moray Offshore Wind West Ltd,2346.1,53197.0
2026-02-11,T_MOWWO-2,Moray Offshore Wind West Ltd,2156.1,49656.0
2026-02-11,T_MOWWO-3,Moray Offshore Wind West Ltd,261.7,6057.0
2026-02-11,T_SGRWO-1,Seagreen Wind Energy Limited,5750.3,5463.0
2026-02-11,T_SGRWO-2,Seagreen Wind Energy Limited,1508.2,1433.0
2026-02-11,T_SGRWO-3,Seagreen Wind Energy Limited,3512.5,3337.0
2026-02-11,T_SGRWO-4,Seagreen Wind Energy Limited,2635.7,2504.0
2026-02-11,T_SGRWO-5,Seagreen Wind Energy Limited,1490.3,1416.0
2026-02-11,T_SGRWO-6,Seagreen Wind Energy Limited,7511.6,7136.0
2026-02-11,T_TWSHW-1,Twentyshilling Limited,82.1,2363.0
2026-02-11,T_VKNGW-1,Viking Energy Wind Farm LLP,971.8,10408.0
2026-02-11,T_VKNGW-2,Viking Energy Wind Farm LLP,889.7,9529.0
2026-02-11,T_VKNGW-3,Viking Energy Wind Farm LLP,740.7,7933.0
2026-02-11,T_VKNGW-4,Viking Energy Wind Farm LLP,719.3,7704.0
2026-02-11,T_WDRGW-1,Windy Rig Wind Farm Limited,230.2,6755.0
2026-02-12,E_BTUIW-3,SP Renewables (UK) Limited,72.3,542.0
2026-02-12,T_BENBW-1,Benbrack Wind Farm Limited,89.6,717.0
2026-02-12,T_GORDW-2,SSE Generation Ltd,26.8,207.0
2026-02-12,T_HALSW-1,SP Renewables (UK) Limited,18.9,156.0
2026-02-12,T_MOWWO-1,Moray Offshore Wind West Ltd,17.8,421.0
2026-02-12,T_MOWWO-2,Moray Offshore Wind West Ltd,42.1,997.0
2026-02-12,T_SGRWO-1,Seagreen Wind Energy Limited,738.1,701.0
2026-02-12,T_SGRWO-2,Seagreen Wind Energy Limited,131.6,125.0
2026-02-12,T_SGRWO-3,Seagreen Wind Energy Limited,389.1,370.0
2026-02-12,T_SGRWO-4,Seagreen Wind Energy Limited,224.5,213.0
2026-02-12,T_SGRWO-5,Seagreen Wind Energy Limited,103.7,99.0
2026-02-12,T_SGRWO-6,Seagreen Wind Energy Limited,1634.5,1553.0
2026-02-12,T_VKNGW-1,Viking Energy Wind Farm LLP,8.8,94.0
2026-02-12,T_VKNGW-2,Viking Energy Wind Farm LLP,15.5,166.0
2026-02-12,T_VKNGW-3,Viking Energy Wind Farm LLP,7.2,77.0
2026-02-12,T_VKNGW-4,Viking Energy Wind Farm LLP,4.9,52.0
2026-02-14,2__PSTAT001,Statkraft Markets Gmbh,3.7,318.0
2026-02-14,C__PSTAT011,Statkraft Markets Gmbh,38.0,2584.0
2026-02-14,E_BABAW-1,Statkraft Markets Gmbh,13.4,1097.0
2026-02-14,E_BLARW-1,Erova Energy Limited,41.1,1144.0
2026-02-14,E_BTUIW-3,SP Renewables (UK) Limited,83.2,624.0
2026-02-14,E_GRGRW-1,Evolve Energy Supply Limited,27.1,1895.0
2026-02-14,E_HRHLW-1,SP Renewables (UK) Limited,52.3,4072.0
2026-02-14,T_AFTOW-1,Afton Wind Farm Limited,5.7,485.0
2026-02-14,T_AKGLW-3,AIK2A Sustainable Energy Ltd,51.2,3485.0
2026-02-14,T_BENBW-1,Benbrack Wind Farm Limited,107.7,861.0
2026-02-14,T_BHLAW-1,SSE Generation Ltd,71.4,6026.0
2026-02-14,T_BLLA-2,SP Renewables (UK) Limited,37.4,2910.0
2026-02-14,T_CGTHW-1,Corriegarth Wind Energy LTD,33.4,2695.0
2026-02-14,T_CRDEW-1,EDF Energy Customers Limited,15.1,816.0
2026-02-14,T_CRDEW-2,EDF Energy Customers Limited,15.1,816.0
2026-02-14,T_CREAW-1,Creag Riabhach Wind Farm Ltd,44.8,2238.0
2026-02-14,T_CRGHW-1,Statkraft Markets Gmbh,14.9,1151.0
2026-02-14,T_CRYRW-2,Eneco Energy Trade,21.4,1814.0
2026-02-14,T_CRYRW-3,Eneco Energy Trade,1.6,120.0
2026-02-14,T_CUMHW-1,Uniper UK Limited,54.2,1254.0
2026-02-14,T_DOREW-1,Dorenell Windfarm Limited,91.0,3582.0
2026-02-14,T_DOREW-2,Dorenell Windfarm Limited,77.5,3052.0
2026-02-14,T_DOUGW-1,Erova Energy Limited,49.3,1479.0
2026-02-14,T_DRSLW-1,SP Renewables (UK) Limited,148.4,11547.0
2026-02-14,T_EDINW-1,Vattenfall Wind Power Ltd,7.7,842.0
2026-02-14,T_EWHLW-1,SP Renewables (UK) Limited,16.4,1276.0
2026-02-14,T_FALGW-1,Fallago Rig Wind Farm Limited,17.1,1466.0
2026-02-14,T_GLNKW-1,EDF Energy Customers Limited,47.9,1934.0
2026-02-14,T_GNAPW-1,SP Renewables (UK) Limited,36.8,2859.0
2026-02-14,T_GORDW-2,SSE Generation Ltd,154.1,1185.0
2026-02-14,T_HALSW-1,SP Renewables (UK) Limited,144.8,1199.0
2026-02-14,T_KENNW-1,Kennoxhead Wind Farm Limited,64.1,2014.0
2026-02-14,T_KLGLW-1,SP Renewables (UK) Limited,165.0,12801.0
2026-02-14,T_KPMRW-1,OnPath Energy Limited,66.3,4154.0
2026-02-14,T_KYPEW-1,Kype Extension Wind Farm Ltd,69.0,2001.0
2026-02-14,T_LIMKW-1,Limekiln Extension Ltd,86.5,3461.0
2026-02-14,T_MIDMW-1,OnPath Energy Limited,41.8,2618.0
2026-02-14,T_MOWEO-1,Moray Offshore Wind East Ltd,380.8,11220.0
2026-02-14,T_MOWEO-2,Moray Offshore Wind East Ltd,292.8,8428.0
2026-02-14,T_MOWEO-3,Moray Offshore Wind East Ltd,310.1,9067.0
2026-02-14,T_MOWWO-1,Moray Offshore Wind West Ltd,265.2,6085.0
2026-02-14,T_MOWWO-2,Moray Offshore Wind West Ltd,230.7,5289.0
2026-02-14,T_MOWWO-3,Moray Offshore Wind West Ltd,62.1,1429.0
2026-02-14,T_MOWWO-4,Moray Offshore Wind West Ltd,122.8,4500.0
2026-02-14,T_MYGPW-1,Minnygap Energy Limited,1.8,152.0
2026-02-14,T_SGRWO-1,Seagreen Wind Energy Limited,777.8,739.0
2026-02-14,T_SGRWO-2,Seagreen Wind Energy Limited,196.8,187.0
2026-02-14,T_SGRWO-3,Seagreen Wind Energy Limited,493.3,469.0
2026-02-14,T_SGRWO-4,Seagreen Wind Energy Limited,374.7,356.0
2026-02-14,T_SGRWO-5,Seagreen Wind Energy Limited,195.9,186.0
2026-02-14,T_SGRWO-6,Seagreen Wind Energy Limited,1084.4,1030.0
2026-02-14,T_STRNW-1,Strathy Wind Farm Limited,7.2,617.0
2026-02-14,T_VKNGW-1,Viking Energy Wind Farm LLP,753.9,8051.0
2026-02-14,T_VKNGW-2,Viking Energy Wind Farm LLP,747.9,7987.0
2026-02-14,T_VKNGW-3,Viking Energy Wind Farm LLP,594.8,6353.0
2026-02-14,T_VKNGW-4,Viking Energy Wind Farm LLP,591.9,6321.0
2026-02-14,T_WISTW-2,BROCKLOCH RIG WINDFARM LTD,44.9,3618.0
2026-02-15,2__PSTAT001,Statkraft Markets Gmbh,29.2,2470.0
2026-02-15,C__PSTAT011,Statkraft Markets Gmbh,101.3,6891.0
2026-02-15,E_BABAW-1,Statkraft Markets Gmbh,43.5,3565.0
2026-02-15,E_BLARW-1,Erova Energy Limited,111.2,3852.0
2026-02-15,E_BTUIW-3,SP Renewables (UK) Limited,205.9,1544.0
2026-02-15,E_GRGRW-1,Evolve Energy Supply Limited,68.9,4825.0
2026-02-15,E_HRHLW-1,SP Renewables (UK) Limited,54.1,4210.0
2026-02-15,T_AFTOW-1,Afton Wind Farm Limited,43.8,3727.0
2026-02-15,T_AKGLW-3,AIK2A Sustainable Energy Ltd,167.0,11354.0
2026-02-15,T_BENBW-1,Benbrack Wind Farm Limited,234.3,1874.0
2026-02-15,T_BHLAW-1,SSE Generation Ltd,135.1,11406.0
2026-02-15,T_BLLA-2,SP Renewables (UK) Limited,97.9,7615.0
2026-02-15,T_CGTHW-1,Corriegarth Wind Energy LTD,14.7,1184.0
2026-02-15,T_CRDEW-1,EDF Energy Customers Limited,106.3,5742.0
2026-02-15,T_CRDEW-2,EDF Energy Customers Limited,103.8,5607.0
2026-02-15,T_CREAW-1,Creag Riabhach Wind Farm Ltd,95.1,4755.0
2026-02-15,T_CRGHW-1,Statkraft Markets Gmbh,91.8,7067.0
2026-02-15,T_CRYRW-2,Eneco Energy Trade,170.9,14459.0
2026-02-15,T_CRYRW-3,Eneco Energy Trade,33.0,2531.0
2026-02-15,T_CUMHW-1,Uniper UK Limited,155.4,3594.0
2026-02-15,T_DOREW-1,Dorenell Windfarm Limited,248.0,12628.0
2026-02-15,T_DOREW-2,Dorenell Windfarm Limited,221.4,11347.0
2026-02-15,T_DOUGW-1,Erova Energy Limited,218.0,6541.0
2026-02-15,T_DRSLW-1,SP Renewables (UK) Limited,165.7,12891.0
2026-02-15,T_EDINW-1,Vattenfall Wind Power Ltd,21.0,2312.0
2026-02-15,T_EWHLW-1,SP Renewables (UK) Limited,42.2,3280.0
2026-02-15,T_FALGW-1,Fallago Rig Wind Farm Limited,168.5,14401.0
2026-02-15,T_GLNKW-1,EDF Energy Customers Limited,190.2,7683.0
2026-02-15,T_GNAPW-1,SP Renewables (UK) Limited,27.1,2112.0
2026-02-15,T_GORDW-2,SSE Generation Ltd,280.1,2154.0
2026-02-15,T_HALSW-1,SP Renewables (UK) Limited,264.9,2194.0
2026-02-15,T_KENNW-1,Kennoxhead Wind Farm Limited,272.3,8555.0
2026-02-15,T_KLGLW-1,SP Renewables (UK) Limited,637.0,49420.0
2026-02-15,T_KPMRW-1,OnPath Energy Limited,202.3,14757.0
2026-02-15,T_KYPEW-1,Kype Extension Wind Farm Ltd,305.8,8869.0
2026-02-15,T_LIMKW-1,Limekiln Extension Ltd,633.6,25343.0
2026-02-15,T_MIDMW-1,OnPath Energy Limited,142.0,10356.0
2026-02-15,T_MOWEO-1,Moray Offshore Wind East Ltd,2017.1,82448.0
2026-02-15,T_MOWEO-2,Moray Offshore Wind East Ltd,1177.6,47235.0
2026-02-15,T_MOWEO-3,Moray Offshore Wind East Ltd,1525.5,62893.0
2026-02-15,T_MOWWO-1,Moray Offshore Wind West Ltd,1304.8,31934.0
2026-02-15,T_MOWWO-2,Moray Offshore Wind West Ltd,1385.1,33922.0
2026-02-15,T_MOWWO-3,Moray Offshore Wind West Ltd,202.9,4982.0
2026-02-15,T_MOWWO-4,Moray Offshore Wind West Ltd,399.3,14633.0
2026-02-15,T_MYGPW-1,Minnygap Energy Limited,26.0,2209.0
2026-02-15,T_SGRWO-1,Seagreen Wind Energy Limited,2499.4,2374.0
2026-02-15,T_SGRWO-2,Seagreen Wind Energy Limited,628.8,597.0
2026-02-15,T_SGRWO-3,Seagreen Wind Energy Limited,1556.9,1479.0
2026-02-15,T_SGRWO-4,Seagreen Wind Energy Limited,1204.4,1144.0
2026-02-15,T_SGRWO-5,Seagreen Wind Energy Limited,667.5,634.0
2026-02-15,T_SGRWO-6,Seagreen Wind Energy Limited,3698.2,3513.0
2026-02-15,T_STRNW-1,Strathy Wind Farm Limited,89.1,7605.0
2026-02-15,T_VKNGW-1,Viking Energy Wind Farm LLP,975.1,10414.0
2026-02-15,T_VKNGW-2,Viking Energy Wind Farm LLP,989.4,10567.0
2026-02-15,T_VKNGW-3,Viking Energy Wind Farm LLP,1002.0,10701.0
2026-02-15,T_VKNGW-4,Viking Energy Wind Farm LLP,1043.5,11145.0
2026-02-15,T_WISTW-2,BROCKLOCH RIG WINDFARM LTD,101.1,8140.0
2026-02-16,E_BTUIW-3,SP Renewables (UK) Limited,48.5,364.0
2026-02-16,T_CUMHW-1,Uniper UK Limited,21.7,501.0
2026-02-16,T_GLNKW-1,EDF Energy Customers Limited,16.5,667.0
2026-02-16,T_GORDW-2,SSE Generation Ltd,369.5,2841.0
2026-02-16,T_HALSW-1,SP Renewables (UK) Limited,298.6,2472.0
2026-02-16,T_HOWAO-2,Hornsea 1 Limited,30.9,4786.0
2026-02-16,T_HOWBO-1,Breesea Limited,21.0,642.0
2026-02-16,T_HOWBO-2,Sonningmay Wind Limited,12.8,388.0
2026-02-16,T_HOWBO-3,Soundmark Wind Limited,38.9,1180.0
2026-02-16,T_LIMKW-1,Limekiln Extension Ltd,75.8,3034.0
2026-02-16,T_MOWEO-1,Moray Offshore Wind East Ltd,1580.9,48201.0
2026-02-16,T_MOWEO-2,Moray Offshore Wind East Ltd,2023.6,61633.0
2026-02-16,T_MOWEO-3,Moray Offshore Wind East Ltd,1032.5,30569.0
2026-02-16,T_MOWWO-1,Moray Offshore Wind West Ltd,1766.5,40087.0
2026-02-16,T_MOWWO-2,Moray Offshore Wind West Ltd,1333.9,31374.0
2026-02-16,T_MOWWO-3,Moray Offshore Wind West Ltd,93.0,2214.0
2026-02-16,T_MOWWO-4,Moray Offshore Wind West Ltd,100.8,3696.0
2026-02-16,T_SGRWO-1,Seagreen Wind Energy Limited,2004.0,1904.0
2026-02-16,T_SGRWO-2,Seagreen Wind Energy Limited,554.0,526.0
2026-02-16,T_SGRWO-3,Seagreen Wind Energy Limited,372.3,354.0
2026-02-16,T_SGRWO-4,Seagreen Wind Energy Limited,989.9,940.0
2026-02-16,T_SGRWO-5,Seagreen Wind Energy Limited,513.1,487.0
2026-02-16,T_SGRWO-6,Seagreen Wind Energy Limited,2944.2,2797.0
2026-02-16,T_VKNGW-1,Viking Energy Wind Farm LLP,759.0,8106.0
2026-02-16,T_VKNGW-2,Viking Energy Wind Farm LLP,553.1,5907.0
2026-02-16,T_VKNGW-3,Viking Energy Wind Farm LLP,692.7,7398.0
2026-02-16,T_VKNGW-4,Viking Energy Wind Farm LLP,498.1,5320.0
2026-02-17,T_GLNKW-1,EDF Energy Customers Limited,152.4,6158.0
2026-02-17,T_GORDW-2,SSE Generation Ltd,248.1,1908.0
2026-02-17,T_HALSW-1,SP Renewables (UK) Limited,227.7,1886.0
2026-02-17,T_LIMKW-1,Limekiln Extension Ltd,520.5,20820.0
2026-02-17,T_MOWEO-1,Moray Offshore Wind East Ltd,1231.6,53145.0
2026-02-17,T_MOWEO-2,Moray Offshore Wind East Ltd,76.4,3220.0
2026-02-17,T_MOWEO-3,Moray Offshore Wind East Ltd,392.7,16834.0
2026-02-17,T_MOWWO-1,Moray Offshore Wind West Ltd,1147.7,28397.0
2026-02-17,T_MOWWO-2,Moray Offshore Wind West Ltd,712.3,23791.0
2026-02-17,T_MOWWO-3,Moray Offshore Wind West Ltd,97.6,3416.0
2026-02-17,T_SGRWO-1,Seagreen Wind Energy Limited,2066.7,2501.0
2026-02-17,T_SGRWO-2,Seagreen Wind Energy Limited,189.2,229.0
2026-02-17,T_SGRWO-3,Seagreen Wind Energy Limited,69.5,84.0
2026-02-17,T_SGRWO-4,Seagreen Wind Energy Limited,559.6,677.0
2026-02-17,T_SGRWO-5,Seagreen Wind Energy Limited,126.3,153.0
2026-02-17,T_SGRWO-6,Seagreen Wind Energy Limited,1986.2,2403.0
2026-02-17,T_VKNGW-1,Viking Energy Wind Farm LLP,833.7,8904.0
2026-02-17,T_VKNGW-2,Viking Energy Wind Farm LLP,849.4,9071.0
2026-02-17,T_VKNGW-3,Viking Energy Wind Farm LLP,866.0,9249.0
2026-02-17,T_VKNGW-4,Viking Energy Wind Farm LLP,933.4,9969.0
2026-02-18,T_BENBW-1,Benbrack Wind Farm Limited,176.8,1414.0
2026-02-18,T_GORDW-2,SSE Generation Ltd,667.6,5134.0
2026-02-18,T_GRGBW-3,Greater Gabbard Offshore Winds,1.3,226.0
2026-02-18,T_HALSW-1,SP Renewables (UK) Limited,509.1,4215.0
2026-02-18,T_MOWEO-1,Moray Offshore Wind East Ltd,1812.7,57397.0
2026-02-18,T_MOWEO-2,Moray Offshore Wind East Ltd,3047.3,108494.0
2026-02-18,T_MOWEO-3,Moray Offshore Wind East Ltd,3322.8,116419.0
2026-02-18,T_MOWWO-1,Moray Offshore Wind West Ltd,2730.6,64666.0
2026-02-18,T_MOWWO-2,Moray Offshore Wind West Ltd,2903.7,68701.0
2026-02-18,T_MOWWO-3,Moray Offshore Wind West Ltd,458.6,10827.0
2026-02-18,T_MOWWO-4,Moray Offshore Wind West Ltd,227.9,8353.0
2026-02-18,T_SGRWO-1,Seagreen Wind Energy Limited,3585.5,4338.0
2026-02-18,T_SGRWO-2,Seagreen Wind Energy Limited,1041.7,1261.0
2026-02-18,T_SGRWO-3,Seagreen Wind Energy Limited,2506.8,3033.0
2026-02-18,T_SGRWO-4,Seagreen Wind Energy Limited,1865.2,2257.0
2026-02-18,T_SGRWO-5,Seagreen Wind Energy Limited,174.6,211.0
2026-02-18,T_SGRWO-6,Seagreen Wind Energy Limited,2574.0,3115.0
2026-02-18,T_VKNGW-1,Viking Energy Wind Farm LLP,596.9,6375.0
2026-02-18,T_VKNGW-2,Viking Energy Wind Farm LLP,530.4,5665.0
2026-02-18,T_VKNGW-3,Viking Energy Wind Farm LLP,465.4,4970.0
2026-02-18,T_VKNGW-4,Viking Energy Wind Farm LLP,463.2,4947.0
2026-02-18,T_WDRGW-1,Windy Rig Wind Farm Limited,100.3,2945.0
2026-02-19,T_EDINW-1,Vattenfall Wind Power Ltd,0.6,61.0
2026-02-19,T_GORDW-2,SSE Generation Ltd,678.7,5219.0
2026-02-19,T_HALSW-1,SP Renewables (UK) Limited,664.2,5500.0
2026-02-19,T_LIMKW-1,Limekiln Extension Ltd,203.5,8139.0
2026-02-19,T_MOWEO-2,Moray Offshore Wind East Ltd,686.6,22088.0
2026-02-19,T_MOWEO-3,Moray Offshore Wind East Ltd,1692.8,57383.0
2026-02-19,T_MOWWO-1,Moray Offshore Wind West Ltd,3848.0,89755.0
2026-02-19,T_MOWWO-2,Moray Offshore Wind West Ltd,3740.8,87350.0
2026-02-19,T_MOWWO-3,Moray Offshore Wind West Ltd,603.6,14095.0
2026-02-19,T_MOWWO-4,Moray Offshore Wind West Ltd,265.9,9745.0
2026-02-19,T_SGRWO-1,Seagreen Wind Energy Limited,4424.2,5353.0
2026-02-19,T_SGRWO-2,Seagreen Wind Energy Limited,1307.1,1582.0
2026-02-19,T_SGRWO-3,Seagreen Wind Energy Limited,2801.1,3389.0
2026-02-19,T_SGRWO-4,Seagreen Wind Energy Limited,2263.5,2739.0
2026-02-19,T_SGRWO-5,Seagreen Wind Energy Limited,142.9,173.0
2026-02-19,T_SGRWO-6,Seagreen Wind Energy Limited,6430.5,7781.0
2026-02-19,T_VKNGW-1,Viking Energy Wind Farm LLP,2497.8,26676.0
2026-02-19,T_VKNGW-2,Viking Energy Wind Farm LLP,2453.6,26205.0
2026-02-19,T_VKNGW-3,Viking Energy Wind Farm LLP,2276.9,24317.0
2026-02-19,T_VKNGW-4,Viking Energy Wind Farm LLP,2349.1,25088.0
2026-02-19,T_WTMSO-1,Westermost Rough Limited,44.2,8210.0
2026-02-20,C__PSTAT011,Statkraft Markets Gmbh,46.7,3173.0
2026-02-20,E_BLARW-1,Erova Energy Limited,178.9,6400.0
2026-02-20,E_BTUIW-3,SP Renewables (UK) Limited,601.5,4511.0
2026-02-20,T_AKGLW-3,AIK2A Sustainable Energy Ltd,128.8,8758.0
2026-02-20,T_BENBW-1,Benbrack Wind Farm Limited,453.8,3630.0
2026-02-20,T_BROCW-1,Smartestenergy Limited,205.2,8005.0
2026-02-20,T_CRDEW-1,EDF Energy Customers Limited,30.6,1651.0
2026-02-20,T_CRDEW-2,EDF Energy Customers Limited,30.5,1647.0
2026-02-20,T_CREAW-1,Creag Riabhach Wind Farm Ltd,59.1,2957.0
2026-02-20,T_CUMHW-1,Uniper UK Limited,521.9,12067.0
2026-02-20,T_DOREW-1,Dorenell Windfarm Limited,272.5,13402.0
2026-02-20,T_DOREW-2,Dorenell Windfarm Limited,241.4,11772.0
2026-02-20,T_DOUGW-1,Erova Energy Limited,365.2,10955.0
2026-02-20,T_EDINW-1,Vattenfall Wind Power Ltd,1.2,137.0
2026-02-20,T_GLNKW-1,EDF Energy Customers Limited,199.4,8055.0
2026-02-20,T_GORDW-2,SSE Generation Ltd,382.1,2938.0
2026-02-20,T_GRGBW-2,Greater Gabbard Offshore Winds,5.9,995.0
2026-02-20,T_GRGBW-3,Greater Gabbard Offshore Winds,17.3,2884.0
2026-02-20,T_HALSW-1,SP Renewables (UK) Limited,496.9,4114.0
2026-02-20,T_KENNW-1,Kennoxhead Wind Farm Limited,494.7,15544.0
2026-02-20,T_KLGLW-1,SP Renewables (UK) Limited,222.3,17247.0
2026-02-20,T_KPMRW-1,OnPath Energy Limited,66.1,4770.0
2026-02-20,T_KYPEW-1,Kype Extension Wind Farm Ltd,655.7,19014.0
2026-02-20,T_LIMKW-1,Limekiln Extension Ltd,258.0,10321.0
2026-02-20,T_MIDMW-1,OnPath Energy Limited,22.4,1649.0
2026-02-20,T_MOWEO-1,Moray Offshore Wind East Ltd,2434.2,83597.0
2026-02-20,T_MOWEO-2,Moray Offshore Wind East Ltd,2522.4,87850.0
2026-02-20,T_MOWEO-3,Moray Offshore Wind East Ltd,2582.1,88158.0
2026-02-20,T_MOWWO-1,Moray Offshore Wind West Ltd,2929.3,70091.0
2026-02-20,T_MOWWO-2,Moray Offshore Wind West Ltd,2284.3,54768.0
2026-02-20,T_MOWWO-3,Moray Offshore Wind West Ltd,376.1,9078.0
2026-02-20,T_MOWWO-4,Moray Offshore Wind West Ltd,441.1,16166.0
2026-02-20,T_NOKYW-1,North Kyle Wind farm Ltd,1028.9,25721.0
2026-02-20,T_NOKYW-2,North Kyle Wind farm Ltd,1101.1,27528.0
2026-02-20,T_SAKNW-1,Sandy Knowe Wind Farm Ltd,470.5,18822.0
2026-02-20,T_SGRWO-1,Seagreen Wind Energy Limited,4463.2,5400.0
2026-02-20,T_SGRWO-2,Seagreen Wind Energy Limited,1427.6,1727.0
2026-02-20,T_SGRWO-3,Seagreen Wind Energy Limited,2796.8,3384.0
2026-02-20,T_SGRWO-4,Seagreen Wind Energy Limited,2356.7,2852.0
2026-02-20,T_SGRWO-5,Seagreen Wind Energy Limited,319.8,387.0
2026-02-20,T_SGRWO-6,Seagreen Wind Energy Limited,5847.2,7075.0
2026-02-20,T_SOKYW-1,South Kyle Wind Farm Limited,1495.3,59814.0
2026-02-20,T_TWSHW-1,Twentyshilling Limited,430.7,12399.0
2026-02-20,T_VKNGW-1,Viking Energy Wind Farm LLP,1734.5,18525.0
2026-02-20,T_VKNGW-2,Viking Energy Wind Farm LLP,1455.8,15548.0
2026-02-20,T_VKNGW-3,Viking Energy Wind Farm LLP,1810.7,19339.0
2026-02-20,T_VKNGW-4,Viking Energy Wind Farm LLP,1899.6,20288.0
2026-02-20,T_WDRGW-1,Windy Rig Wind Farm Limited,465.9,13675.0
2026-02-21,E_BTUIW-3,SP Renewables (UK) Limited,76.8,576.0
2026-02-21,T_BENBW-1,Benbrack Wind Farm Limited,87.8,702.0
2026-02-21,T_CUMHW-1,Uniper UK Limited,0.7,17.0
2026-02-21,T_GLNKW-1,EDF Energy Customers Limited,32.3,1307.0
2026-02-21,T_GORDW-2,SSE Generation Ltd,38.7,299.0
2026-02-21,T_HALSW-1,SP Renewables (UK) Limited,103.5,857.0
2026-02-21,T_KENNW-1,Kennoxhead Wind Farm Limited,2.8,86.0
2026-02-21,T_KYPEW-1,Kype Extension Wind Farm Ltd,2.7,79.0
2026-02-21,T_LIMKW-1,Limekiln Extension Ltd,127.5,5101.0
2026-02-21,T_MOWEO-1,Moray Offshore Wind East Ltd,151.8,7715.0
2026-02-21,T_MOWWO-1,Moray Offshore Wind West Ltd,529.3,12905.0
2026-02-21,T_MOWWO-2,Moray Offshore Wind West Ltd,381.7,9298.0
2026-02-21,T_MOWWO-3,Moray Offshore Wind West Ltd,108.6,2648.0
2026-02-21,T_MOWWO-4,Moray Offshore Wind West Ltd,129.0,4729.0
2026-02-21,T_NOKYW-1,North Kyle Wind farm Ltd,53.9,1347.0
2026-02-21,T_NOKYW-2,North Kyle Wind farm Ltd,45.0,1126.0
2026-02-21,T_SGRWO-1,Seagreen Wind Energy Limited,1526.1,1847.0
2026-02-21,T_SGRWO-2,Seagreen Wind Energy Limited,399.2,483.0
2026-02-21,T_SGRWO-3,Seagreen Wind Energy Limited,1025.3,1241.0
2026-02-21,T_SGRWO-4,Seagreen Wind Energy Limited,597.2,723.0
2026-02-21,T_SGRWO-5,Seagreen Wind Energy Limited,173.5,210.0
2026-02-21,T_SGRWO-6,Seagreen Wind Energy Limited,2204.5,2667.0
2026-02-21,T_TWSHW-1,Twentyshilling Limited,10.8,310.0
2026-02-21,T_VKNGW-1,Viking Energy Wind Farm LLP,287.3,3071.0
2026-02-21,T_VKNGW-2,Viking Energy Wind Farm LLP,209.0,2234.0
2026-02-21,T_VKNGW-3,Viking Energy Wind Farm LLP,236.0,2523.0
2026-02-21,T_VKNGW-4,Viking Energy Wind Farm LLP,209.9,2243.0
2026-02-22,2__PENEC001,Eneco Energy Trade,13.8,1210.0
2026-02-22,2__PSTAT001,Statkraft Markets Gmbh,206.6,17499.0
2026-02-22,C__PSTAT011,Statkraft Markets Gmbh,501.9,34130.0
2026-02-22,E_BABAW-1,Statkraft Markets Gmbh,79.3,6506.0
2026-02-22,E_BLARW-1,Erova Energy Limited,203.6,11407.0
2026-02-22,E_BTUIW-3,SP Renewables (UK) Limited,816.0,6120.0
2026-02-22,E_GRGRW-1,Evolve Energy Supply Limited,234.0,16380.0
2026-02-22,T_AKGLW-3,AIK2A Sustainable Energy Ltd,777.0,52839.0
2026-02-22,T_BHLAW-1,SSE Generation Ltd,446.7,37712.0
2026-02-22,T_BROCW-1,Smartestenergy Limited,393.9,15362.0
2026-02-22,T_CGTHW-1,Corriegarth Wind Energy LTD,118.0,9520.0
2026-02-22,T_CRDEW-1,EDF Energy Customers Limited,222.5,12016.0
2026-02-22,T_CRDEW-2,EDF Energy Customers Limited,222.5,12016.0
2026-02-22,T_CREAW-1,Creag Riabhach Wind Farm Ltd,548.0,27399.0
2026-02-22,T_CRGHW-1,Statkraft Markets Gmbh,130.3,10034.0
2026-02-22,T_CRYRW-3,Eneco Energy Trade,68.7,5272.0
2026-02-22,T_CUMHW-1,Uniper UK Limited,539.1,18533.0
2026-02-22,T_DOREW-1,Dorenell Windfarm Limited,142.4,9468.0
2026-02-22,T_DOREW-2,Dorenell Windfarm Limited,112.8,7517.0
2026-02-22,T_DOUGW-1,Erova Energy Limited,437.3,13119.0
2026-02-22,T_GLNKW-1,EDF Energy Customers Limited,563.1,22749.0
2026-02-22,T_GORDW-1,SSE Generation Ltd,192.7,16549.0
2026-02-22,T_GORDW-2,SSE Generation Ltd,284.8,2196.0
2026-02-22,T_HALSW-1,SP Renewables (UK) Limited,395.4,3274.0
2026-02-22,T_HOWBO-1,Breesea Limited,233.5,18406.0
2026-02-22,T_KENNW-1,Kennoxhead Wind Farm Limited,668.2,26099.0
2026-02-22,T_KLGLW-1,SP Renewables (UK) Limited,646.8,50179.0
2026-02-22,T_KYPEW-1,Kype Extension Wind Farm Ltd,817.2,23698.0
2026-02-22,T_LIMKW-1,Limekiln Extension Ltd,1174.4,46977.0
2026-02-22,T_MOWEO-1,Moray Offshore Wind East Ltd,3274.8,216271.0
2026-02-22,T_MOWEO-2,Moray Offshore Wind East Ltd,1806.6,129097.0
2026-02-22,T_MOWEO-3,Moray Offshore Wind East Ltd,957.4,74513.0
2026-02-22,T_MOWWO-1,Moray Offshore Wind West Ltd,3120.9,80307.0
2026-02-22,T_MOWWO-2,Moray Offshore Wind West Ltd,2895.3,74291.0
2026-02-22,T_MOWWO-3,Moray Offshore Wind West Ltd,460.1,11804.0
2026-02-22,T_MOWWO-4,Moray Offshore Wind West Ltd,845.6,30992.0
2026-02-22,T_NOKYW-1,North Kyle Wind farm Ltd,1609.1,40227.0
2026-02-22,T_NOKYW-2,North Kyle Wind farm Ltd,1574.6,39364.0
2026-02-22,T_SAKNW-1,Sandy Knowe Wind Farm Ltd,822.1,32886.0
2026-02-22,T_SGRWO-1,Seagreen Wind Energy Limited,5171.4,6257.0
2026-02-22,T_SGRWO-2,Seagreen Wind Energy Limited,1553.7,1880.0
2026-02-22,T_SGRWO-3,Seagreen Wind Energy Limited,3123.9,3780.0
2026-02-22,T_SGRWO-4,Seagreen Wind Energy Limited,2385.8,2887.0
2026-02-22,T_SGRWO-5,Seagreen Wind Energy Limited,1553.0,1879.0
2026-02-22,T_SGRWO-6,Seagreen Wind Energy Limited,6660.1,8059.0
2026-02-22,T_SOKYW-1,South Kyle Wind Farm Limited,2403.5,96142.0
2026-02-22,T_STLGW-1,Stronelairg Windfarm Limited,15.5,1404.0
2026-02-22,T_STLGW-2,Stronelairg Windfarm Limited,22.7,2058.0
2026-02-22,T_STLGW-3,Stronelairg Windfarm Limited,20.9,1897.0
2026-02-22,T_STRNW-1,Strathy Wind Farm Limited,322.5,27530.0
2026-02-22,T_TWSHW-1,Twentyshilling Limited,596.7,17179.0
2026-02-22,T_VKNGW-1,Viking Energy Wind Farm LLP,1647.6,17613.0
2026-02-22,T_VKNGW-2,Viking Energy Wind Farm LLP,1836.0,19626.0
2026-02-22,T_VKNGW-3,Viking Energy Wind Farm LLP,1512.9,16173.0
2026-02-22,T_VKNGW-4,Viking Energy Wind Farm LLP,1460.2,15609.0
2026-02-22,T_WDRGW-1,Windy Rig Wind Farm Limited,582.3,17090.0
2026-02-23,E_BTUIW-3,SP Renewables (UK) Limited,401.1,3008.0
2026-02-23,E_GRGRW-1,Evolve Energy Supply Limited,48.6,3402.0
2026-02-23,E_HRHLW-1,SP Renewables (UK) Limited,21.7,1688.0
2026-02-23,T_AKGLW-3,AIK2A Sustainable Energy Ltd,153.4,10434.0
2026-02-23,T_BENBW-1,Benbrack Wind Farm Limited,425.0,3400.0
2026-02-23,T_BLLA-2,SP Renewables (UK) Limited,54.5,4238.0
2026-02-23,T_BROCW-1,Smartestenergy Limited,113.3,4419.0
2026-02-23,T_CRDEW-1,EDF Energy Customers Limited,32.7,1768.0
2026-02-23,T_CRDEW-2,EDF Energy Customers Limited,32.7,1768.0
2026-02-23,T_CUMHW-1,Uniper UK Limited,220.9,5107.0
2026-02-23,T_DOUGW-1,Erova Energy Limited,184.6,5538.0
2026-02-23,T_DRSLW-1,SP Renewables (UK) Limited,65.5,5097.0
2026-02-23,T_EWHLW-1,SP Renewables (UK) Limited,57.5,4470.0
2026-02-23,T_GLNKW-1,EDF Energy Customers Limited,71.4,2884.0
2026-02-23,T_GNAPW-1,SP Renewables (UK) Limited,14.4,1119.0
2026-02-23,T_GORDW-2,SSE Generation Ltd,29.3,226.0
2026-02-23,T_HALSW-1,SP Renewables (UK) Limited,66.3,549.0
2026-02-23,T_HOWBO-1,Breesea Limited,831.5,55918.0
2026-02-23,T_KENNW-1,Kennoxhead Wind Farm Limited,147.5,6541.0
2026-02-23,T_KYPEW-1,Kype Extension Wind Farm Ltd,230.0,6670.0
2026-02-23,T_MOWWO-1,Moray Offshore Wind West Ltd,1070.9,27763.0
2026-02-23,T_MOWWO-2,Moray Offshore Wind West Ltd,746.4,19244.0
2026-02-23,T_MOWWO-3,Moray Offshore Wind West Ltd,155.2,4077.0
2026-02-23,T_MOWWO-4,Moray Offshore Wind West Ltd,175.8,6442.0
2026-02-23,T_NOKYW-1,North Kyle Wind farm Ltd,556.4,13909.0
2026-02-23,T_NOKYW-2,North Kyle Wind farm Ltd,547.1,13677.0
2026-02-23,T_SAKNW-1,Sandy Knowe Wind Farm Ltd,102.1,4085.0
2026-02-23,T_SGRWO-1,Seagreen Wind Energy Limited,2194.4,2655.0
2026-02-23,T_SGRWO-2,Seagreen Wind Energy Limited,633.9,767.0
2026-02-23,T_SGRWO-3,Seagreen Wind Energy Limited,1348.9,1632.0
2026-02-23,T_SGRWO-4,Seagreen Wind Energy Limited,1097.2,1328.0
2026-02-23,T_SGRWO-5,Seagreen Wind Energy Limited,638.3,772.0
2026-02-23,T_SGRWO-6,Seagreen Wind Energy Limited,3054.1,3695.0
2026-02-23,T_SOKYW-1,South Kyle Wind Farm Limited,722.2,28889.0
2026-02-23,T_TWSHW-1,Twentyshilling Limited,161.3,4645.0
2026-02-23,T_VKNGW-1,Viking Energy Wind Farm LLP,203.9,2180.0
2026-02-23,T_VKNGW-2,Viking Energy Wind Farm LLP,220.2,2354.0
2026-02-23,T_VKNGW-3,Viking Energy Wind Farm LLP,171.2,1830.0
2026-02-23,T_VKNGW-4,Viking Energy Wind Farm LLP,125.6,1343.0
2026-02-23,T_WDRGW-1,Windy Rig Wind Farm Limited,198.8,5836.0
2026-02-23,T_WISTW-2,BROCKLOCH RIG WINDFARM LTD,97.6,7856.0
2026-02-24,T_BENBW-1,Benbrack Wind Farm Limited,200.9,1607.0
2026-02-24,T_CREAW-1,Creag Riabhach Wind Farm Ltd,60.7,3033.0
2026-02-24,T_DOREW-1,Dorenell Windfarm Limited,27.2,1362.0
2026-02-24,T_DOREW-2,Dorenell Windfarm Limited,22.6,1136.0
2026-02-24,T_EDINW-1,Vattenfall Wind Power Ltd,384.0,42242.0
2026-02-24,T_GLNKW-1,EDF Energy Customers Limited,20.8,839.0
2026-02-24,T_GORDW-2,SSE Generation Ltd,320.2,2469.0
2026-02-24,T_GRGBW-1,Greater Gabbard Offshore Winds,3.2,538.0
2026-02-24,T_GRIFW-1,Griffin Wind Farm Ltd,272.5,25379.0
2026-02-24,T_GRIFW-2,Griffin Wind Farm Ltd,314.1,29256.0
2026-02-24,T_HALSW-1,SP Renewables (UK) Limited,86.8,719.0
2026-02-24,T_LIMKW-1,Limekiln Extension Ltd,127.7,5109.0
2026-02-24,T_MOWEO-1,Moray Offshore Wind East Ltd,3661.9,112411.0
2026-02-24,T_MOWEO-2,Moray Offshore Wind East Ltd,3301.5,99584.0
2026-02-24,T_MOWEO-3,Moray Offshore Wind East Ltd,3286.2,98969.0
2026-02-24,T_MOWWO-1,Moray Offshore Wind West Ltd,2524.8,58151.0
2026-02-24,T_MOWWO-2,Moray Offshore Wind West Ltd,1679.4,39267.0
2026-02-24,T_MOWWO-3,Moray Offshore Wind West Ltd,261.4,6194.0
2026-02-24,T_MOWWO-4,Moray Offshore Wind West Ltd,432.7,15858.0
2026-02-24,T_NOKYW-1,North Kyle Wind farm Ltd,40.2,1005.0
2026-02-24,T_NOKYW-2,North Kyle Wind farm Ltd,29.7,742.0
2026-02-24,T_SGRWO-1,Seagreen Wind Energy Limited,4023.0,4787.0
2026-02-24,T_SGRWO-2,Seagreen Wind Energy Limited,1196.6,1424.0
2026-02-24,T_SGRWO-3,Seagreen Wind Energy Limited,2420.1,2880.0
2026-02-24,T_SGRWO-4,Seagreen Wind Energy Limited,1979.9,2356.0
2026-02-24,T_SGRWO-5,Seagreen Wind Energy Limited,1193.4,1420.0
2026-02-24,T_SGRWO-6,Seagreen Wind Energy Limited,5203.7,6192.0
2026-02-24,T_TWSHW-1,Twentyshilling Limited,42.4,1222.0
2026-02-24,T_VKNGW-1,Viking Energy Wind Farm LLP,1166.0,12464.0
2026-02-24,T_VKNGW-2,Viking Energy Wind Farm LLP,890.8,9522.0
2026-02-24,T_VKNGW-3,Viking Energy Wind Farm LLP,910.0,9728.0
2026-02-24,T_VKNGW-4,Viking Energy Wind Farm LLP,604.0,6457.0
2026-02-24,T_WDRGW-1,Windy Rig Wind Farm Limited,48.5,1424.0
2026-02-25,T_BENBW-1,Benbrack Wind Farm Limited,109.5,876.0
2026-02-25,T_EDINW-1,Vattenfall Wind Power Ltd,6.1,669.0
2026-02-25,T_GORDW-2,SSE Generation Ltd,44.1,340.0
2026-02-25,T_HOWBO-3,Soundmark Wind Limited,8.4,266.0
2026-02-25,T_KYPEW-1,Kype Extension Wind Farm Ltd,3.8,111.0
2026-02-25,T_MOWEO-1,Moray Offshore Wind East Ltd,302.2,11827.0
2026-02-25,T_MOWEO-2,Moray Offshore Wind East Ltd,403.3,15874.0
2026-02-25,T_MOWEO-3,Moray Offshore Wind East Ltd,171.4,6679.0
2026-02-25,T_MOWWO-1,Moray Offshore Wind West Ltd,407.8,10092.0
2026-02-25,T_MOWWO-2,Moray Offshore Wind West Ltd,286.2,7082.0
2026-02-25,T_NOKYW-1,North Kyle Wind farm Ltd,5.3,145.0
2026-02-25,T_SGRWO-1,Seagreen Wind Energy Limited,1093.7,1302.0
2026-02-25,T_SGRWO-2,Seagreen Wind Energy Limited,288.5,343.0
2026-02-25,T_SGRWO-3,Seagreen Wind Energy Limited,515.1,613.0
2026-02-25,T_SGRWO-4,Seagreen Wind Energy Limited,424.0,505.0
2026-02-25,T_SGRWO-5,Seagreen Wind Energy Limited,222.5,265.0
2026-02-25,T_SGRWO-6,Seagreen Wind Energy Limited,1888.5,2247.0
2026-02-25,T_VKNGW-1,Viking Energy Wind Farm LLP,279.1,2984.0
2026-02-25,T_VKNGW-2,Viking Energy Wind Farm LLP,190.5,2036.0
2026-02-25,T_VKNGW-3,Viking Energy Wind Farm LLP,239.8,2563.0
2026-02-25,T_VKNGW-4,Viking Energy Wind Farm LLP,200.9,2148.0
2026-02-26,E_BABAW-1,Statkraft Markets Gmbh,267.3,21917.0
2026-02-26,E_BETHW-1,SP Renewables (UK) Limited,98.5,8517.0
2026-02-26,E_BLARW-1,Erova Energy Limited,167.4,5637.0
2026-02-26,E_BNWKW-1,Eneco Energy Trade,96.7,8604.0
2026-02-26,E_BTUIW-3,SP Renewables (UK) Limited,788.0,5910.0
2026-02-26,E_GRGRW-1,Evolve Energy Supply Limited,141.5,9903.0
2026-02-26,E_TULWW-1,Eneco Energy Trade,83.1,7394.0
2026-02-26,E_TULWW-2,Eneco Energy Trade,142.6,12694.0
2026-02-26,T_BDCHW-1,RWE Generation UK plc,25.0,2214.0
2026-02-26,T_BENBW-1,Benbrack Wind Farm Limited,841.3,6730.0
2026-02-26,T_BHLAW-1,SSE Generation Ltd,393.3,33200.0
2026-02-26,T_BROCW-1,Smartestenergy Limited,176.1,6868.0
2026-02-26,T_CGTHW-1,Corriegarth Wind Energy LTD,400.8,32347.0
2026-02-26,T_CRDEW-1,EDF Energy Customers Limited,26.9,1455.0
2026-02-26,T_CREAW-1,Creag Riabhach Wind Farm Ltd,620.8,31041.0
2026-02-26,T_CUMHW-1,Uniper UK Limited,722.0,16693.0
2026-02-26,T_DOREW-1,Dorenell Windfarm Limited,931.8,45452.0
2026-02-26,T_DOREW-2,Dorenell Windfarm Limited,774.1,37868.0
2026-02-26,T_DOUGW-1,Erova Energy Limited,279.4,8382.0
2026-02-26,T_DUNGW-1,Dunmaglass Wind Farm Limited,432.8,39179.0
2026-02-26,T_EDINW-1,Vattenfall Wind Power Ltd,4.9,536.0
2026-02-26,T_GLNKW-1,EDF Energy Customers Limited,510.1,20609.0
2026-02-26,T_GORDW-1,SSE Generation Ltd,415.4,35682.0
2026-02-26,T_GORDW-2,SSE Generation Ltd,427.4,3296.0
2026-02-26,T_GRGBW-1,Greater Gabbard Offshore Winds,18.9,3162.0
2026-02-26,T_GRGBW-3,Greater Gabbard Offshore Winds,253.6,42399.0
2026-02-26,T_HALSW-1,SP Renewables (UK) Limited,412.5,3416.0
2026-02-26,T_HOWBO-1,Breesea Limited,713.7,26020.0
2026-02-26,T_HOWBO-2,Sonningmay Wind Limited,287.4,10957.0
2026-02-26,T_HOWBO-3,Soundmark Wind Limited,427.0,16618.0
2026-02-26,T_KENNW-1,Kennoxhead Wind Farm Limited,557.2,17507.0
2026-02-26,T_KYPEW-1,Kype Extension Wind Farm Ltd,691.3,20047.0
2026-02-26,T_LCLTW-1,Eneco Energy Trade,317.4,28245.0
2026-02-26,T_LIMKW-1,Limekiln Extension Ltd,1055.2,42207.0
2026-02-26,T_MIDMW-1,OnPath Energy Limited,35.7,2230.0
2026-02-26,T_MOWEO-1,Moray Offshore Wind East Ltd,486.1,17282.0
2026-02-26,T_MOWEO-2,Moray Offshore Wind East Ltd,418.8,15034.0
2026-02-26,T_MOWEO-3,Moray Offshore Wind East Ltd,564.8,19929.0
2026-02-26,T_MOWWO-1,Moray Offshore Wind West Ltd,2617.9,62066.0
2026-02-26,T_MOWWO-2,Moray Offshore Wind West Ltd,2820.4,68966.0
2026-02-26,T_MOWWO-3,Moray Offshore Wind West Ltd,477.7,11802.0
2026-02-26,T_MOWWO-4,Moray Offshore Wind West Ltd,793.1,29066.0
2026-02-26,T_NOKYW-1,North Kyle Wind farm Ltd,1255.6,34529.0
2026-02-26,T_NOKYW-2,North Kyle Wind farm Ltd,1181.7,32497.0
2026-02-26,T_SAKNW-1,Sandy Knowe Wind Farm Ltd,185.2,7407.0
2026-02-26,T_SGRWO-1,Seagreen Wind Energy Limited,5851.4,6963.0
2026-02-26,T_SGRWO-2,Seagreen Wind Energy Limited,1690.8,2012.0
2026-02-26,T_SGRWO-3,Seagreen Wind Energy Limited,3340.8,3976.0
2026-02-26,T_SGRWO-4,Seagreen Wind Energy Limited,2569.0,3057.0
2026-02-26,T_SGRWO-5,Seagreen Wind Energy Limited,1694.3,2016.0
2026-02-26,T_SGRWO-6,Seagreen Wind Energy Limited,7501.6,8927.0
2026-02-26,T_SOKYW-1,South Kyle Wind Farm Limited,918.1,36726.0
2026-02-26,T_STLGW-1,Stronelairg Windfarm Limited,83.2,7551.0
2026-02-26,T_STLGW-2,Stronelairg Windfarm Limited,353.0,32052.0
2026-02-26,T_STLGW-3,Stronelairg Windfarm Limited,240.7,21859.0
2026-02-26,T_STRNW-1,Strathy Wind Farm Limited,396.0,33803.0
2026-02-26,T_TWSHW-1,Twentyshilling Limited,495.8,14274.0
2026-02-26,T_VKNGW-1,Viking Energy Wind Farm LLP,1498.2,16016.0
2026-02-26,T_VKNGW-2,Viking Energy Wind Farm LLP,1089.0,11641.0
2026-02-26,T_VKNGW-3,Viking Energy Wind Farm LLP,1355.1,14486.0
2026-02-26,T_VKNGW-4,Viking Energy Wind Farm LLP,1057.3,11302.0
2026-02-26,T_WDRGW-1,Windy Rig Wind Farm Limited,443.1,13005.0
2026-02-27,E_BABAW-1,Statkraft Markets Gmbh,88.5,7253.0
2026-02-27,E_BETHW-1,SP Renewables (UK) Limited,0.2,17.0
2026-02-27,E_BLARW-1,Erova Energy Limited,23.5,1118.0
2026-02-27,E_BNWKW-1,Eneco Energy Trade,0.3,30.0
2026-02-27,E_GRGRW-1,Evolve Energy Supply Limited,89.0,6228.0
2026-02-27,E_TULWW-1,Eneco Energy Trade,0.1,7.0
2026-02-27,E_TULWW-2,Eneco Energy Trade,0.3,24.0
2026-02-27,T_BHLAW-1,SSE Generation Ltd,59.5,5019.0
2026-02-27,T_CGTHW-1,Corriegarth Wind Energy LTD,1.4,114.0
2026-02-27,T_CREAW-1,Creag Riabhach Wind Farm Ltd,365.9,18297.0
2026-02-27,T_DOREW-1,Dorenell Windfarm Limited,331.4,22498.0
2026-02-27,T_DOREW-2,Dorenell Windfarm Limited,277.4,18775.0
2026-02-27,T_DUNGW-1,Dunmaglass Wind Farm Limited,6.0,543.0
2026-02-27,T_EDINW-1,Vattenfall Wind Power Ltd,9.0,992.0
2026-02-27,T_GLNKW-1,EDF Energy Customers Limited,257.9,10418.0
2026-02-27,T_GORDW-1,SSE Generation Ltd,31.5,2707.0
2026-02-27,T_GORDW-2,SSE Generation Ltd,205.9,1587.0
2026-02-27,T_HALSW-1,SP Renewables (UK) Limited,188.6,1562.0
2026-02-27,T_LCLTW-1,Eneco Energy Trade,2.8,249.0
2026-02-27,T_LIMKW-1,Limekiln Extension Ltd,588.2,23528.0
2026-02-27,T_MOWEO-1,Moray Offshore Wind East Ltd,685.0,35463.0
2026-02-27,T_MOWEO-2,Moray Offshore Wind East Ltd,697.2,36348.0
2026-02-27,T_MOWEO-3,Moray Offshore Wind East Ltd,885.9,45277.0
2026-02-27,T_MOWWO-1,Moray Offshore Wind West Ltd,1032.7,25579.0
2026-02-27,T_MOWWO-2,Moray Offshore Wind West Ltd,1142.9,28305.0
2026-02-27,T_MOWWO-3,Moray Offshore Wind West Ltd,138.0,5809.0
2026-02-27,T_MOWWO-4,Moray Offshore Wind West Ltd,300.7,11020.0
2026-02-27,T_SGRWO-1,Seagreen Wind Energy Limited,1520.1,1809.0
2026-02-27,T_SGRWO-2,Seagreen Wind Energy Limited,415.7,495.0
2026-02-27,T_SGRWO-3,Seagreen Wind Energy Limited,880.2,1047.0
2026-02-27,T_SGRWO-4,Seagreen Wind Energy Limited,630.1,750.0
2026-02-27,T_SGRWO-5,Seagreen Wind Energy Limited,443.1,527.0
2026-02-27,T_SGRWO-6,Seagreen Wind Energy Limited,1812.9,2157.0
2026-02-27,T_STLGW-2,Stronelairg Windfarm Limited,0.6,55.0
2026-02-27,T_STRNW-1,Strathy Wind Farm Limited,29.5,2521.0
2026-02-27,T_VKNGW-1,Viking Energy Wind Farm LLP,923.5,9872.0
2026-02-27,T_VKNGW-2,Viking Energy Wind Farm LLP,748.0,7996.0
2026-02-27,T_VKNGW-3,Viking Energy Wind Farm LLP,966.1,10328.0
2026-02-27,T_VKNGW-4,Viking Energy Wind Farm LLP,758.9,8113.0
2026-02-28,T_EDINW-1,Vattenfall Wind Power Ltd,1.8,203.0
2026-02-28,T_GRGBW-1,Greater Gabbard Offshore Winds,13.7,2290.0
2026-02-28,T_SGRWO-6,Seagreen Wind Energy Limited,8.3,10.0
2026-03-01,2__PSTAT001,Statkraft Markets Gmbh,20.6,1745.0
2026-03-01,C__PSTAT011,Statkraft Markets Gmbh,22.7,1541.0
2026-03-01,E_BABAW-1,Statkraft Markets Gmbh,92.1,7550.0
2026-03-01,E_BLARW-1,Erova Energy Limited,268.1,11595.0
2026-03-01,E_BTUIW-3,SP Renewables (UK) Limited,792.3,5943.0
2026-03-01,E_GRGRW-1,Evolve Energy Supply Limited,159.0,11130.0
2026-03-01,T_AKGLW-3,AIK2A Sustainable Energy Ltd,811.3,55166.0
2026-03-01,T_BENBW-1,Benbrack Wind Farm Limited,507.9,4063.0
2026-03-01,T_BHLAW-1,SSE Generation Ltd,161.1,13425.0
2026-03-01,T_CGTHW-1,Corriegarth Wind Energy LTD,65.9,5314.0
2026-03-01,T_CREAW-1,Creag Riabhach Wind Farm Ltd,312.7,15637.0
2026-03-01,T_CRGHW-1,Statkraft Markets Gmbh,127.2,9795.0
2026-03-01,T_CUMHW-1,Uniper UK Limited,558.1,12903.0
2026-03-01,T_DOREW-1,Dorenell Windfarm Limited,449.6,31334.0
2026-03-01,T_DOREW-2,Dorenell Windfarm Limited,402.4,27246.0
2026-03-01,T_DOUGW-1,Erova Energy Limited,169.0,5071.0
2026-03-01,T_EDINW-1,Vattenfall Wind Power Ltd,84.8,9324.0
2026-03-01,T_GLNKW-1,EDF Energy Customers Limited,264.6,10690.0
2026-03-01,T_GORDW-2,SSE Generation Ltd,429.3,3138.0
2026-03-01,T_HALSW-1,SP Renewables (UK) Limited,448.1,3710.0
2026-03-01,T_HOWBO-1,Breesea Limited,135.7,7010.0
2026-03-01,T_HOWBO-2,Sonningmay Wind Limited,331.2,16974.0
2026-03-01,T_HOWBO-3,Soundmark Wind Limited,406.2,20841.0
2026-03-01,T_KENNW-1,Kennoxhead Wind Farm Limited,306.8,9681.0
2026-03-01,T_KYPEW-1,Kype Extension Wind Farm Ltd,656.0,19025.0
2026-03-01,T_LIMKW-1,Limekiln Extension Ltd,606.9,24276.0
2026-03-01,T_MOWEO-1,Moray Offshore Wind East Ltd,1454.4,71116.0
2026-03-01,T_MOWEO-2,Moray Offshore Wind East Ltd,1171.0,58680.0
2026-03-01,T_MOWEO-3,Moray Offshore Wind East Ltd,1338.3,67536.0
2026-03-01,T_MOWWO-1,Moray Offshore Wind West Ltd,2270.8,56101.0
2026-03-01,T_MOWWO-2,Moray Offshore Wind West Ltd,2609.0,64581.0
2026-03-01,T_MOWWO-3,Moray Offshore Wind West Ltd,307.5,7523.0
2026-03-01,T_MOWWO-4,Moray Offshore Wind West Ltd,397.8,14580.0
2026-03-01,T_NOKYW-1,North Kyle Wind farm Ltd,1616.6,44456.0
2026-03-01,T_NOKYW-2,North Kyle Wind farm Ltd,1719.9,47297.0
2026-03-01,T_SAKNW-1,Sandy Knowe Wind Farm Ltd,302.3,12093.0
2026-03-01,T_SGRWO-1,Seagreen Wind Energy Limited,5551.3,6606.0
2026-03-01,T_SGRWO-2,Seagreen Wind Energy Limited,1544.9,1838.0
2026-03-01,T_SGRWO-3,Seagreen Wind Energy Limited,2911.7,3465.0
2026-03-01,T_SGRWO-4,Seagreen Wind Energy Limited,2050.0,2440.0
2026-03-01,T_SGRWO-5,Seagreen Wind Energy Limited,1350.5,1607.0
2026-03-01,T_SGRWO-6,Seagreen Wind Energy Limited,5719.7,6806.0
2026-03-01,T_SOKYW-1,South Kyle Wind Farm Limited,1635.1,65404.0
2026-03-01,T_TWSHW-1,Twentyshilling Limited,474.7,13666.0
2026-03-01,T_VKNGW-1,Viking Energy Wind Farm LLP,1532.9,16464.0
2026-03-01,T_VKNGW-2,Viking Energy Wind Farm LLP,1106.5,11884.0
2026-03-01,T_VKNGW-3,Viking Energy Wind Farm LLP,1442.5,15492.0
2026-03-01,T_VKNGW-4,Viking Energy Wind Farm LLP,1041.4,11185.0
2026-03-01,T_WDRGW-1,Windy Rig Wind Farm Limited,506.7,14870.0
2026-03-02,E_BABAW-1,Statkraft Markets Gmbh,142.5,11684.0
2026-03-02,E_BLARW-1,Erova Energy Limited,233.7,11871.0
2026-03-02,E_BTUIW-3,SP Renewables (UK) Limited,552.9,4147.0
2026-03-02,E_GRGRW-1,Evolve Energy Supply Limited,178.9,12525.0
2026-03-02,T_AKGLW-3,AIK2A Sustainable Energy Ltd,519.1,35296.0
2026-03-02,T_BENBW-1,Benbrack Wind Farm Limited,340.6,2725.0
2026-03-02,T_BHLAW-1,SSE Generation Ltd,107.8,8978.0
2026-03-02,T_BROCW-1,Smartestenergy Limited,43.2,1686.0
2026-03-02,T_CGTHW-1,Corriegarth Wind Energy LTD,207.4,16734.0
2026-03-02,T_CREAW-1,Creag Riabhach Wind Farm Ltd,429.8,21491.0
2026-03-02,T_CRGHW-1,Statkraft Markets Gmbh,99.3,7647.0
2026-03-02,T_CUMHW-1,Uniper UK Limited,463.3,10711.0
2026-03-02,T_DOREW-1,Dorenell Windfarm Limited,1028.8,57598.0
2026-03-02,T_DOREW-2,Dorenell Windfarm Limited,703.8,41940.0
2026-03-02,T_DOUGW-1,Erova Energy Limited,92.7,2782.0
2026-03-02,T_EAAO-1,East Anglia One Limited,2.7,346.0
2026-03-02,T_EAAO-2,East Anglia One Limited,2.8,356.0
2026-03-02,T_EDINW-1,Vattenfall Wind Power Ltd,153.7,16905.0
2026-03-02,T_GLNKW-1,EDF Energy Customers Limited,247.8,10010.0
2026-03-02,T_GORDW-2,SSE Generation Ltd,525.2,3839.0
2026-03-02,T_HALSW-1,SP Renewables (UK) Limited,401.5,3324.0
2026-03-02,T_HOWBO-1,Breesea Limited,55.6,1639.0
2026-03-02,T_HOWBO-2,Sonningmay Wind Limited,47.7,1404.0
2026-03-02,T_HOWBO-3,Soundmark Wind Limited,129.8,3776.0
2026-03-02,T_KENNW-1,Kennoxhead Wind Farm Limited,188.9,5937.0
2026-03-02,T_KYPEW-1,Kype Extension Wind Farm Ltd,448.7,13012.0
2026-03-02,T_LIMKW-1,Limekiln Extension Ltd,688.7,27550.0
2026-03-02,T_MOWEO-1,Moray Offshore Wind East Ltd,2827.7,102930.0
2026-03-02,T_MOWEO-2,Moray Offshore Wind East Ltd,2257.9,101394.0
2026-03-02,T_MOWEO-3,Moray Offshore Wind East Ltd,2598.1,107088.0
2026-03-02,T_MOWWO-1,Moray Offshore Wind West Ltd,2642.8,62817.0
2026-03-02,T_MOWWO-2,Moray Offshore Wind West Ltd,2708.4,64100.0
2026-03-02,T_MOWWO-3,Moray Offshore Wind West Ltd,343.8,8350.0
2026-03-02,T_MOWWO-4,Moray Offshore Wind West Ltd,598.4,21931.0
2026-03-02,T_NOKYW-1,North Kyle Wind farm Ltd,909.5,25012.0
2026-03-02,T_NOKYW-2,North Kyle Wind farm Ltd,834.5,22949.0
2026-03-02,T_PNYCW-1,Pen y Cymoedd Wind Farm LTD,22.1,2117.0
2026-03-02,T_SGRWO-1,Seagreen Wind Energy Limited,4422.8,5263.0
2026-03-02,T_SGRWO-2,Seagreen Wind Energy Limited,1285.8,1530.0
2026-03-02,T_SGRWO-3,Seagreen Wind Energy Limited,2985.5,3553.0
2026-03-02,T_SGRWO-4,Seagreen Wind Energy Limited,1891.6,2251.0
2026-03-02,T_SGRWO-5,Seagreen Wind Energy Limited,1134.5,1350.0
2026-03-02,T_SGRWO-6,Seagreen Wind Energy Limited,6789.0,8079.0
2026-03-02,T_SOKYW-1,South Kyle Wind Farm Limited,299.1,11962.0
2026-03-02,T_TWSHW-1,Twentyshilling Limited,152.2,4381.0
2026-03-02,T_VKNGW-1,Viking Energy Wind Farm LLP,2118.0,22747.0
2026-03-02,T_VKNGW-2,Viking Energy Wind Farm LLP,1533.7,16472.0
2026-03-02,T_VKNGW-3,Viking Energy Wind Farm LLP,1982.6,21294.0
2026-03-02,T_VKNGW-4,Viking Energy Wind Farm LLP,1542.3,16564.0
2026-03-02,T_WDRGW-1,Windy Rig Wind Farm Limited,156.7,4599.0
2026-03-03,T_GORDW-2,SSE Generation Ltd,238.5,1744.0
2026-03-03,T_HALSW-1,SP Renewables (UK) Limited,257.9,2136.0
2026-03-03,T_MOWEO-1,Moray Offshore Wind East Ltd,802.7,18024.0
2026-03-03,T_MOWEO-2,Moray Offshore Wind East Ltd,142.6,3483.0
2026-03-03,T_MOWWO-1,Moray Offshore Wind West Ltd,1257.6,26293.0
2026-03-03,T_MOWWO-2,Moray Offshore Wind West Ltd,1129.1,24216.0
2026-03-03,T_MOWWO-3,Moray Offshore Wind West Ltd,0.5,10.0
2026-03-03,T_MOWWO-4,Moray Offshore Wind West Ltd,8.6,314.0
2026-03-03,T_SGRWO-1,Seagreen Wind Energy Limited,1296.9,1115.0
2026-03-03,T_SGRWO-2,Seagreen Wind Energy Limited,50.0,43.0
2026-03-03,T_SGRWO-3,Seagreen Wind Energy Limited,215.1,185.0
2026-03-03,T_SGRWO-4,Seagreen Wind Energy Limited,110.0,95.0
2026-03-03,T_SGRWO-5,Seagreen Wind Energy Limited,102.4,88.0
2026-03-03,T_SGRWO-6,Seagreen Wind Energy Limited,2038.1,1753.0
2026-03-03,T_VKNGW-1,Viking Energy Wind Farm LLP,1241.4,13332.0
2026-03-03,T_VKNGW-2,Viking Energy Wind Farm LLP,1070.2,11494.0
2026-03-03,T_VKNGW-3,Viking Energy Wind Farm LLP,1433.9,15400.0
2026-03-03,T_VKNGW-4,Viking Energy Wind Farm LLP,1240.6,13324.0
2026-03-04,C__PSTAT011,Statkraft Markets Gmbh,127.0,8633.0
2026-03-04,E_BABAW-1,Statkraft Markets Gmbh,51.0,4183.0
2026-03-04,T_BHLAW-1,SSE Generation Ltd,58.7,4890.0
2026-03-04,T_CGTHW-1,Corriegarth Wind Energy LTD,145.4,11736.0
2026-03-04,T_CREAW-1,Creag Riabhach Wind Farm Ltd,157.0,7852.0
2026-03-04,T_DOREW-1,Dorenell Windfarm Limited,315.9,3429.0
2026-03-04,T_DOREW-2,Dorenell Windfarm Limited,300.7,2917.0
2026-03-04,T_EDINW-1,Vattenfall Wind Power Ltd,73.0,8030.0
2026-03-04,T_GLNKW-1,EDF Energy Customers Limited,116.0,4688.0
2026-03-04,T_GORDW-2,SSE Generation Ltd,214.4,1567.0
2026-03-04,T_GRIFW-1,Griffin Wind Farm Ltd,89.6,8269.0
2026-03-04,T_GRIFW-2,Griffin Wind Farm Ltd,31.0,2863.0
2026-03-04,T_HALSW-1,SP Renewables (UK) Limited,148.4,1228.0
2026-03-04,T_LIMKW-1,Limekiln Extension Ltd,381.0,15238.0
2026-03-04,T_MOWEO-1,Moray Offshore Wind East Ltd,2438.7,7302.0
2026-03-04,T_MOWEO-2,Moray Offshore Wind East Ltd,2004.0,8981.0
2026-03-04,T_MOWEO-3,Moray Offshore Wind East Ltd,1658.4,4506.0
2026-03-04,T_MOWWO-1,Moray Offshore Wind West Ltd,888.6,14047.0
2026-03-04,T_MOWWO-2,Moray Offshore Wind West Ltd,768.0,13748.0
2026-03-04,T_MOWWO-3,Moray Offshore Wind West Ltd,174.1,2573.0
2026-03-04,T_MOWWO-4,Moray Offshore Wind West Ltd,204.0,7478.0
2026-03-04,T_SGRWO-1,Seagreen Wind Energy Limited,3767.9,3240.0
2026-03-04,T_SGRWO-2,Seagreen Wind Energy Limited,725.0,624.0
2026-03-04,T_SGRWO-3,Seagreen Wind Energy Limited,1926.6,1657.0
2026-03-04,T_SGRWO-4,Seagreen Wind Energy Limited,1129.8,972.0
2026-03-04,T_SGRWO-5,Seagreen Wind Energy Limited,735.3,632.0
2026-03-04,T_SGRWO-6,Seagreen Wind Energy Limited,4988.0,4290.0
2026-03-04,T_STRNW-1,Strathy Wind Farm Limited,90.1,7636.0
2026-03-04,T_VKNGW-1,Viking Energy Wind Farm LLP,397.4,4268.0
2026-03-04,T_VKNGW-2,Viking Energy Wind Farm LLP,400.9,4305.0
2026-03-04,T_VKNGW-3,Viking Energy Wind Farm LLP,397.7,4271.0
2026-03-04,T_VKNGW-4,Viking Energy Wind Farm LLP,279.3,2999.0
2026-03-05,C__PSTAT011,Statkraft Markets Gmbh,210.2,14291.0
2026-03-05,E_BABAW-1,Statkraft Markets Gmbh,86.8,7120.0
2026-03-05,T_CGTHW-1,Corriegarth Wind Energy LTD,129.2,10426.0
2026-03-05,T_CREAW-1,Creag Riabhach Wind Farm Ltd,420.7,21037.0
2026-03-05,T_DOREW-1,Dorenell Windfarm Limited,676.0,7939.0
2026-03-05,T_DOREW-2,Dorenell Windfarm Limited,602.3,8190.0
2026-03-05,T_EDINW-1,Vattenfall Wind Power Ltd,98.3,10815.0
2026-03-05,T_GLNKW-1,EDF Energy Customers Limited,325.3,13143.0
2026-03-05,T_GORDW-2,SSE Generation Ltd,339.8,2484.0
2026-03-05,T_GRIFW-1,Griffin Wind Farm Ltd,374.4,34551.0
2026-03-05,T_GRIFW-2,Griffin Wind Farm Ltd,383.7,35409.0
2026-03-05,T_HALSW-1,SP Renewables (UK) Limited,298.2,2469.0
2026-03-05,T_LIMKW-1,Limekiln Extension Ltd,760.4,30415.0
2026-03-05,T_MOWEO-1,Moray Offshore Wind East Ltd,3318.8,13667.0
2026-03-05,T_MOWEO-2,Moray Offshore Wind East Ltd,2341.7,9426.0
2026-03-05,T_MOWEO-3,Moray Offshore Wind East Ltd,2796.1,10922.0
2026-03-05,T_MOWWO-1,Moray Offshore Wind West Ltd,1338.3,22831.0
2026-03-05,T_MOWWO-2,Moray Offshore Wind West Ltd,1358.0,23306.0
2026-03-05,T_MOWWO-3,Moray Offshore Wind West Ltd,272.7,4665.0
2026-03-05,T_MOWWO-4,Moray Offshore Wind West Ltd,527.3,19327.0
2026-03-05,T_SGRWO-1,Seagreen Wind Energy Limited,3916.7,3368.0
2026-03-05,T_SGRWO-2,Seagreen Wind Energy Limited,1113.8,958.0
2026-03-05,T_SGRWO-3,Seagreen Wind Energy Limited,2122.6,1825.0
2026-03-05,T_SGRWO-4,Seagreen Wind Energy Limited,1436.9,1236.0
2026-03-05,T_SGRWO-5,Seagreen Wind Energy Limited,994.0,855.0
2026-03-05,T_SGRWO-6,Seagreen Wind Energy Limited,4062.1,3493.0
2026-03-05,T_STRNW-1,Strathy Wind Farm Limited,0.4,37.0
2026-03-05,T_VKNGW-1,Viking Energy Wind Farm LLP,1149.9,12350.0
2026-03-05,T_VKNGW-2,Viking Energy Wind Farm LLP,908.3,9755.0
2026-03-05,T_VKNGW-3,Viking Energy Wind Farm LLP,1158.2,12439.0
2026-03-05,T_VKNGW-4,Viking Energy Wind Farm LLP,885.7,9513.0
2026-03-06,T_EDINW-1,Vattenfall Wind Power Ltd,114.3,12569.0
2026-03-06,T_MOWEO-1,Moray Offshore Wind East Ltd,4.0,0.0
2026-03-06,T_SGRWO-1,Seagreen Wind Energy Limited,102.5,88.0
2026-03-07,T_EDINW-1,Vattenfall Wind Power Ltd,505.0,55555.0
2026-03-07,T_MOWEO-1,Moray Offshore Wind East Ltd,207.7,152.0
2026-03-07,T_MOWEO-2,Moray Offshore Wind East Ltd,386.8,877.0
2026-03-07,T_MOWEO-3,Moray Offshore Wind East Ltd,54.0,14.0
2026-03-08,T_EDINW-1,Vattenfall Wind Power Ltd,2.7,300.0
2026-03-08,T_MOWEO-1,Moray Offshore Wind East Ltd,68.4,0.0
2026-03-08,T_MOWEO-2,Moray Offshore Wind East Ltd,97.5,0.0
2026-03-08,T_MOWEO-3,Moray Offshore Wind East Ltd,50.3,0.0
2026-03-09,T_DOREW-1,Dorenell Windfarm Limited,282.3,1375.0
2026-03-09,T_DOREW-2,Dorenell Windfarm Limited,307.7,1399.0
2026-03-09,T_EDINW-1,Vattenfall Wind Power Ltd,44.1,4847.0
2026-03-09,T_GORDW-2,SSE Generation Ltd,58.4,425.0
2026-03-09,T_GRIFW-1,Griffin Wind Farm Ltd,157.4,14525.0
2026-03-09,T_GRIFW-2,Griffin Wind Farm Ltd,205.2,18933.0
2026-03-09,T_HALSW-1,SP Renewables (UK) Limited,95.4,790.0
2026-03-09,T_MOWEO-1,Moray Offshore Wind East Ltd,2479.0,1015.0
2026-03-09,T_MOWEO-2,Moray Offshore Wind East Ltd,1827.6,819.0
2026-03-09,T_MOWEO-3,Moray Offshore Wind East Ltd,1738.3,916.0
2026-03-09,T_MOWWO-1,Moray Offshore Wind West Ltd,550.0,8072.0
2026-03-09,T_MOWWO-2,Moray Offshore Wind West Ltd,586.4,8267.0
2026-03-09,T_MOWWO-3,Moray Offshore Wind West Ltd,20.5,353.0
2026-03-09,T_SGRWO-1,Seagreen Wind Energy Limited,165.0,142.0
2026-03-09,T_SGRWO-6,Seagreen Wind Energy Limited,546.0,470.0
2026-03-09,T_VKNGW-1,Viking Energy Wind Farm LLP,317.3,3396.0
2026-03-09,T_VKNGW-2,Viking Energy Wind Farm LLP,194.0,2076.0
2026-03-09,T_VKNGW-3,Viking Energy Wind Farm LLP,197.7,2115.0
2026-03-09,T_VKNGW-4,Viking Energy Wind Farm LLP,120.6,1290.0
2026-03-10,2__PEDGE003,Edgware Energy Limited,61.9,6185.0
2026-03-10,2__PENEC001,Eneco Energy Trade,319.1,28081.0
2026-03-10,2__PENEC002,Eneco Energy Trade,81.8,7351.0
2026-03-10,2__PSTAT001,Statkraft Markets Gmbh,460.8,39027.0
2026-03-10,C__PSTAT011,Statkraft Markets Gmbh,784.5,53347.0
2026-03-10,E_BABAW-1,Statkraft Markets Gmbh,423.6,34737.0
2026-03-10,E_BETHW-1,SP Renewables (UK) Limited,196.9,17022.0
2026-03-10,E_BLARW-1,Erova Energy Limited,192.3,5332.0
2026-03-10,E_BNWKW-1,Eneco Energy Trade,84.8,7550.0
2026-03-10,E_BTUIW-3,SP Renewables (UK) Limited,346.5,2599.0
2026-03-10,E_DALSW-1,Mobius Renewables Gen. (GB),23.2,2390.0
2026-03-10,E_HLTWW-1,ScottishPower Energy Retail,58.6,6046.0
2026-03-10,E_HRHLW-1,SP Renewables (UK) Limited,116.1,9031.0
2026-03-10,E_MOYEW-1,Eneco Energy Trade,81.2,7555.0
2026-03-10,E_TULWW-1,Eneco Energy Trade,130.6,11623.0
2026-03-10,E_TULWW-2,Eneco Energy Trade,190.4,16942.0
2026-03-10,T_AKGLW-3,AIK2A Sustainable Energy Ltd,165.5,11254.0
2026-03-10,T_BDCHW-1,RWE Generation UK plc,352.5,20524.0
2026-03-10,T_BEATO-1,Beatrice Offshore Windfarm Ltd,826.7,87185.0
2026-03-10,T_BEATO-2,Beatrice Offshore Windfarm Ltd,736.8,78208.0
2026-03-10,T_BEATO-3,Beatrice Offshore Windfarm Ltd,1244.4,126489.0
2026-03-10,T_BEATO-4,Beatrice Offshore Windfarm Ltd,930.0,103449.0
2026-03-10,T_BEINW-1,Beinneun Wind Farm Ltd,217.3,21299.0
2026-03-10,T_BENBW-1,Benbrack Wind Farm Limited,155.0,1240.0
2026-03-10,T_BHLAW-1,SSE Generation Ltd,901.3,75059.0
2026-03-10,T_CGTHW-1,Corriegarth Wind Energy LTD,1000.6,80745.0
2026-03-10,T_CRDEW-2,EDF Energy Customers Limited,47.9,2584.0
2026-03-10,T_CREAW-1,Creag Riabhach Wind Farm Ltd,926.3,46317.0
2026-03-10,T_CRGHW-1,Statkraft Markets Gmbh,18.0,1382.0
2026-03-10,T_CRMLW-1,EDF Energy Customers Limited,378.4,32539.0
2026-03-10,T_CUMHW-1,Uniper UK Limited,244.0,5642.0
2026-03-10,T_DOREW-1,Dorenell Windfarm Limited,1922.6,24948.0
2026-03-10,T_DOREW-2,Dorenell Windfarm Limited,1542.0,20253.0
2026-03-10,T_DRSLW-1,SP Renewables (UK) Limited,102.9,8006.0
2026-03-10,T_DUNGW-1,Dunmaglass Wind Farm Limited,598.9,53781.0
2026-03-10,T_EDINW-1,Vattenfall Wind Power Ltd,254.3,27979.0
2026-03-10,T_FARR-1,Smartestenergy Limited,12.4,1132.0
2026-03-10,T_FARR-2,Smartestenergy Limited,9.0,819.0
2026-03-10,T_GLNKW-1,EDF Energy Customers Limited,934.8,37765.0
2026-03-10,T_GNAPW-1,SP Renewables (UK) Limited,0.3,25.0
2026-03-10,T_GORDW-1,SSE Generation Ltd,613.0,52213.0
2026-03-10,T_GORDW-2,SSE Generation Ltd,579.1,4210.0
2026-03-10,T_GRIFW-1,Griffin Wind Farm Ltd,680.6,62790.0
2026-03-10,T_GRIFW-2,Griffin Wind Farm Ltd,566.5,52262.0
2026-03-10,T_HALSW-1,SP Renewables (UK) Limited,519.0,4297.0
2026-03-10,T_KILBW-1,Kilbraur Wind Energy Ltd,60.9,5790.0
2026-03-10,T_KPMRW-1,OnPath Energy Limited,205.4,3001.0
2026-03-10,T_LCLTW-1,Eneco Energy Trade,261.5,23271.0
2026-03-10,T_LIMKW-1,Limekiln Extension Ltd,1687.1,67484.0
2026-03-10,T_MIDMW-1,OnPath Energy Limited,146.1,2109.0
2026-03-10,T_MOWEO-1,Moray Offshore Wind East Ltd,4832.5,39673.0
2026-03-10,T_MOWEO-2,Moray Offshore Wind East Ltd,4477.2,37990.0
2026-03-10,T_MOWEO-3,Moray Offshore Wind East Ltd,4410.9,36388.0
2026-03-10,T_MOWWO-1,Moray Offshore Wind West Ltd,1381.1,21293.0
2026-03-10,T_MOWWO-2,Moray Offshore Wind West Ltd,1392.6,21522.0
2026-03-10,T_MOWWO-3,Moray Offshore Wind West Ltd,393.0,6155.0
2026-03-10,T_MOWWO-4,Moray Offshore Wind West Ltd,733.3,26875.0
2026-03-10,T_NOKYW-1,North Kyle Wind farm Ltd,1096.0,30139.0
2026-03-10,T_NOKYW-2,North Kyle Wind farm Ltd,1011.8,27824.0
2026-03-10,T_SAKNW-1,Sandy Knowe Wind Farm Ltd,43.8,1752.0
2026-03-10,T_SGRWO-1,Seagreen Wind Energy Limited,3181.7,3404.0
2026-03-10,T_SGRWO-2,Seagreen Wind Energy Limited,521.5,558.0
2026-03-10,T_SGRWO-3,Seagreen Wind Energy Limited,1410.6,1509.0
2026-03-10,T_SGRWO-4,Seagreen Wind Energy Limited,1068.9,1144.0
2026-03-10,T_SGRWO-5,Seagreen Wind Energy Limited,762.9,816.0
2026-03-10,T_SGRWO-6,Seagreen Wind Energy Limited,4522.7,4839.0
2026-03-10,T_SOKYW-1,South Kyle Wind Farm Limited,1167.6,46702.0
2026-03-10,T_STLGW-1,Stronelairg Windfarm Limited,546.1,49186.0
2026-03-10,T_STLGW-2,Stronelairg Windfarm Limited,436.9,39355.0
2026-03-10,T_STLGW-3,Stronelairg Windfarm Limited,218.8,19710.0
2026-03-10,T_STRNW-1,Strathy Wind Farm Limited,288.1,24405.0
2026-03-10,T_TWSHW-1,Twentyshilling Limited,212.8,6127.0
2026-03-10,T_VKNGW-1,Viking Energy Wind Farm LLP,2088.9,22351.0
2026-03-10,T_VKNGW-2,Viking Energy Wind Farm LLP,1795.6,19213.0
2026-03-10,T_VKNGW-3,Viking Energy Wind Farm LLP,1899.2,20322.0
2026-03-10,T_VKNGW-4,Viking Energy Wind Farm LLP,1748.1,18705.0
2026-03-10,T_WDRGW-1,Windy Rig Wind Farm Limited,333.8,9797.0
2026-03-11,2__PEDGE003,Edgware Energy Limited,837.3,83629.0
2026-03-11,2__PEDGE004,Edgware Energy Limited,322.1,31820.0
2026-03-11,2__PENEC001,Eneco Energy Trade,993.1,87396.0
2026-03-11,2__PSTAT001,Statkraft Markets Gmbh,934.7,79170.0
2026-03-11,C__PSTAT011,Statkraft Markets Gmbh,942.0,64056.0
2026-03-11,E_BABAW-1,Statkraft Markets Gmbh,901.6,73929.0
2026-03-11,E_BETHW-1,SP Renewables (UK) Limited,550.0,47542.0
2026-03-11,E_BLARW-1,Erova Energy Limited,60.0,2144.0
2026-03-11,E_BNWKW-1,Eneco Energy Trade,354.7,31567.0
2026-03-11,E_BTUIW-3,SP Renewables (UK) Limited,409.1,3068.0
2026-03-11,E_GDSTW-1,Mobius Renewables Gen. (GB),25.8,2704.0
2026-03-11,E_GLOFW-1,Glens of Foudland Ltd,338.2,37202.0
2026-03-11,E_HLTWW-1,ScottishPower Energy Retail,787.0,81162.0
2026-03-11,E_HRHLW-1,SP Renewables (UK) Limited,64.2,4992.0
2026-03-11,E_MOYEW-1,Eneco Energy Trade,1143.8,106374.0
2026-03-11,E_TULWW-1,Eneco Energy Trade,306.3,27261.0
2026-03-11,E_TULWW-2,Eneco Energy Trade,443.0,39425.0
2026-03-11,T_AKGLW-3,AIK2A Sustainable Energy Ltd,1199.5,81563.0
2026-03-11,T_BDCHW-1,RWE Generation UK plc,482.3,57422.0
2026-03-11,T_BEATO-1,Beatrice Offshore Windfarm Ltd,1714.4,276508.0
2026-03-11,T_BEATO-2,Beatrice Offshore Windfarm Ltd,989.2,178284.0
2026-03-11,T_BEATO-3,Beatrice Offshore Windfarm Ltd,2508.8,450603.0
2026-03-11,T_BEATO-4,Beatrice Offshore Windfarm Ltd,3696.3,596910.0
2026-03-11,T_BEINW-1,Beinneun Wind Farm Ltd,1897.5,185955.0
2026-03-11,T_BHLAW-1,SSE Generation Ltd,1965.4,163679.0
2026-03-11,T_BROCW-1,Smartestenergy Limited,20.6,804.0
2026-03-11,T_CGTHW-1,Corriegarth Wind Energy LTD,1267.9,102322.0
2026-03-11,T_CRDEW-1,EDF Energy Customers Limited,20.5,1107.0
2026-03-11,T_CRDEW-2,EDF Energy Customers Limited,175.8,9492.0
2026-03-11,T_CREAW-1,Creag Riabhach Wind Farm Ltd,1730.3,86517.0
2026-03-11,T_CRGHW-1,Statkraft Markets Gmbh,29.6,2281.0
2026-03-11,T_CRMLW-1,EDF Energy Customers Limited,1096.2,94275.0
2026-03-11,T_CRYRW-3,Eneco Energy Trade,89.8,6890.0
2026-03-11,T_CUMHW-1,Uniper UK Limited,86.7,2073.0
2026-03-11,T_DOREW-1,Dorenell Windfarm Limited,2231.0,154170.0
2026-03-11,T_DOREW-2,Dorenell Windfarm Limited,1860.7,129427.0
2026-03-11,T_DOUGW-1,Erova Energy Limited,21.5,646.0
2026-03-11,T_DRSLW-1,SP Renewables (UK) Limited,668.5,52008.0
2026-03-11,T_DUNGW-1,Dunmaglass Wind Farm Limited,1876.8,168535.0
2026-03-11,T_EDINW-1,Vattenfall Wind Power Ltd,681.7,74984.0
2026-03-11,T_FALGW-1,Fallago Rig Wind Farm Limited,367.2,30809.0
2026-03-11,T_FARR-1,Smartestenergy Limited,254.4,23279.0
2026-03-11,T_FARR-2,Smartestenergy Limited,192.0,17569.0
2026-03-11,T_GLNKW-1,EDF Energy Customers Limited,1136.0,45894.0
2026-03-11,T_GNAPW-1,SP Renewables (UK) Limited,31.8,2471.0
2026-03-11,T_GORDW-1,SSE Generation Ltd,1404.7,119640.0
2026-03-11,T_GORDW-2,SSE Generation Ltd,875.9,6368.0
2026-03-11,T_GRIFW-1,Griffin Wind Farm Ltd,1782.2,164404.0
2026-03-11,T_GRIFW-2,Griffin Wind Farm Ltd,1844.7,170173.0
2026-03-11,T_HALSW-1,SP Renewables (UK) Limited,607.3,5028.0
2026-03-11,T_KENNW-1,Kennoxhead Wind Farm Limited,48.2,1515.0
2026-03-11,T_KILBW-1,Kilbraur Wind Energy Ltd,935.7,88893.0
2026-03-11,T_KLGLW-1,SP Renewables (UK) Limited,381.6,29603.0
2026-03-11,T_KYPEW-1,Kype Extension Wind Farm Ltd,104.5,3031.0
2026-03-11,T_LCLTW-1,Eneco Energy Trade,1125.8,100200.0
2026-03-11,T_LIMKW-1,Limekiln Extension Ltd,2512.7,100508.0
2026-03-11,T_MOWEO-1,Moray Offshore Wind East Ltd,6800.3,378359.0
2026-03-11,T_MOWEO-2,Moray Offshore Wind East Ltd,6391.9,357704.0
2026-03-11,T_MOWEO-3,Moray Offshore Wind East Ltd,6133.0,341986.0
2026-03-11,T_NOKYW-1,North Kyle Wind farm Ltd,1440.9,39624.0
2026-03-11,T_NOKYW-2,North Kyle Wind farm Ltd,1424.1,39162.0
2026-03-11,T_SGRWO-1,Seagreen Wind Energy Limited,4857.4,5197.0
2026-03-11,T_SGRWO-2,Seagreen Wind Energy Limited,429.8,460.0
2026-03-11,T_SGRWO-3,Seagreen Wind Energy Limited,722.5,773.0
2026-03-11,T_SGRWO-4,Seagreen Wind Energy Limited,547.0,585.0
2026-03-11,T_SGRWO-5,Seagreen Wind Energy Limited,438.2,469.0
2026-03-11,T_SGRWO-6,Seagreen Wind Energy Limited,3147.8,3368.0
2026-03-11,T_SOKYW-1,South Kyle Wind Farm Limited,1348.3,53930.0
2026-03-11,T_STLGW-1,Stronelairg Windfarm Limited,1527.5,137579.0
2026-03-11,T_STLGW-2,Stronelairg Windfarm Limited,1773.5,159742.0
2026-03-11,T_STLGW-3,Stronelairg Windfarm Limited,1494.5,134607.0
2026-03-11,T_STRNW-1,Strathy Wind Farm Limited,1144.6,96975.0
2026-03-11,T_VKNGW-1,Viking Energy Wind Farm LLP,2369.4,25353.0
2026-03-11,T_VKNGW-2,Viking Energy Wind Farm LLP,2024.7,21665.0
2026-03-11,T_VKNGW-3,Viking Energy Wind Farm LLP,2237.3,23939.0
2026-03-11,T_VKNGW-4,Viking Energy Wind Farm LLP,2331.4,24947.0
2026-03-11,T_WDRGW-1,Windy Rig Wind Farm Limited,431.8,12673.0
2026-03-11,T_WISTW-2,BROCKLOCH RIG WINDFARM LTD,126.5,10187.0
2026-03-12,2__PEDGE003,Edgware Energy Limited,1052.8,105150.0
2026-03-12,2__PEDGE004,Edgware Energy Limited,343.4,33921.0
2026-03-12,2__PENEC001,Eneco Energy Trade,1086.1,95575.0
2026-03-12,2__PENEC002,Eneco Energy Trade,868.1,78045.0
2026-03-12,2__PSTAT001,Statkraft Markets Gmbh,944.3,79985.0
2026-03-12,C__PSTAT011,Statkraft Markets Gmbh,945.8,64317.0
2026-03-12,E_BABAW-1,Statkraft Markets Gmbh,939.0,76999.0
2026-03-12,E_BETHW-1,SP Renewables (UK) Limited,456.5,39460.0
2026-03-12,E_BLARW-1,Erova Energy Limited,0.5,19.0
2026-03-12,E_BNWKW-1,Eneco Energy Trade,427.4,38039.0
2026-03-12,E_CLDRW-1,Vattenfall Energy Trading,24.4,2247.0
2026-03-12,E_GDSTW-1,Mobius Renewables Gen. (GB),138.1,14505.0
2026-03-12,E_GLOFW-1,Glens of Foudland Ltd,55.8,6137.0
2026-03-12,E_HLTWW-1,ScottishPower Energy Retail,694.6,71637.0
2026-03-12,E_HRHLW-1,SP Renewables (UK) Limited,283.8,22080.0
2026-03-12,E_MOYEW-1,Eneco Energy Trade,1047.5,97418.0
2026-03-12,E_TULWW-1,Eneco Energy Trade,310.8,27662.0
2026-03-12,E_TULWW-2,Eneco Energy Trade,418.1,37206.0
2026-03-12,T_AKGLW-2,Aikengall 2 CWCL,1128.0,98135.0
2026-03-12,T_AKGLW-3,AIK2A Sustainable Energy Ltd,1750.1,119003.0
2026-03-12,T_ARCHW-1,SP Renewables (UK) Limited,956.2,82562.0
2026-03-12,T_BDCHW-1,RWE Generation UK plc,479.3,55394.0
2026-03-12,T_BEATO-1,Beatrice Offshore Windfarm Ltd,1932.6,307257.0
2026-03-12,T_BEATO-2,Beatrice Offshore Windfarm Ltd,2090.5,313313.0
2026-03-12,T_BEATO-3,Beatrice Offshore Windfarm Ltd,3584.1,545846.0
2026-03-12,T_BEATO-4,Beatrice Offshore Windfarm Ltd,2029.0,310740.0
2026-03-12,T_BEINW-1,Beinneun Wind Farm Ltd,1709.4,167516.0
2026-03-12,T_BENBW-1,Benbrack Wind Farm Limited,732.0,5856.0
2026-03-12,T_BHLAW-1,SSE Generation Ltd,1899.7,158211.0
2026-03-12,T_CGTHW-1,Corriegarth Wind Energy LTD,1333.7,107634.0
2026-03-12,T_CRDEW-1,EDF Energy Customers Limited,6.1,331.0
2026-03-12,T_CRDEW-2,EDF Energy Customers Limited,10.0,538.0
2026-03-12,T_CREAW-1,Creag Riabhach Wind Farm Ltd,1482.4,74120.0
2026-03-12,T_CRGHW-1,Statkraft Markets Gmbh,58.9,4533.0
2026-03-12,T_CRMLW-1,EDF Energy Customers Limited,1063.7,91475.0
2026-03-12,T_CRYRW-2,Eneco Energy Trade,125.4,10611.0
2026-03-12,T_CRYRW-3,Eneco Energy Trade,83.4,6397.0
2026-03-12,T_DOREW-1,Dorenell Windfarm Limited,2131.4,125446.0
2026-03-12,T_DOREW-2,Dorenell Windfarm Limited,1739.7,102391.0
2026-03-12,T_DRSLW-1,SP Renewables (UK) Limited,822.2,63965.0
2026-03-12,T_DUNGW-1,Dunmaglass Wind Farm Limited,1736.0,155894.0
2026-03-12,T_EDINW-1,Vattenfall Wind Power Ltd,689.8,75875.0
2026-03-12,T_FALGW-1,Fallago Rig Wind Farm Limited,736.6,61799.0
2026-03-12,T_FARR-1,Smartestenergy Limited,816.1,74672.0
2026-03-12,T_FARR-2,Smartestenergy Limited,762.5,69770.0
2026-03-12,T_GLNKW-1,EDF Energy Customers Limited,1089.4,44012.0
2026-03-12,T_GNAPW-1,SP Renewables (UK) Limited,0.3,26.0
2026-03-12,T_GORDW-1,SSE Generation Ltd,1354.8,115388.0
2026-03-12,T_GORDW-2,SSE Generation Ltd,805.1,5853.0
2026-03-12,T_GRGBW-1,Greater Gabbard Offshore Winds,3.3,543.0
2026-03-12,T_GRGBW-3,Greater Gabbard Offshore Winds,3.3,543.0
2026-03-12,T_GRIFW-1,Griffin Wind Farm Ltd,1564.8,144351.0
2026-03-12,T_GRIFW-2,Griffin Wind Farm Ltd,1418.9,130898.0
2026-03-12,T_HALSW-1,SP Renewables (UK) Limited,612.4,5071.0
2026-03-12,T_KILBW-1,Kilbraur Wind Energy Ltd,802.0,76192.0
2026-03-12,T_KLGLW-1,SP Renewables (UK) Limited,472.5,36657.0
2026-03-12,T_KYPEW-1,Kype Extension Wind Farm Ltd,57.8,1675.0
2026-03-12,T_LCLTW-1,Eneco Energy Trade,1181.6,105159.0
2026-03-12,T_LIMKW-1,Limekiln Extension Ltd,2477.8,99112.0
2026-03-12,T_MKHLW-1,SP Renewables (UK) Limited,250.5,21656.0
2026-03-12,T_MOWEO-1,Moray Offshore Wind East Ltd,6831.3,344274.0
2026-03-12,T_MOWEO-2,Moray Offshore Wind East Ltd,6452.7,325442.0
2026-03-12,T_MOWEO-3,Moray Offshore Wind East Ltd,6135.4,309138.0
2026-03-12,T_NNGAO-1,Neart Na Gaoithe Offshore Wind,2002.1,230016.0
2026-03-12,T_NNGAO-2,Neart Na Gaoithe Offshore Wind,608.6,70933.0
2026-03-12,T_NOKYW-1,North Kyle Wind farm Ltd,936.9,25764.0
2026-03-12,T_NOKYW-2,North Kyle Wind farm Ltd,1264.2,34766.0
2026-03-12,T_SGRWO-1,Seagreen Wind Energy Limited,5039.7,5393.0
2026-03-12,T_SGRWO-2,Seagreen Wind Energy Limited,411.0,440.0
2026-03-12,T_SGRWO-3,Seagreen Wind Energy Limited,1537.9,1646.0
2026-03-12,T_SGRWO-4,Seagreen Wind Energy Limited,437.5,468.0
2026-03-12,T_SGRWO-5,Seagreen Wind Energy Limited,698.5,747.0
2026-03-12,T_SGRWO-6,Seagreen Wind Energy Limited,257.1,275.0
2026-03-12,T_STLGW-1,Stronelairg Windfarm Limited,1489.5,134156.0
2026-03-12,T_STLGW-2,Stronelairg Windfarm Limited,1720.8,154990.0
2026-03-12,T_STLGW-3,Stronelairg Windfarm Limited,1524.0,137270.0
2026-03-12,T_STRNW-1,Strathy Wind Farm Limited,1302.7,110363.0
2026-03-12,T_VKNGW-1,Viking Energy Wind Farm LLP,2651.0,28365.0
2026-03-12,T_VKNGW-2,Viking Energy Wind Farm LLP,2339.6,25034.0
2026-03-12,T_VKNGW-3,Viking Energy Wind Farm LLP,2549.9,27284.0
2026-03-12,T_VKNGW-4,Viking Energy Wind Farm LLP,2645.8,28310.0
2026-03-12,T_WISTW-2,BROCKLOCH RIG WINDFARM LTD,776.5,62506.0
2026-03-13,2__PEDGE003,Edgware Energy Limited,582.0,58128.0
2026-03-13,2__PEDGE004,Edgware Energy Limited,201.1,19869.0
2026-03-13,2__PENEC001,Eneco Energy Trade,713.7,62803.0
2026-03-13,2__PENEC002,Eneco Energy Trade,1061.6,95441.0
2026-03-13,2__PSTAT001,Statkraft Markets Gmbh,720.8,61056.0
2026-03-13,C__PSTAT011,Statkraft Markets Gmbh,900.0,61200.0
2026-03-13,E_BABAW-1,Statkraft Markets Gmbh,699.3,57343.0
2026-03-13,E_BETHW-1,SP Renewables (UK) Limited,278.4,24061.0
2026-03-13,E_BNWKW-1,Eneco Energy Trade,321.4,28605.0
2026-03-13,E_CLDRW-1,Vattenfall Energy Trading,220.2,20258.0
2026-03-13,E_GDSTW-1,Mobius Renewables Gen. (GB),79.3,8330.0
2026-03-13,E_GLOFW-1,Glens of Foudland Ltd,48.6,5345.0
2026-03-13,E_HLTWW-1,ScottishPower Energy Retail,382.1,39402.0
2026-03-13,E_MOYEW-1,Eneco Energy Trade,661.0,61474.0
2026-03-13,E_TULWW-1,Eneco Energy Trade,214.3,19074.0
2026-03-13,E_TULWW-2,Eneco Energy Trade,317.9,28292.0
2026-03-13,T_AKGLW-3,AIK2A Sustainable Energy Ltd,1376.2,93581.0
2026-03-13,T_BDCHW-1,RWE Generation UK plc,290.8,27907.0
2026-03-13,T_BEATO-1,Beatrice Offshore Windfarm Ltd,338.7,52537.0
2026-03-13,T_BEATO-2,Beatrice Offshore Windfarm Ltd,0.0,2.0
2026-03-13,T_BEATO-3,Beatrice Offshore Windfarm Ltd,77.4,15189.0
2026-03-13,T_BEINW-1,Beinneun Wind Farm Ltd,683.1,66944.0
2026-03-13,T_BENBW-1,Benbrack Wind Farm Limited,1136.0,9088.0
2026-03-13,T_BHLAW-1,SSE Generation Ltd,1417.8,118071.0
2026-03-13,T_CGTHW-1,Corriegarth Wind Energy LTD,808.3,65226.0
2026-03-13,T_CREAW-1,Creag Riabhach Wind Farm Ltd,1023.6,51178.0
2026-03-13,T_CRMLW-1,EDF Energy Customers Limited,602.9,51852.0
2026-03-13,T_CRYRW-2,Eneco Energy Trade,187.9,15897.0
2026-03-13,T_CRYRW-3,Eneco Energy Trade,257.4,19744.0
2026-03-13,T_DOREW-1,Dorenell Windfarm Limited,1844.8,89312.0
2026-03-13,T_DOREW-2,Dorenell Windfarm Limited,1515.2,72761.0
2026-03-13,T_DUNGW-1,Dunmaglass Wind Farm Limited,1088.2,97717.0
2026-03-13,T_EDINW-1,Vattenfall Wind Power Ltd,289.5,31850.0
2026-03-13,T_FALGW-1,Fallago Rig Wind Farm Limited,748.3,62781.0
2026-03-13,T_FARR-1,Smartestenergy Limited,583.9,53430.0
2026-03-13,T_FARR-2,Smartestenergy Limited,537.7,49202.0
2026-03-13,T_GLNKW-1,EDF Energy Customers Limited,987.2,39881.0
2026-03-13,T_GORDW-1,SSE Generation Ltd,1101.0,93776.0
2026-03-13,T_GORDW-2,SSE Generation Ltd,569.4,4139.0
2026-03-13,T_GRIFW-1,Griffin Wind Farm Ltd,724.9,66870.0
2026-03-13,T_GRIFW-2,Griffin Wind Farm Ltd,582.8,53766.0
2026-03-13,T_HALSW-1,SP Renewables (UK) Limited,555.5,4600.0
2026-03-13,T_KILBW-1,Kilbraur Wind Energy Ltd,580.0,55102.0
2026-03-13,T_LCLTW-1,Eneco Energy Trade,673.9,59980.0
2026-03-13,T_LIMKW-1,Limekiln Extension Ltd,2294.0,91760.0
2026-03-13,T_MOWEO-1,Moray Offshore Wind East Ltd,6614.2,320212.0
2026-03-13,T_MOWEO-2,Moray Offshore Wind East Ltd,6164.5,300298.0
2026-03-13,T_MOWEO-3,Moray Offshore Wind East Ltd,5865.2,284641.0
2026-03-13,T_MOWWO-1,Moray Offshore Wind West Ltd,1099.2,17686.0
2026-03-13,T_MOWWO-2,Moray Offshore Wind West Ltd,976.8,16021.0
2026-03-13,T_MOWWO-3,Moray Offshore Wind West Ltd,129.1,2181.0
2026-03-13,T_MOWWO-4,Moray Offshore Wind West Ltd,359.5,13176.0
2026-03-13,T_NOKYW-1,North Kyle Wind farm Ltd,668.3,18377.0
2026-03-13,T_NOKYW-2,North Kyle Wind farm Ltd,408.0,11220.0
2026-03-13,T_SGRWO-1,Seagreen Wind Energy Limited,2676.8,2864.0
2026-03-13,T_SGRWO-3,Seagreen Wind Energy Limited,1953.9,2091.0
2026-03-13,T_SGRWO-4,Seagreen Wind Energy Limited,133.5,143.0
2026-03-13,T_SGRWO-6,Seagreen Wind Energy Limited,739.2,791.0
2026-03-13,T_STLGW-1,Stronelairg Windfarm Limited,929.4,83708.0
2026-03-13,T_STLGW-2,Stronelairg Windfarm Limited,1152.8,103831.0
2026-03-13,T_STLGW-3,Stronelairg Windfarm Limited,1161.1,104580.0
2026-03-13,T_STRNW-1,Strathy Wind Farm Limited,1011.4,85690.0
2026-03-13,T_VKNGW-1,Viking Energy Wind Farm LLP,2222.7,23781.0
2026-03-13,T_VKNGW-2,Viking Energy Wind Farm LLP,2026.5,21683.0
2026-03-13,T_VKNGW-3,Viking Energy Wind Farm LLP,2125.6,22743.0
2026-03-13,T_VKNGW-4,Viking Energy Wind Farm LLP,2174.0,23261.0
2026-03-14,T_BENBW-1,Benbrack Wind Farm Limited,0.7,6.0
2026-03-14,T_BHLAW-1,SSE Generation Ltd,54.6,4549.0
2026-03-14,T_CREAW-1,Creag Riabhach Wind Farm Ltd,26.3,1315.0
2026-03-14,T_DOREW-1,Dorenell Windfarm Limited,552.9,10957.0
2026-03-14,T_DOREW-2,Dorenell Windfarm Limited,437.9,8992.0
2026-03-14,T_GLNKW-1,EDF Energy Customers Limited,49.4,1997.0
2026-03-14,T_GORDW-2,SSE Generation Ltd,176.3,1280.0
2026-03-14,T_HALSW-1,SP Renewables (UK) Limited,36.9,306.0
2026-03-14,T_LIMKW-1,Limekiln Extension Ltd,260.0,10399.0
2026-03-14,T_MOWEO-1,Moray Offshore Wind East Ltd,3558.7,30942.0
2026-03-14,T_MOWEO-2,Moray Offshore Wind East Ltd,3094.5,27070.0
2026-03-14,T_MOWEO-3,Moray Offshore Wind East Ltd,2818.0,21272.0
2026-03-14,T_MOWWO-1,Moray Offshore Wind West Ltd,1689.0,31801.0
2026-03-14,T_MOWWO-2,Moray Offshore Wind West Ltd,1675.6,31191.0
2026-03-14,T_MOWWO-3,Moray Offshore Wind West Ltd,602.3,11151.0
2026-03-14,T_MOWWO-4,Moray Offshore Wind West Ltd,303.0,11105.0
2026-03-14,T_SGRWO-1,Seagreen Wind Energy Limited,10.9,12.0
2026-03-14,T_VKNGW-1,Viking Energy Wind Farm LLP,1263.4,13506.0
2026-03-14,T_VKNGW-2,Viking Energy Wind Farm LLP,1196.3,12789.0
2026-03-14,T_VKNGW-3,Viking Energy Wind Farm LLP,1162.8,12430.0
2026-03-14,T_VKNGW-4,Viking Energy Wind Farm LLP,1141.4,12201.0
2026-03-15,2__PENEC001,Eneco Energy Trade,786.5,69210.0
2026-03-15,2__PENEC002,Eneco Energy Trade,956.4,85982.0
2026-03-15,2__PSTAT001,Statkraft Markets Gmbh,756.4,64064.0
2026-03-15,C__PSTAT011,Statkraft Markets Gmbh,868.4,59052.0
2026-03-15,E_BABAW-1,Statkraft Markets Gmbh,693.6,56875.0
2026-03-15,E_BETHW-1,SP Renewables (UK) Limited,337.8,29203.0
2026-03-15,E_BLARW-1,Erova Energy Limited,92.9,2770.0
2026-03-15,E_BNWKW-1,Eneco Energy Trade,215.0,19134.0
2026-03-15,E_BTUIW-3,SP Renewables (UK) Limited,265.8,1994.0
2026-03-15,E_CLDRW-1,Vattenfall Energy Trading,59.8,5504.0
2026-03-15,E_MOYEW-1,Eneco Energy Trade,330.8,30768.0
2026-03-15,E_TULWW-1,Eneco Energy Trade,113.9,10141.0
2026-03-15,E_TULWW-2,Eneco Energy Trade,168.8,15022.0
2026-03-15,T_AKGLW-3,AIK2A Sustainable Energy Ltd,1174.0,79829.0
2026-03-15,T_BDCHW-1,RWE Generation UK plc,154.8,12197.0
2026-03-15,T_BENBW-1,Benbrack Wind Farm Limited,580.8,4647.0
2026-03-15,T_BHLAW-1,SSE Generation Ltd,1426.1,118755.0
2026-03-15,T_BROCW-1,Smartestenergy Limited,77.8,3034.0
2026-03-15,T_CGTHW-1,Corriegarth Wind Energy LTD,895.7,72283.0
2026-03-15,T_CREAW-1,Creag Riabhach Wind Farm Ltd,1232.5,61623.0
2026-03-15,T_CRMLW-1,EDF Energy Customers Limited,704.4,60579.0
2026-03-15,T_CRYRW-3,Eneco Energy Trade,201.5,15456.0
2026-03-15,T_CUMHW-1,Uniper UK Limited,417.8,9660.0
2026-03-15,T_DOREW-1,Dorenell Windfarm Limited,2029.9,85192.0
2026-03-15,T_DOREW-2,Dorenell Windfarm Limited,1555.1,66352.0
2026-03-15,T_DOUGW-1,Erova Energy Limited,215.2,6455.0
2026-03-15,T_DUNGW-1,Dunmaglass Wind Farm Limited,1235.9,110971.0
2026-03-15,T_EDINW-1,Vattenfall Wind Power Ltd,125.1,13763.0
2026-03-15,T_FALGW-1,Fallago Rig Wind Farm Limited,738.5,61957.0
2026-03-15,T_FARR-1,Smartestenergy Limited,270.9,24786.0
2026-03-15,T_FARR-2,Smartestenergy Limited,246.1,22520.0
2026-03-15,T_GLNKW-1,EDF Energy Customers Limited,1006.8,40675.0
2026-03-15,T_GORDW-1,SSE Generation Ltd,1137.0,96830.0
2026-03-15,T_GORDW-2,SSE Generation Ltd,544.7,3955.0
2026-03-15,T_HALSW-1,SP Renewables (UK) Limited,615.0,5092.0
2026-03-15,T_HOWBO-1,Breesea Limited,137.3,6333.0
2026-03-15,T_HOWBO-2,Sonningmay Wind Limited,178.5,8271.0
2026-03-15,T_HOWBO-3,Soundmark Wind Limited,166.5,7691.0
2026-03-15,T_KENNW-1,Kennoxhead Wind Farm Limited,360.2,11319.0
2026-03-15,T_KYPEW-1,Kype Extension Wind Farm Ltd,374.4,10856.0
2026-03-15,T_LCLTW-1,Eneco Energy Trade,717.9,63894.0
2026-03-15,T_LIMKW-1,Limekiln Extension Ltd,2194.9,87797.0
2026-03-15,T_MIDMW-1,OnPath Energy Limited,96.4,5055.0
2026-03-15,T_MOWEO-1,Moray Offshore Wind East Ltd,6142.0,209428.0
2026-03-15,T_MOWEO-2,Moray Offshore Wind East Ltd,5546.9,184126.0
2026-03-15,T_MOWEO-3,Moray Offshore Wind East Ltd,5454.8,184440.0
2026-03-15,T_MOWWO-1,Moray Offshore Wind West Ltd,3816.4,83179.0
2026-03-15,T_MOWWO-2,Moray Offshore Wind West Ltd,4303.6,94060.0
2026-03-15,T_MOWWO-3,Moray Offshore Wind West Ltd,3125.7,67968.0
2026-03-15,T_MOWWO-4,Moray Offshore Wind West Ltd,5026.1,184208.0
2026-03-15,T_NOKYW-1,North Kyle Wind farm Ltd,1037.4,28529.0
2026-03-15,T_NOKYW-2,North Kyle Wind farm Ltd,1030.8,28347.0
2026-03-15,T_SAKNW-1,Sandy Knowe Wind Farm Ltd,235.2,9410.0
2026-03-15,T_SGRWO-1,Seagreen Wind Energy Limited,5393.7,5771.0
2026-03-15,T_SGRWO-2,Seagreen Wind Energy Limited,1082.8,1159.0
2026-03-15,T_SGRWO-3,Seagreen Wind Energy Limited,2085.5,2232.0
2026-03-15,T_SGRWO-4,Seagreen Wind Energy Limited,1196.6,1280.0
2026-03-15,T_SGRWO-5,Seagreen Wind Energy Limited,1009.8,1080.0
2026-03-15,T_SGRWO-6,Seagreen Wind Energy Limited,6621.6,7085.0
2026-03-15,T_SOKYW-1,South Kyle Wind Farm Limited,408.8,16352.0
2026-03-15,T_STLGW-1,Stronelairg Windfarm Limited,824.1,74223.0
2026-03-15,T_STLGW-2,Stronelairg Windfarm Limited,830.6,74800.0
2026-03-15,T_STLGW-3,Stronelairg Windfarm Limited,696.8,62757.0
2026-03-15,T_STRNW-1,Strathy Wind Farm Limited,919.6,77901.0
2026-03-15,T_TWSHW-1,Twentyshilling Limited,135.3,3895.0
2026-03-15,T_VKNGW-1,Viking Energy Wind Farm LLP,2216.5,23694.0
2026-03-15,T_VKNGW-2,Viking Energy Wind Farm LLP,1989.5,21268.0
2026-03-15,T_VKNGW-3,Viking Energy Wind Farm LLP,2097.8,22426.0
2026-03-15,T_VKNGW-4,Viking Energy Wind Farm LLP,2164.7,23141.0
2026-03-15,T_WDRGW-1,Windy Rig Wind Farm Limited,317.6,9323.0
2026-03-16,2__PENEC001,Eneco Energy Trade,819.5,72116.0
2026-03-16,2__PENEC002,Eneco Energy Trade,855.0,76865.0
2026-03-16,2__PSTAT001,Statkraft Markets Gmbh,807.5,68394.0
2026-03-16,C__PSTAT011,Statkraft Markets Gmbh,938.0,63784.0
2026-03-16,E_BABAW-1,Statkraft Markets Gmbh,592.0,48543.0
2026-03-16,E_BETHW-1,SP Renewables (UK) Limited,226.6,19589.0
2026-03-16,E_BNWKW-1,Eneco Energy Trade,209.6,18651.0
2026-03-16,E_CLDRW-1,Vattenfall Energy Trading,84.8,7803.0
2026-03-16,E_MOYEW-1,Eneco Energy Trade,116.0,10788.0
2026-03-16,E_TULWW-1,Eneco Energy Trade,185.8,16538.0
2026-03-16,E_TULWW-2,Eneco Energy Trade,207.0,18423.0
2026-03-16,T_AKGLW-3,AIK2A Sustainable Energy Ltd,1053.9,71668.0
2026-03-16,T_BDCHW-1,RWE Generation UK plc,149.2,9666.0
2026-03-16,T_BEATO-1,Beatrice Offshore Windfarm Ltd,302.0,26314.0
2026-03-16,T_BEATO-2,Beatrice Offshore Windfarm Ltd,344.5,30912.0
2026-03-16,T_BEATO-4,Beatrice Offshore Windfarm Ltd,361.7,32908.0
2026-03-16,T_BENBW-1,Benbrack Wind Farm Limited,31.6,253.0
2026-03-16,T_BHLAW-1,SSE Generation Ltd,1912.6,159261.0
2026-03-16,T_CGTHW-1,Corriegarth Wind Energy LTD,1205.6,97288.0
2026-03-16,T_CREAW-1,Creag Riabhach Wind Farm Ltd,1361.0,68049.0
2026-03-16,T_CRMLW-1,EDF Energy Customers Limited,762.3,65561.0
2026-03-16,T_CRYRW-3,Eneco Energy Trade,144.0,11047.0
2026-03-16,T_DOREW-1,Dorenell Windfarm Limited,2131.6,98901.0
2026-03-16,T_DOREW-2,Dorenell Windfarm Limited,1288.5,39338.0
2026-03-16,T_DUNGW-1,Dunmaglass Wind Farm Limited,1159.3,104091.0
2026-03-16,T_FARR-1,Smartestenergy Limited,139.0,12718.0
2026-03-16,T_FARR-2,Smartestenergy Limited,132.4,12115.0
2026-03-16,T_GLNKW-1,EDF Energy Customers Limited,1095.3,44251.0
2026-03-16,T_GORDW-1,SSE Generation Ltd,798.8,68025.0
2026-03-16,T_GORDW-2,SSE Generation Ltd,556.1,4038.0
2026-03-16,T_GRGBW-2,Greater Gabbard Offshore Winds,3.9,652.0
2026-03-16,T_GRGBW-3,Greater Gabbard Offshore Winds,6.1,1016.0
2026-03-16,T_HALSW-1,SP Renewables (UK) Limited,609.7,5048.0
2026-03-16,T_KILBW-1,Kilbraur Wind Energy Ltd,85.3,8099.0
2026-03-16,T_LCLTW-1,Eneco Energy Trade,949.5,84503.0
2026-03-16,T_LIMKW-1,Limekiln Extension Ltd,2180.8,87233.0
2026-03-16,T_MOWEO-1,Moray Offshore Wind East Ltd,6435.3,234439.0
2026-03-16,T_MOWEO-2,Moray Offshore Wind East Ltd,5796.9,211877.0
2026-03-16,T_MOWEO-3,Moray Offshore Wind East Ltd,5656.0,206513.0
2026-03-16,T_MOWWO-1,Moray Offshore Wind West Ltd,4030.5,90330.0
2026-03-16,T_MOWWO-2,Moray Offshore Wind West Ltd,4293.5,96391.0
2026-03-16,T_MOWWO-3,Moray Offshore Wind West Ltd,3262.5,72786.0
2026-03-16,T_MOWWO-4,Moray Offshore Wind West Ltd,5421.0,198680.0
2026-03-16,T_NOKYW-1,North Kyle Wind farm Ltd,63.4,1743.0
2026-03-16,T_NOKYW-2,North Kyle Wind farm Ltd,9.5,260.0
2026-03-16,T_SGRWO-1,Seagreen Wind Energy Limited,2478.4,2652.0
2026-03-16,T_SGRWO-2,Seagreen Wind Energy Limited,349.2,374.0
2026-03-16,T_SGRWO-3,Seagreen Wind Energy Limited,249.6,267.0
2026-03-16,T_SGRWO-4,Seagreen Wind Energy Limited,659.3,705.0
2026-03-16,T_SGRWO-5,Seagreen Wind Energy Limited,494.0,529.0
2026-03-16,T_SGRWO-6,Seagreen Wind Energy Limited,6913.9,7398.0
2026-03-16,T_STLGW-1,Stronelairg Windfarm Limited,516.1,46479.0
2026-03-16,T_STLGW-2,Stronelairg Windfarm Limited,447.5,40303.0
2026-03-16,T_STLGW-3,Stronelairg Windfarm Limited,724.7,65263.0
2026-03-16,T_STRNW-1,Strathy Wind Farm Limited,1075.8,91132.0
2026-03-16,T_TWSHW-1,Twentyshilling Limited,36.6,1053.0
2026-03-16,T_VKNGW-1,Viking Energy Wind Farm LLP,2565.8,27429.0
2026-03-16,T_VKNGW-2,Viking Energy Wind Farm LLP,2293.2,24514.0
2026-03-16,T_VKNGW-3,Viking Energy Wind Farm LLP,2469.8,26402.0
2026-03-16,T_VKNGW-4,Viking Energy Wind Farm LLP,2560.0,27367.0
2026-03-17,2__PEDGE003,Edgware Energy Limited,246.3,24603.0
2026-03-17,2__PEDGE004,Edgware Energy Limited,172.7,17056.0
2026-03-17,2__PENEC001,Eneco Energy Trade,984.2,86608.0
2026-03-17,2__PENEC002,Eneco Energy Trade,1319.4,118617.0
2026-03-17,2__PSTAT001,Statkraft Markets Gmbh,713.9,60467.0
2026-03-17,C__PSTAT011,Statkraft Markets Gmbh,938.3,63801.0
2026-03-17,E_BABAW-1,Statkraft Markets Gmbh,597.8,49023.0
2026-03-17,E_BETHW-1,SP Renewables (UK) Limited,393.6,34021.0
2026-03-17,E_BLARW-1,Erova Energy Limited,258.6,7171.0
2026-03-17,E_BNWKW-1,Eneco Energy Trade,401.5,35732.0
2026-03-17,E_BTUIW-3,SP Renewables (UK) Limited,484.5,3634.0
2026-03-17,E_CLDRW-1,Vattenfall Energy Trading,432.8,39814.0
2026-03-17,E_GDSTW-1,Mobius Renewables Gen. (GB),8.6,903.0
2026-03-17,E_HLTWW-1,ScottishPower Energy Retail,138.4,14272.0
2026-03-17,E_MOYEW-1,Eneco Energy Trade,827.6,76962.0
2026-03-17,E_TULWW-1,Eneco Energy Trade,304.7,27119.0
2026-03-17,E_TULWW-2,Eneco Energy Trade,456.1,40596.0
2026-03-17,T_BDCHW-1,RWE Generation UK plc,285.6,26080.0
2026-03-17,T_BEATO-1,Beatrice Offshore Windfarm Ltd,41.9,5839.0
2026-03-17,T_BEATO-2,Beatrice Offshore Windfarm Ltd,44.0,6144.0
2026-03-17,T_BEATO-3,Beatrice Offshore Windfarm Ltd,58.7,8187.0
2026-03-17,T_BEATO-4,Beatrice Offshore Windfarm Ltd,58.8,8202.0
2026-03-17,T_BEINW-1,Beinneun Wind Farm Ltd,958.2,93906.0
2026-03-17,T_BENBW-1,Benbrack Wind Farm Limited,597.7,4781.0
2026-03-17,T_BHLAW-1,SSE Generation Ltd,1593.7,132708.0
2026-03-17,T_BROCW-1,Smartestenergy Limited,232.7,9076.0
2026-03-17,T_CGTHW-1,Corriegarth Wind Energy LTD,1132.6,91401.0
2026-03-17,T_CRDEW-1,EDF Energy Customers Limited,201.5,10881.0
2026-03-17,T_CRDEW-2,EDF Energy Customers Limited,46.3,2502.0
2026-03-17,T_CREAW-1,Creag Riabhach Wind Farm Ltd,1211.2,60559.0
2026-03-17,T_CRMLW-1,EDF Energy Customers Limited,1046.6,90011.0
2026-03-17,T_CUMHW-1,Uniper UK Limited,489.9,11325.0
2026-03-17,T_DOREW-1,Dorenell Windfarm Limited,2118.1,67187.0
2026-03-17,T_DOREW-2,Dorenell Windfarm Limited,1798.7,57111.0
2026-03-17,T_DOUGW-1,Erova Energy Limited,276.7,8302.0
2026-03-17,T_DUNGW-1,Dunmaglass Wind Farm Limited,1482.2,133087.0
2026-03-17,T_FARR-1,Smartestenergy Limited,666.5,60987.0
2026-03-17,T_FARR-2,Smartestenergy Limited,447.1,40913.0
2026-03-17,T_GLNKW-1,EDF Energy Customers Limited,1072.5,43329.0
2026-03-17,T_GORDW-1,SSE Generation Ltd,1172.3,99832.0
2026-03-17,T_GORDW-2,SSE Generation Ltd,687.5,4991.0
2026-03-17,T_GRGBW-2,Greater Gabbard Offshore Winds,1.6,261.0
2026-03-17,T_GRGBW-3,Greater Gabbard Offshore Winds,2.5,407.0
2026-03-17,T_HALSW-1,SP Renewables (UK) Limited,599.9,4967.0
2026-03-17,T_KENNW-1,Kennoxhead Wind Farm Limited,406.6,12775.0
2026-03-17,T_KILBW-1,Kilbraur Wind Energy Ltd,468.2,44479.0
2026-03-17,T_KPMRW-1,OnPath Energy Limited,322.7,8796.0
2026-03-17,T_KYPEW-1,Kype Extension Wind Farm Ltd,508.7,14751.0
2026-03-17,T_LCLTW-1,Eneco Energy Trade,878.8,78216.0
2026-03-17,T_LIMKW-1,Limekiln Extension Ltd,2097.6,83903.0
2026-03-17,T_MIDMW-1,OnPath Energy Limited,121.8,6297.0
2026-03-17,T_MOWEO-1,Moray Offshore Wind East Ltd,6310.6,157532.0
2026-03-17,T_MOWEO-2,Moray Offshore Wind East Ltd,5783.1,145621.0
2026-03-17,T_MOWEO-3,Moray Offshore Wind East Ltd,5631.0,140457.0
2026-03-17,T_MOWWO-1,Moray Offshore Wind West Ltd,4082.0,85332.0
2026-03-17,T_MOWWO-2,Moray Offshore Wind West Ltd,4298.7,90033.0
2026-03-17,T_MOWWO-3,Moray Offshore Wind West Ltd,3281.2,68569.0
2026-03-17,T_MOWWO-4,Moray Offshore Wind West Ltd,5446.7,199622.0
2026-03-17,T_NOKYW-1,North Kyle Wind farm Ltd,1294.6,35600.0
2026-03-17,T_NOKYW-2,North Kyle Wind farm Ltd,1942.0,53406.0
2026-03-17,T_SAKNW-1,Sandy Knowe Wind Farm Ltd,31.9,1278.0
2026-03-17,T_SGRWO-1,Seagreen Wind Energy Limited,5522.4,3369.0
2026-03-17,T_SGRWO-2,Seagreen Wind Energy Limited,1071.1,653.0
2026-03-17,T_SGRWO-3,Seagreen Wind Energy Limited,2931.7,1788.0
2026-03-17,T_SGRWO-4,Seagreen Wind Energy Limited,2583.1,1576.0
2026-03-17,T_SGRWO-5,Seagreen Wind Energy Limited,1462.6,892.0
2026-03-17,T_SGRWO-6,Seagreen Wind Energy Limited,7968.5,4861.0
2026-03-17,T_SOKYW-1,South Kyle Wind Farm Limited,1940.1,77606.0
2026-03-17,T_STLGW-1,Stronelairg Windfarm Limited,1052.6,94796.0
2026-03-17,T_STLGW-2,Stronelairg Windfarm Limited,1043.4,93966.0
2026-03-17,T_STLGW-3,Stronelairg Windfarm Limited,1322.9,119143.0
2026-03-17,T_STRNW-1,Strathy Wind Farm Limited,837.3,70925.0
2026-03-17,T_TWSHW-1,Twentyshilling Limited,392.8,11310.0
2026-03-17,T_VKNGW-1,Viking Energy Wind Farm LLP,2599.3,27786.0
2026-03-17,T_VKNGW-2,Viking Energy Wind Farm LLP,2364.5,25276.0
2026-03-17,T_VKNGW-3,Viking Energy Wind Farm LLP,2514.8,26883.0
2026-03-17,T_VKNGW-4,Viking Energy Wind Farm LLP,2611.0,27912.0
2026-03-17,T_WDRGW-1,Windy Rig Wind Farm Limited,571.4,16772.0
2026-03-18,2__PENEC001,Eneco Energy Trade,101.9,8964.0
2026-03-18,2__PENEC002,Eneco Energy Trade,104.3,9372.0
2026-03-18,2__PSTAT001,Statkraft Markets Gmbh,95.3,8071.0
2026-03-18,C__PSTAT011,Statkraft Markets Gmbh,183.7,12492.0
2026-03-18,E_BABAW-1,Statkraft Markets Gmbh,98.8,8099.0
2026-03-18,E_BETHW-1,SP Renewables (UK) Limited,40.1,3463.0
2026-03-18,E_BLARW-1,Erova Energy Limited,5.4,149.0
2026-03-18,E_BNWKW-1,Eneco Energy Trade,53.0,4716.0
2026-03-18,E_BTUIW-3,SP Renewables (UK) Limited,19.4,145.0
2026-03-18,E_TULWW-1,Eneco Energy Trade,27.3,2432.0
2026-03-18,E_TULWW-2,Eneco Energy Trade,41.5,3691.0
2026-03-18,T_BDCHW-1,RWE Generation UK plc,38.8,3320.0
2026-03-18,T_BENBW-1,Benbrack Wind Farm Limited,12.3,99.0
2026-03-18,T_BHLAW-1,SSE Generation Ltd,223.7,18630.0
2026-03-18,T_BROCW-1,Smartestenergy Limited,16.5,644.0
2026-03-18,T_CGTHW-1,Corriegarth Wind Energy LTD,136.9,11047.0
2026-03-18,T_CRDEW-1,EDF Energy Customers Limited,20.8,1124.0
2026-03-18,T_CREAW-1,Creag Riabhach Wind Farm Ltd,256.4,12822.0
2026-03-18,T_CRMLW-1,EDF Energy Customers Limited,91.6,7875.0
2026-03-18,T_CUMHW-1,Uniper UK Limited,18.1,418.0
2026-03-18,T_DOREW-1,Dorenell Windfarm Limited,290.9,6004.0
2026-03-18,T_DOREW-2,Dorenell Windfarm Limited,231.8,5188.0
2026-03-18,T_DOUGW-1,Erova Energy Limited,11.9,356.0
2026-03-18,T_DUNGW-1,Dunmaglass Wind Farm Limited,267.5,24014.0
2026-03-18,T_GLNKW-1,EDF Energy Customers Limited,189.6,7661.0
2026-03-18,T_GORDW-1,SSE Generation Ltd,143.2,12195.0
2026-03-18,T_GORDW-2,SSE Generation Ltd,130.1,945.0
2026-03-18,T_HALSW-1,SP Renewables (UK) Limited,159.6,1321.0
2026-03-18,T_KENNW-1,Kennoxhead Wind Farm Limited,36.0,1130.0
2026-03-18,T_KYPEW-1,Kype Extension Wind Farm Ltd,55.6,1613.0
2026-03-18,T_LCLTW-1,Eneco Energy Trade,189.0,16818.0
2026-03-18,T_LIMKW-1,Limekiln Extension Ltd,480.5,19220.0
2026-03-18,T_MIDMW-1,OnPath Energy Limited,24.9,1456.0
2026-03-18,T_MOWEO-1,Moray Offshore Wind East Ltd,2120.7,26656.0
2026-03-18,T_MOWEO-2,Moray Offshore Wind East Ltd,2014.7,24368.0
2026-03-18,T_MOWEO-3,Moray Offshore Wind East Ltd,1555.1,22381.0
2026-03-18,T_MOWWO-1,Moray Offshore Wind West Ltd,1229.9,23556.0
2026-03-18,T_MOWWO-2,Moray Offshore Wind West Ltd,1587.7,29177.0
2026-03-18,T_MOWWO-3,Moray Offshore Wind West Ltd,924.2,18044.0
2026-03-18,T_MOWWO-4,Moray Offshore Wind West Ltd,1419.0,52005.0
2026-03-18,T_NOKYW-1,North Kyle Wind farm Ltd,50.5,1390.0
2026-03-18,T_NOKYW-2,North Kyle Wind farm Ltd,50.4,1386.0
2026-03-18,T_SGRWO-1,Seagreen Wind Energy Limited,1480.8,903.0
2026-03-18,T_SGRWO-2,Seagreen Wind Energy Limited,293.8,179.0
2026-03-18,T_SGRWO-3,Seagreen Wind Energy Limited,809.1,494.0
2026-03-18,T_SGRWO-4,Seagreen Wind Energy Limited,606.3,370.0
2026-03-18,T_SGRWO-5,Seagreen Wind Energy Limited,376.8,230.0
2026-03-18,T_SGRWO-6,Seagreen Wind Energy Limited,1816.3,1108.0
2026-03-18,T_SOKYW-1,South Kyle Wind Farm Limited,50.0,2000.0
2026-03-18,T_STLGW-1,Stronelairg Windfarm Limited,167.1,15051.0
2026-03-18,T_STLGW-2,Stronelairg Windfarm Limited,179.1,16127.0
2026-03-18,T_STLGW-3,Stronelairg Windfarm Limited,0.5,44.0
2026-03-18,T_STRNW-1,Strathy Wind Farm Limited,216.7,18352.0
2026-03-18,T_TWSHW-1,Twentyshilling Limited,17.4,501.0
2026-03-18,T_VKNGW-1,Viking Energy Wind Farm LLP,1079.4,11539.0
2026-03-18,T_VKNGW-2,Viking Energy Wind Farm LLP,953.2,10190.0
2026-03-18,T_VKNGW-3,Viking Energy Wind Farm LLP,1057.7,11306.0
2026-03-18,T_VKNGW-4,Viking Energy Wind Farm LLP,763.0,8157.0
2026-03-18,T_WDRGW-1,Windy Rig Wind Farm Limited,25.1,737.0
2026-03-20,2__PENEC001,Eneco Energy Trade,43.9,3860.0
2026-03-20,2__PENEC002,Eneco Energy Trade,48.9,4396.0
2026-03-20,2__PSTAT001,Statkraft Markets Gmbh,75.2,6371.0
2026-03-20,C__PSTAT011,Statkraft Markets Gmbh,245.3,16680.0
2026-03-20,E_MOYEW-1,Eneco Energy Trade,17.6,1632.0
2026-03-20,T_BDCHW-1,RWE Generation UK plc,64.4,2656.0
2026-03-20,T_BEATO-2,Beatrice Offshore Windfarm Ltd,25.1,744.0
2026-03-20,T_BEATO-3,Beatrice Offshore Windfarm Ltd,49.5,4253.0
2026-03-20,T_BEATO-4,Beatrice Offshore Windfarm Ltd,106.1,7370.0
2026-03-20,T_BHLAW-1,SSE Generation Ltd,340.5,28357.0
2026-03-20,T_CGTHW-1,Corriegarth Wind Energy LTD,55.1,4445.0
2026-03-20,T_CREAW-1,Creag Riabhach Wind Farm Ltd,478.7,23935.0
2026-03-20,T_CRMLW-1,EDF Energy Customers Limited,166.9,14351.0
2026-03-20,T_DOREW-1,Dorenell Windfarm Limited,460.1,720.0
2026-03-20,T_DOREW-2,Dorenell Windfarm Limited,347.9,648.0
2026-03-20,T_DUNGW-1,Dunmaglass Wind Farm Limited,338.9,30427.0
2026-03-20,T_FARR-1,Smartestenergy Limited,36.3,3325.0
2026-03-20,T_FARR-2,Smartestenergy Limited,29.2,2676.0
2026-03-20,T_GLNKW-1,EDF Energy Customers Limited,162.4,6560.0
2026-03-20,T_GORDW-1,SSE Generation Ltd,140.9,12002.0
2026-03-20,T_GORDW-2,SSE Generation Ltd,48.6,353.0
2026-03-20,T_HALSW-1,SP Renewables (UK) Limited,49.6,411.0
2026-03-20,T_LCLTW-1,Eneco Energy Trade,154.5,13748.0
2026-03-20,T_LIMKW-1,Limekiln Extension Ltd,634.9,25398.0
2026-03-20,T_MOWEO-1,Moray Offshore Wind East Ltd,3011.8,490.0
2026-03-20,T_MOWEO-2,Moray Offshore Wind East Ltd,2565.2,460.0
2026-03-20,T_MOWEO-3,Moray Offshore Wind East Ltd,2638.5,436.0
2026-03-20,T_MOWWO-1,Moray Offshore Wind West Ltd,1220.7,15834.0
2026-03-20,T_MOWWO-2,Moray Offshore Wind West Ltd,1459.0,19075.0
2026-03-20,T_MOWWO-3,Moray Offshore Wind West Ltd,993.9,13166.0
2026-03-20,T_MOWWO-4,Moray Offshore Wind West Ltd,1511.5,55398.0
2026-03-20,T_STLGW-1,Stronelairg Windfarm Limited,197.0,17739.0
2026-03-20,T_STLGW-2,Stronelairg Windfarm Limited,85.4,7689.0
2026-03-20,T_STLGW-3,Stronelairg Windfarm Limited,72.0,6488.0
2026-03-20,T_STRNW-1,Strathy Wind Farm Limited,109.1,9242.0
2026-03-20,T_VKNGW-1,Viking Energy Wind Farm LLP,1404.2,15007.0
2026-03-20,T_VKNGW-2,Viking Energy Wind Farm LLP,1288.1,13767.0
2026-03-20,T_VKNGW-3,Viking Energy Wind Farm LLP,1470.1,15713.0
2026-03-20,T_VKNGW-4,Viking Energy Wind Farm LLP,1419.1,15169.0
2026-03-21,T_CREAW-1,Creag Riabhach Wind Farm Ltd,90.4,4519.0
2026-03-21,T_DOREW-1,Dorenell Windfarm Limited,136.8,329.0
2026-03-21,T_DOREW-2,Dorenell Windfarm Limited,111.8,293.0
2026-03-21,T_GLNKW-1,EDF Energy Customers Limited,52.3,2111.0
2026-03-21,T_GORDW-2,SSE Generation Ltd,48.6,350.0
2026-03-21,T_HALSW-1,SP Renewables (UK) Limited,74.9,620.0
2026-03-21,T_LIMKW-1,Limekiln Extension Ltd,94.0,3762.0
2026-03-21,T_MOWEO-1,Moray Offshore Wind East Ltd,889.9,0.0
2026-03-21,T_MOWEO-2,Moray Offshore Wind East Ltd,754.5,0.0
2026-03-21,T_MOWEO-3,Moray Offshore Wind East Ltd,811.6,0.0
2026-03-21,T_MOWWO-1,Moray Offshore Wind West Ltd,467.0,7386.0
2026-03-21,T_MOWWO-2,Moray Offshore Wind West Ltd,510.1,7865.0
2026-03-21,T_MOWWO-3,Moray Offshore Wind West Ltd,266.9,4210.0
2026-03-21,T_MOWWO-4,Moray Offshore Wind West Ltd,410.0,15025.0
2026-03-21,T_VKNGW-1,Viking Energy Wind Farm LLP,253.5,2697.0
2026-03-21,T_VKNGW-2,Viking Energy Wind Farm LLP,222.0,2362.0
2026-03-21,T_VKNGW-3,Viking Energy Wind Farm LLP,205.0,2181.0
2026-03-21,T_VKNGW-4,Viking Energy Wind Farm LLP,226.5,2410.0
2026-03-22,2__PSTAT001,Statkraft Markets Gmbh,119.1,10085.0
2026-03-22,C__PSTAT011,Statkraft Markets Gmbh,479.4,32596.0
2026-03-22,E_BABAW-1,Statkraft Markets Gmbh,182.4,14960.0
2026-03-22,T_BDCHW-1,RWE Generation UK plc,274.4,18151.0
2026-03-22,T_BHLAW-1,SSE Generation Ltd,408.5,33994.0
2026-03-22,T_CGTHW-1,Corriegarth Wind Energy LTD,272.9,22020.0
2026-03-22,T_CREAW-1,Creag Riabhach Wind Farm Ltd,1072.5,53626.0
2026-03-22,T_CRMLW-1,EDF Energy Customers Limited,132.1,11364.0
2026-03-22,T_DOREW-1,Dorenell Windfarm Limited,1251.1,13318.0
2026-03-22,T_DOREW-2,Dorenell Windfarm Limited,949.2,9922.0
2026-03-22,T_GLNKW-1,EDF Energy Customers Limited,527.4,21307.0
2026-03-22,T_GORDW-1,SSE Generation Ltd,285.8,24324.0
2026-03-22,T_GORDW-2,SSE Generation Ltd,568.9,4102.0
2026-03-22,T_HALSW-1,SP Renewables (UK) Limited,524.4,4342.0
2026-03-22,T_LIMKW-1,Limekiln Extension Ltd,1497.5,59899.0
2026-03-22,T_MOWEO-1,Moray Offshore Wind East Ltd,5829.1,9480.0
2026-03-22,T_MOWEO-2,Moray Offshore Wind East Ltd,4936.1,8250.0
2026-03-22,T_MOWEO-3,Moray Offshore Wind East Ltd,5130.3,8326.0
2026-03-22,T_MOWWO-1,Moray Offshore Wind West Ltd,2747.0,47224.0
2026-03-22,T_MOWWO-2,Moray Offshore Wind West Ltd,3236.3,55850.0
2026-03-22,T_MOWWO-3,Moray Offshore Wind West Ltd,2365.8,40983.0
2026-03-22,T_MOWWO-4,Moray Offshore Wind West Ltd,3895.2,142758.0
2026-03-22,T_SGRWO-1,Seagreen Wind Energy Limited,250.5,153.0
2026-03-22,T_SGRWO-6,Seagreen Wind Energy Limited,106.3,65.0
2026-03-22,T_STRNW-1,Strathy Wind Farm Limited,259.6,21976.0
2026-03-22,T_VKNGW-1,Viking Energy Wind Farm LLP,2336.2,24857.0
2026-03-22,T_VKNGW-2,Viking Energy Wind Farm LLP,1894.1,20154.0
2026-03-22,T_VKNGW-3,Viking Energy Wind Farm LLP,2148.8,22863.0
2026-03-22,T_VKNGW-4,Viking Energy Wind Farm LLP,2196.3,23369.0
2026-03-23,2__PSTAT001,Statkraft Markets Gmbh,241.6,20466.0
2026-03-23,C__PSTAT011,Statkraft Markets Gmbh,423.8,28819.0
2026-03-23,E_BABAW-1,Statkraft Markets Gmbh,56.8,4658.0
2026-03-23,E_BLARW-1,Erova Energy Limited,181.0,5019.0
2026-03-23,E_BTUIW-3,SP Renewables (UK) Limited,377.4,2831.0
2026-03-23,E_GRGRW-1,Evolve Energy Supply Limited,49.2,3444.0
2026-03-23,E_HRHLW-1,SP Renewables (UK) Limited,12.8,996.0
2026-03-23,T_AKGLW-3,AIK2A Sustainable Energy Ltd,168.1,11429.0
2026-03-23,T_BDCHW-1,RWE Generation UK plc,43.8,2870.0
2026-03-23,T_BEATO-1,Beatrice Offshore Windfarm Ltd,474.8,42128.0
2026-03-23,T_BENBW-1,Benbrack Wind Farm Limited,515.1,4121.0
2026-03-23,T_BHLAW-1,SSE Generation Ltd,172.8,14380.0
2026-03-23,T_BLLA-2,SP Renewables (UK) Limited,27.2,2116.0
2026-03-23,T_BROCW-1,Smartestenergy Limited,254.3,9916.0
2026-03-23,T_CGTHW-1,Corriegarth Wind Energy LTD,372.3,30042.0
2026-03-23,T_CRDEW-1,EDF Energy Customers Limited,51.8,2798.0
2026-03-23,T_CRDEW-2,EDF Energy Customers Limited,51.8,2798.0
2026-03-23,T_CREAW-1,Creag Riabhach Wind Farm Ltd,787.8,39389.0
2026-03-23,T_CRGHW-1,Statkraft Markets Gmbh,41.0,3160.0
2026-03-23,T_CRMLW-1,EDF Energy Customers Limited,186.1,16008.0
2026-03-23,T_CRYRW-3,Eneco Energy Trade,13.8,1056.0
2026-03-23,T_CUMHW-1,Uniper UK Limited,190.1,4395.0
2026-03-23,T_DOREW-1,Dorenell Windfarm Limited,954.9,13765.0
2026-03-23,T_DOREW-2,Dorenell Windfarm Limited,823.3,12110.0
2026-03-23,T_DOUGW-1,Erova Energy Limited,251.4,7542.0
2026-03-23,T_DRSLW-1,SP Renewables (UK) Limited,33.9,2637.0
2026-03-23,T_EWHLW-1,SP Renewables (UK) Limited,18.1,1411.0
2026-03-23,T_GLNKW-1,EDF Energy Customers Limited,553.7,22369.0
2026-03-23,T_GORDW-1,SSE Generation Ltd,257.1,21880.0
2026-03-23,T_GORDW-2,SSE Generation Ltd,435.3,3138.0
2026-03-23,T_HALSW-1,SP Renewables (UK) Limited,360.3,2983.0
2026-03-23,T_KENNW-1,Kennoxhead Wind Farm Limited,366.7,11521.0
2026-03-23,T_KPMRW-1,OnPath Energy Limited,611.9,16465.0
2026-03-23,T_KYPEW-1,Kype Extension Wind Farm Ltd,325.4,9435.0
2026-03-23,T_LIMKW-1,Limekiln Extension Ltd,1168.3,46732.0
2026-03-23,T_MIDMW-1,OnPath Energy Limited,350.2,9112.0
2026-03-23,T_MOWEO-1,Moray Offshore Wind East Ltd,3181.2,21031.0
2026-03-23,T_MOWEO-2,Moray Offshore Wind East Ltd,3064.1,20061.0
2026-03-23,T_MOWEO-3,Moray Offshore Wind East Ltd,2912.3,19408.0
2026-03-23,T_MOWWO-1,Moray Offshore Wind West Ltd,1788.6,29848.0
2026-03-23,T_MOWWO-2,Moray Offshore Wind West Ltd,1902.7,31623.0
2026-03-23,T_MOWWO-3,Moray Offshore Wind West Ltd,1356.5,22359.0
2026-03-23,T_MOWWO-4,Moray Offshore Wind West Ltd,2400.7,87987.0
2026-03-23,T_MYGPW-1,Minnygap Energy Limited,24.0,1826.0
2026-03-23,T_NOKYW-1,North Kyle Wind farm Ltd,912.4,25092.0
2026-03-23,T_NOKYW-2,North Kyle Wind farm Ltd,845.8,23261.0
2026-03-23,T_SAKNW-1,Sandy Knowe Wind Farm Ltd,556.1,22246.0
2026-03-23,T_SGRWO-1,Seagreen Wind Energy Limited,1718.9,1049.0
2026-03-23,T_SGRWO-2,Seagreen Wind Energy Limited,539.7,329.0
2026-03-23,T_SGRWO-3,Seagreen Wind Energy Limited,1256.1,766.0
2026-03-23,T_SGRWO-4,Seagreen Wind Energy Limited,803.9,490.0
2026-03-23,T_SGRWO-5,Seagreen Wind Energy Limited,617.0,376.0
2026-03-23,T_SGRWO-6,Seagreen Wind Energy Limited,2830.0,1726.0
2026-03-23,T_SOKYW-1,South Kyle Wind Farm Limited,1229.2,49168.0
2026-03-23,T_STRNW-1,Strathy Wind Farm Limited,450.3,38121.0
2026-03-23,T_TWSHW-1,Twentyshilling Limited,284.6,8194.0
2026-03-23,T_VKNGW-1,Viking Energy Wind Farm LLP,1397.4,14868.0
2026-03-23,T_VKNGW-2,Viking Energy Wind Farm LLP,1223.1,13014.0
2026-03-23,T_VKNGW-3,Viking Energy Wind Farm LLP,1291.1,13737.0
2026-03-23,T_VKNGW-4,Viking Energy Wind Farm LLP,1209.2,12866.0
2026-03-23,T_WDRGW-1,Windy Rig Wind Farm Limited,318.8,9358.0
2026-03-23,T_WISTW-2,BROCKLOCH RIG WINDFARM LTD,38.3,3080.0
2026-03-24,2__PEDGE003,Edgware Energy Limited,32.6,3259.0
2026-03-24,2__PEDGE004,Edgware Energy Limited,15.2,1502.0
2026-03-24,2__PENEC001,Eneco Energy Trade,617.6,54347.0
2026-03-24,2__PSTAT001,Statkraft Markets Gmbh,584.2,49486.0
2026-03-24,C__PSTAT011,Statkraft Markets Gmbh,628.5,42736.0
2026-03-24,E_BABAW-1,Statkraft Markets Gmbh,630.2,51679.0
2026-03-24,E_BETHW-1,SP Renewables (UK) Limited,28.0,2422.0
2026-03-24,E_BLARW-1,Erova Energy Limited,176.1,6452.0
2026-03-24,E_BTUIW-2,SP Renewables (UK) Limited,13.9,1199.0
2026-03-24,E_BTUIW-3,SP Renewables (UK) Limited,434.3,3257.0
2026-03-24,E_CLDRW-1,Vattenfall Energy Trading,33.5,3086.0
2026-03-24,E_GRGRW-1,Evolve Energy Supply Limited,55.3,3873.0
2026-03-24,E_HLTWW-1,ScottishPower Energy Retail,19.4,2001.0
2026-03-24,E_MOYEW-1,Eneco Energy Trade,25.2,2341.0
2026-03-24,E_TULWW-1,Eneco Energy Trade,150.7,13410.0
2026-03-24,E_TULWW-2,Eneco Energy Trade,246.7,21953.0
2026-03-24,T_AKGLW-3,AIK2A Sustainable Energy Ltd,48.3,3281.0
2026-03-24,T_BEINW-1,Beinneun Wind Farm Ltd,44.2,4331.0
2026-03-24,T_BENBW-1,Benbrack Wind Farm Limited,388.8,3111.0
2026-03-24,T_BHLAW-1,SSE Generation Ltd,1202.9,100106.0
2026-03-24,T_BROCW-1,Smartestenergy Limited,180.7,7047.0
2026-03-24,T_CGTHW-1,Corriegarth Wind Energy LTD,785.2,63369.0
2026-03-24,T_CRDEW-1,EDF Energy Customers Limited,91.1,4922.0
2026-03-24,T_CRDEW-2,EDF Energy Customers Limited,94.4,5097.0
2026-03-24,T_CREAW-1,Creag Riabhach Wind Farm Ltd,1133.7,56685.0
2026-03-24,T_CRMLW-1,EDF Energy Customers Limited,538.5,46309.0
2026-03-24,T_CUMHW-1,Uniper UK Limited,282.4,6530.0
2026-03-24,T_DOREW-1,Dorenell Windfarm Limited,1190.1,60402.0
2026-03-24,T_DOREW-2,Dorenell Windfarm Limited,988.5,51611.0
2026-03-24,T_DOUGW-1,Erova Energy Limited,230.2,6906.0
2026-03-24,T_DUNGW-1,Dunmaglass Wind Farm Limited,763.7,68528.0
2026-03-24,T_GLNKW-1,EDF Energy Customers Limited,715.6,28911.0
2026-03-24,T_GORDW-1,SSE Generation Ltd,677.6,57667.0
2026-03-24,T_GORDW-2,SSE Generation Ltd,662.1,4774.0
2026-03-24,T_HALSW-1,SP Renewables (UK) Limited,576.8,4776.0
2026-03-24,T_KENNW-1,Kennoxhead Wind Farm Limited,307.8,9670.0
2026-03-24,T_KILBW-1,Kilbraur Wind Energy Ltd,32.8,3111.0
2026-03-24,T_KPMRW-1,OnPath Energy Limited,3.5,252.0
2026-03-24,T_KYPEW-1,Kype Extension Wind Farm Ltd,324.9,9423.0
2026-03-24,T_LCLTW-1,Eneco Energy Trade,605.8,53919.0
2026-03-24,T_LIMKW-1,Limekiln Extension Ltd,1816.5,72661.0
2026-03-24,T_MOWEO-1,Moray Offshore Wind East Ltd,5384.4,225819.0
2026-03-24,T_MOWEO-2,Moray Offshore Wind East Ltd,4952.9,197243.0
2026-03-24,T_MOWEO-3,Moray Offshore Wind East Ltd,5108.8,211577.0
2026-03-24,T_MOWWO-1,Moray Offshore Wind West Ltd,3625.2,88017.0
2026-03-24,T_MOWWO-2,Moray Offshore Wind West Ltd,4285.9,100992.0
2026-03-24,T_MOWWO-3,Moray Offshore Wind West Ltd,3049.1,71764.0
2026-03-24,T_MOWWO-4,Moray Offshore Wind West Ltd,4476.6,164067.0
2026-03-24,T_NOKYW-1,North Kyle Wind farm Ltd,625.4,17199.0
2026-03-24,T_NOKYW-2,North Kyle Wind farm Ltd,634.5,17448.0
2026-03-24,T_SAKNW-1,Sandy Knowe Wind Farm Ltd,472.5,18899.0
2026-03-24,T_SGRWO-1,Seagreen Wind Energy Limited,3864.2,3401.0
2026-03-24,T_SGRWO-2,Seagreen Wind Energy Limited,936.1,824.0
2026-03-24,T_SGRWO-3,Seagreen Wind Energy Limited,2229.3,1962.0
2026-03-24,T_SGRWO-4,Seagreen Wind Energy Limited,1197.1,1053.0
2026-03-24,T_SGRWO-5,Seagreen Wind Energy Limited,1054.9,928.0
2026-03-24,T_SGRWO-6,Seagreen Wind Energy Limited,4597.7,4046.0
2026-03-24,T_SOKYW-1,South Kyle Wind Farm Limited,778.5,31141.0
2026-03-24,T_STLGW-1,Stronelairg Windfarm Limited,255.1,22959.0
2026-03-24,T_STLGW-2,Stronelairg Windfarm Limited,197.2,17752.0
2026-03-24,T_STLGW-3,Stronelairg Windfarm Limited,146.6,13194.0
2026-03-24,T_STRNW-1,Strathy Wind Farm Limited,615.2,52087.0
2026-03-24,T_TWSHW-1,Twentyshilling Limited,232.0,6679.0
2026-03-24,T_VKNGW-1,Viking Energy Wind Farm LLP,2415.4,25700.0
2026-03-24,T_VKNGW-2,Viking Energy Wind Farm LLP,1949.8,20746.0
2026-03-24,T_VKNGW-3,Viking Energy Wind Farm LLP,2141.8,22789.0
2026-03-24,T_VKNGW-4,Viking Energy Wind Farm LLP,2461.6,26191.0
2026-03-24,T_WDRGW-1,Windy Rig Wind Farm Limited,238.3,6995.0
2026-03-25,2__PEDGE003,Edgware Energy Limited,3.1,314.0
2026-03-25,2__PEDGE004,Edgware Energy Limited,0.6,63.0
2026-03-25,2__PENEC001,Eneco Energy Trade,334.5,29432.0
2026-03-25,2__PENEC002,Eneco Energy Trade,244.3,21961.0
2026-03-25,2__PSTAT001,Statkraft Markets Gmbh,404.0,34221.0
2026-03-25,C__PSTAT011,Statkraft Markets Gmbh,750.5,51036.0
2026-03-25,E_BABAW-1,Statkraft Markets Gmbh,689.4,56530.0
2026-03-25,E_BETHW-1,SP Renewables (UK) Limited,363.6,31429.0
2026-03-25,E_BLARW-1,Erova Energy Limited,53.7,4002.0
2026-03-25,E_BTUIW-3,SP Renewables (UK) Limited,187.0,1402.0
2026-03-25,E_CLDRW-1,Vattenfall Energy Trading,212.2,19522.0
2026-03-25,E_GRGRW-1,Evolve Energy Supply Limited,41.3,2892.0
2026-03-25,E_HLTWW-1,ScottishPower Energy Retail,1.3,130.0
2026-03-25,E_MOYEW-1,Eneco Energy Trade,153.8,14303.0
2026-03-25,E_TULWW-1,Eneco Energy Trade,172.4,15346.0
2026-03-25,E_TULWW-2,Eneco Energy Trade,236.5,21050.0
2026-03-25,T_AKGLW-3,AIK2A Sustainable Energy Ltd,53.8,3656.0
2026-03-25,T_BEINW-1,Beinneun Wind Farm Ltd,30.8,3022.0
2026-03-25,T_BENBW-1,Benbrack Wind Farm Limited,118.5,948.0
2026-03-25,T_BHLAW-1,SSE Generation Ltd,673.9,56078.0
2026-03-25,T_CGTHW-1,Corriegarth Wind Energy LTD,142.2,11473.0
2026-03-25,T_CREAW-1,Creag Riabhach Wind Farm Ltd,924.4,46220.0
2026-03-25,T_CRGHW-1,Statkraft Markets Gmbh,20.4,1573.0
2026-03-25,T_CRMLW-1,EDF Energy Customers Limited,661.1,56852.0
2026-03-25,T_DUNGW-1,Dunmaglass Wind Farm Limited,1152.8,103441.0
2026-03-25,T_FARR-1,Smartestenergy Limited,41.9,3838.0
2026-03-25,T_FARR-2,Smartestenergy Limited,29.3,2685.0
2026-03-25,T_GLNKW-1,EDF Energy Customers Limited,553.1,22347.0
2026-03-25,T_GORDW-1,SSE Generation Ltd,1116.1,94993.0
2026-03-25,T_GORDW-2,SSE Generation Ltd,658.4,4747.0
2026-03-25,T_HALSW-1,SP Renewables (UK) Limited,635.3,5260.0
2026-03-25,T_KILBW-1,Kilbraur Wind Energy Ltd,74.8,7105.0
2026-03-25,T_LARYW-1,London Array Limited,19.2,3445.0
2026-03-25,T_LARYW-2,London Array Limited,20.3,3657.0
2026-03-25,T_LARYW-3,London Array Limited,17.4,3131.0
2026-03-25,T_LCLTW-1,Eneco Energy Trade,356.8,31755.0
2026-03-25,T_LIMKW-1,Limekiln Extension Ltd,1823.9,72955.0
2026-03-25,T_MOWEO-1,Moray Offshore Wind East Ltd,1654.8,20065.0
2026-03-25,T_MOWEO-2,Moray Offshore Wind East Ltd,1203.2,12008.0
2026-03-25,T_MOWEO-3,Moray Offshore Wind East Ltd,423.4,30482.0
2026-03-25,T_MOWWO-1,Moray Offshore Wind West Ltd,4101.3,106234.0
2026-03-25,T_MOWWO-2,Moray Offshore Wind West Ltd,4248.3,111183.0
2026-03-25,T_MOWWO-3,Moray Offshore Wind West Ltd,3154.7,82282.0
2026-03-25,T_MOWWO-4,Moray Offshore Wind West Ltd,4857.5,178028.0
2026-03-25,T_NOKYW-1,North Kyle Wind farm Ltd,11.2,307.0
2026-03-25,T_SGRWO-1,Seagreen Wind Energy Limited,5021.7,4419.0
2026-03-25,T_SGRWO-2,Seagreen Wind Energy Limited,602.2,530.0
2026-03-25,T_SGRWO-3,Seagreen Wind Energy Limited,2902.8,2555.0
2026-03-25,T_SGRWO-4,Seagreen Wind Energy Limited,2118.4,1864.0
2026-03-25,T_SGRWO-5,Seagreen Wind Energy Limited,768.3,676.0
2026-03-25,T_SGRWO-6,Seagreen Wind Energy Limited,6271.0,5519.0
2026-03-25,T_STLGW-1,Stronelairg Windfarm Limited,465.6,41907.0
2026-03-25,T_STLGW-2,Stronelairg Windfarm Limited,560.3,50429.0
2026-03-25,T_STLGW-3,Stronelairg Windfarm Limited,410.5,36946.0
2026-03-25,T_STRNW-1,Strathy Wind Farm Limited,1030.0,87202.0
2026-03-25,T_VKNGW-1,Viking Energy Wind Farm LLP,2108.1,22430.0
2026-03-25,T_VKNGW-2,Viking Energy Wind Farm LLP,1860.4,19794.0
2026-03-25,T_VKNGW-3,Viking Energy Wind Farm LLP,2029.4,21593.0
2026-03-25,T_VKNGW-4,Viking Energy Wind Farm LLP,2105.3,22400.0
2026-03-26,T_DOREW-1,Dorenell Windfarm Limited,259.2,3398.0
2026-03-26,T_DOREW-2,Dorenell Windfarm Limited,204.2,2650.0
2026-03-26,T_GORDW-2,SSE Generation Ltd,137.7,993.0
2026-03-26,T_GRGBW-1,Greater Gabbard Offshore Winds,19.6,3253.0
2026-03-26,T_GRGBW-3,Greater Gabbard Offshore Winds,0.3,41.0
2026-03-26,T_HALSW-1,SP Renewables (UK) Limited,236.4,1958.0
2026-03-26,T_MOWEO-1,Moray Offshore Wind East Ltd,1307.7,9089.0
2026-03-26,T_MOWEO-2,Moray Offshore Wind East Ltd,1258.8,3471.0
2026-03-26,T_MOWWO-1,Moray Offshore Wind West Ltd,1271.0,26959.0
2026-03-26,T_MOWWO-2,Moray Offshore Wind West Ltd,1087.8,23157.0
2026-03-26,T_MOWWO-3,Moray Offshore Wind West Ltd,543.3,12980.0
2026-03-26,T_MOWWO-4,Moray Offshore Wind West Ltd,147.5,5406.0
2026-03-26,T_SGRWO-1,Seagreen Wind Energy Limited,1376.8,1212.0
2026-03-26,T_SGRWO-2,Seagreen Wind Energy Limited,225.0,198.0
2026-03-26,T_SGRWO-3,Seagreen Wind Energy Limited,535.0,471.0
2026-03-26,T_SGRWO-6,Seagreen Wind Energy Limited,1857.5,1635.0
2026-03-26,T_VKNGW-1,Viking Energy Wind Farm LLP,1257.5,13379.0
2026-03-26,T_VKNGW-2,Viking Energy Wind Farm LLP,902.8,9606.0
2026-03-26,T_VKNGW-3,Viking Energy Wind Farm LLP,1141.1,12142.0
2026-03-26,T_VKNGW-4,Viking Energy Wind Farm LLP,792.2,8429.0
2026-03-27,2__PSTAT001,Statkraft Markets Gmbh,164.8,13956.0
2026-03-27,C__PSTAT011,Statkraft Markets Gmbh,488.9,33247.0
2026-03-27,E_BABAW-1,Statkraft Markets Gmbh,295.1,24202.0
2026-03-27,E_BLARW-1,Erova Energy Limited,14.4,400.0
2026-03-27,E_BTUIW-3,SP Renewables (UK) Limited,297.6,2232.0
2026-03-27,E_GRGRW-1,Evolve Energy Supply Limited,136.8,9573.0
2026-03-27,T_BDCHW-1,RWE Generation UK plc,137.2,9676.0
2026-03-27,T_BHLAW-1,SSE Generation Ltd,508.0,42274.0
2026-03-27,T_CGTHW-1,Corriegarth Wind Energy LTD,161.0,12994.0
2026-03-27,T_CREAW-1,Creag Riabhach Wind Farm Ltd,943.4,47169.0
2026-03-27,T_CUMHW-1,Uniper UK Limited,212.2,4905.0
2026-03-27,T_DOREW-1,Dorenell Windfarm Limited,1458.9,23952.0
2026-03-27,T_DOREW-2,Dorenell Windfarm Limited,1211.9,19389.0
2026-03-27,T_EDINW-1,Vattenfall Wind Power Ltd,32.5,3580.0
2026-03-27,T_GLNKW-1,EDF Energy Customers Limited,426.8,17243.0
2026-03-27,T_GORDW-1,SSE Generation Ltd,450.9,38379.0
2026-03-27,T_GORDW-2,SSE Generation Ltd,383.8,2768.0
2026-03-27,T_HALSW-1,SP Renewables (UK) Limited,408.3,3381.0
2026-03-27,T_KPMRW-1,OnPath Energy Limited,29.3,429.0
2026-03-27,T_KYPEW-1,Kype Extension Wind Farm Ltd,24.9,722.0
2026-03-27,T_LIMKW-1,Limekiln Extension Ltd,1319.7,52789.0
2026-03-27,T_MIDMW-1,OnPath Energy Limited,8.5,125.0
2026-03-27,T_MOWEO-1,Moray Offshore Wind East Ltd,5501.9,38669.0
2026-03-27,T_MOWEO-2,Moray Offshore Wind East Ltd,4613.8,32928.0
2026-03-27,T_MOWWO-1,Moray Offshore Wind West Ltd,2868.0,51740.0
2026-03-27,T_MOWWO-2,Moray Offshore Wind West Ltd,3092.5,55795.0
2026-03-27,T_MOWWO-3,Moray Offshore Wind West Ltd,1718.3,31012.0
2026-03-27,T_MOWWO-4,Moray Offshore Wind West Ltd,2830.7,103747.0
2026-03-27,T_NOKYW-1,North Kyle Wind farm Ltd,322.8,8877.0
2026-03-27,T_NOKYW-2,North Kyle Wind farm Ltd,417.9,11493.0
2026-03-27,T_SGRWO-1,Seagreen Wind Energy Limited,3280.4,2887.0
2026-03-27,T_SGRWO-2,Seagreen Wind Energy Limited,946.0,832.0
2026-03-27,T_SGRWO-3,Seagreen Wind Energy Limited,2247.6,1978.0
2026-03-27,T_SGRWO-4,Seagreen Wind Energy Limited,1329.0,1170.0
2026-03-27,T_SGRWO-5,Seagreen Wind Energy Limited,882.7,777.0
2026-03-27,T_SGRWO-6,Seagreen Wind Energy Limited,4237.1,3729.0
2026-03-27,T_STRNW-1,Strathy Wind Farm Limited,260.8,22079.0
2026-03-27,T_TWSHW-1,Twentyshilling Limited,17.8,512.0
2026-03-27,T_VKNGW-1,Viking Energy Wind Farm LLP,2060.7,21927.0
2026-03-27,T_VKNGW-2,Viking Energy Wind Farm LLP,1947.6,20723.0
2026-03-27,T_VKNGW-3,Viking Energy Wind Farm LLP,1916.8,20395.0
2026-03-27,T_VKNGW-4,Viking Energy Wind Farm LLP,1976.6,21032.0
2026-03-28,2__PEDGE003,Edgware Energy Limited,264.9,26454.0
2026-03-28,2__PEDGE004,Edgware Energy Limited,182.8,18060.0
2026-03-28,2__PENEC001,Eneco Energy Trade,632.5,55663.0
2026-03-28,2__PSTAT001,Statkraft Markets Gmbh,776.6,65777.0
2026-03-28,C__PSTAT011,Statkraft Markets Gmbh,801.2,54482.0
2026-03-28,E_BABAW-1,Statkraft Markets Gmbh,841.4,68999.0
2026-03-28,E_BETHW-1,SP Renewables (UK) Limited,331.5,28657.0
2026-03-28,E_BTUIW-3,SP Renewables (UK) Limited,313.7,2353.0
2026-03-28,E_CLDRW-1,Vattenfall Energy Trading,198.6,18267.0
2026-03-28,E_GRGRW-1,Evolve Energy Supply Limited,659.3,46154.0
2026-03-28,E_MOYEW-1,Eneco Energy Trade,435.9,40540.0
2026-03-28,E_TULWW-1,Eneco Energy Trade,162.2,14434.0
2026-03-28,E_TULWW-2,Eneco Energy Trade,10.8,964.0
2026-03-28,T_AKGLW-3,AIK2A Sustainable Energy Ltd,1192.5,81088.0
2026-03-28,T_BDCHW-1,RWE Generation UK plc,17.6,1831.0
2026-03-28,T_BEINW-1,Beinneun Wind Farm Ltd,652.0,63896.0
2026-03-28,T_BENBW-1,Benbrack Wind Farm Limited,392.7,3142.0
2026-03-28,T_BHLAW-1,SSE Generation Ltd,1081.5,90012.0
2026-03-28,T_BROCW-1,Smartestenergy Limited,143.4,5593.0
2026-03-28,T_CGTHW-1,Corriegarth Wind Energy LTD,565.9,45671.0
2026-03-28,T_CRDEW-1,EDF Energy Customers Limited,69.0,3727.0
2026-03-28,T_CRDEW-2,EDF Energy Customers Limited,58.0,3135.0
2026-03-28,T_CREAW-1,Creag Riabhach Wind Farm Ltd,1567.2,78360.0
2026-03-28,T_CRYRW-3,Eneco Energy Trade,186.5,14308.0
2026-03-28,T_CUMHW-1,Uniper UK Limited,541.8,12527.0
2026-03-28,T_DOREW-1,Dorenell Windfarm Limited,1437.1,80386.0
2026-03-28,T_DOREW-2,Dorenell Windfarm Limited,982.7,64612.0
2026-03-28,T_DOUGW-1,Erova Energy Limited,432.8,12985.0
2026-03-28,T_DUNGW-1,Dunmaglass Wind Farm Limited,1055.1,94681.0
2026-03-28,T_EDINW-1,Vattenfall Wind Power Ltd,105.5,11601.0
2026-03-28,T_FALGW-1,Fallago Rig Wind Farm Limited,1566.0,131389.0
2026-03-28,T_FARR-1,Smartestenergy Limited,248.8,22768.0
2026-03-28,T_FARR-2,Smartestenergy Limited,207.1,18946.0
2026-03-28,T_GLNKW-1,EDF Energy Customers Limited,931.5,37632.0
2026-03-28,T_GORDW-1,SSE Generation Ltd,1201.4,102259.0
2026-03-28,T_GORDW-2,SSE Generation Ltd,594.1,4290.0
2026-03-28,T_GRGBW-3,Greater Gabbard Offshore Winds,6.2,1025.0
2026-03-28,T_GRIFW-1,Griffin Wind Farm Ltd,55.9,5156.0
2026-03-28,T_HALSW-1,SP Renewables (UK) Limited,473.9,3924.0
2026-03-28,T_KENNW-1,Kennoxhead Wind Farm Limited,109.6,3831.0
2026-03-28,T_KYPEW-1,Kype Extension Wind Farm Ltd,620.7,18001.0
2026-03-28,T_LARYW-3,London Array Limited,0.3,57.0
2026-03-28,T_LIMKW-1,Limekiln Extension Ltd,2174.0,86959.0
2026-03-28,T_MOWEO-1,Moray Offshore Wind East Ltd,4641.7,194474.0
2026-03-28,T_MOWEO-2,Moray Offshore Wind East Ltd,4356.4,195365.0
2026-03-28,T_MOWWO-1,Moray Offshore Wind West Ltd,3722.1,92575.0
2026-03-28,T_MOWWO-2,Moray Offshore Wind West Ltd,4044.8,100239.0
2026-03-28,T_MOWWO-3,Moray Offshore Wind West Ltd,2696.5,66559.0
2026-03-28,T_MOWWO-4,Moray Offshore Wind West Ltd,4516.7,165536.0
2026-03-28,T_NOKYW-1,North Kyle Wind farm Ltd,1192.0,32780.0
2026-03-28,T_NOKYW-2,North Kyle Wind farm Ltd,1183.6,32548.0
2026-03-28,T_SAKNW-1,Sandy Knowe Wind Farm Ltd,234.0,9359.0
2026-03-28,T_SGRWO-1,Seagreen Wind Energy Limited,5734.0,5046.0
2026-03-28,T_SGRWO-2,Seagreen Wind Energy Limited,1343.8,1183.0
2026-03-28,T_SGRWO-3,Seagreen Wind Energy Limited,3171.8,2791.0
2026-03-28,T_SGRWO-4,Seagreen Wind Energy Limited,2773.8,2441.0
2026-03-28,T_SGRWO-5,Seagreen Wind Energy Limited,1509.0,1328.0
2026-03-28,T_SGRWO-6,Seagreen Wind Energy Limited,7492.9,6594.0
2026-03-28,T_SOKYW-1,South Kyle Wind Farm Limited,970.9,38835.0
2026-03-28,T_STLGW-1,Stronelairg Windfarm Limited,725.5,65298.0
2026-03-28,T_STLGW-2,Stronelairg Windfarm Limited,694.9,62546.0
2026-03-28,T_STLGW-3,Stronelairg Windfarm Limited,739.4,66556.0
2026-03-28,T_STRNW-1,Strathy Wind Farm Limited,1056.1,89416.0
2026-03-28,T_TWSHW-1,Twentyshilling Limited,413.4,11903.0
2026-03-28,T_VKNGW-1,Viking Energy Wind Farm LLP,1835.3,19546.0
2026-03-28,T_VKNGW-2,Viking Energy Wind Farm LLP,2012.7,21435.0
2026-03-28,T_VKNGW-3,Viking Energy Wind Farm LLP,1893.9,20170.0
2026-03-28,T_VKNGW-4,Viking Energy Wind Farm LLP,1773.8,18891.0
2026-03-28,T_WDRGW-1,Windy Rig Wind Farm Limited,514.0,15087.0
2026-03-29,2__PENEC001,Eneco Energy Trade,630.2,55458.0
2026-03-29,2__PENEC002,Eneco Energy Trade,743.7,66862.0
2026-03-29,2__PSTAT001,Statkraft Markets Gmbh,728.7,61722.0
2026-03-29,C__PSTAT011,Statkraft Markets Gmbh,797.8,54249.0
2026-03-29,E_BABAW-1,Statkraft Markets Gmbh,675.8,55417.0
2026-03-29,E_BETHW-1,SP Renewables (UK) Limited,355.6,30737.0
2026-03-29,E_BLARW-1,Erova Energy Limited,116.2,5572.0
2026-03-29,E_BTUIW-2,SP Renewables (UK) Limited,120.6,10422.0
2026-03-29,E_BTUIW-3,SP Renewables (UK) Limited,455.9,3419.0
2026-03-29,E_CLDRW-1,Vattenfall Energy Trading,278.6,25630.0
2026-03-29,E_GRGRW-1,Evolve Energy Supply Limited,607.7,42536.0
2026-03-29,E_HRHLW-1,SP Renewables (UK) Limited,107.0,8327.0
2026-03-29,E_MOYEW-1,Eneco Energy Trade,445.0,41386.0
2026-03-29,E_TULWW-1,Eneco Energy Trade,193.7,17241.0
2026-03-29,T_AKGLW-2,Aikengall 2 CWCL,1022.3,88939.0
2026-03-29,T_AKGLW-3,AIK2A Sustainable Energy Ltd,1424.7,96877.0
2026-03-29,T_ARCHW-1,SP Renewables (UK) Limited,192.7,16641.0
2026-03-29,T_BEINW-1,Beinneun Wind Farm Ltd,643.5,63064.0
2026-03-29,T_BENBW-1,Benbrack Wind Farm Limited,815.7,6525.0
2026-03-29,T_BHLAW-1,SSE Generation Ltd,1768.4,147183.0
2026-03-29,T_BLLA-1,SP Renewables (UK) Limited,215.4,18715.0
2026-03-29,T_BLLA-2,SP Renewables (UK) Limited,111.9,8706.0
2026-03-29,T_BROCW-1,Smartestenergy Limited,241.4,9414.0
2026-03-29,T_CGTHW-1,Corriegarth Wind Energy LTD,876.3,70715.0
2026-03-29,T_CRDEW-1,EDF Energy Customers Limited,75.9,4099.0
2026-03-29,T_CRDEW-2,EDF Energy Customers Limited,145.9,7880.0
2026-03-29,T_CREAW-1,Creag Riabhach Wind Farm Ltd,1425.5,71273.0
2026-03-29,T_CRGHW-1,Statkraft Markets Gmbh,133.9,10308.0
2026-03-29,T_CRYRW-2,Eneco Energy Trade,203.9,17251.0
2026-03-29,T_CRYRW-3,Eneco Energy Trade,224.4,17213.0
2026-03-29,T_DNLWW-1,SP Renewables (UK) Limited,64.1,5539.0
2026-03-29,T_DOREW-1,Dorenell Windfarm Limited,1039.5,54177.0
2026-03-29,T_DOREW-2,Dorenell Windfarm Limited,835.4,44260.0
2026-03-29,T_DOUGW-1,Erova Energy Limited,273.2,8195.0
2026-03-29,T_DRSLW-1,SP Renewables (UK) Limited,319.8,24883.0
2026-03-29,T_DUNGW-1,Dunmaglass Wind Farm Limited,942.7,84596.0
2026-03-29,T_EDINW-1,Vattenfall Wind Power Ltd,154.2,16965.0
2026-03-29,T_EWHLW-1,SP Renewables (UK) Limited,143.1,11131.0
2026-03-29,T_FALGW-1,Fallago Rig Wind Farm Limited,2051.2,172096.0
2026-03-29,T_FARR-1,Smartestenergy Limited,334.5,30603.0
2026-03-29,T_FARR-2,Smartestenergy Limited,366.4,33524.0
2026-03-29,T_GLNKW-1,EDF Energy Customers Limited,892.5,36058.0
2026-03-29,T_GNAPW-1,SP Renewables (UK) Limited,39.9,3102.0
2026-03-29,T_GORDW-1,SSE Generation Ltd,1203.7,102460.0
2026-03-29,T_GORDW-2,SSE Generation Ltd,719.5,5195.0
2026-03-29,T_GRGBW-1,Greater Gabbard Offshore Winds,1.4,238.0
2026-03-29,T_GRGBW-3,Greater Gabbard Offshore Winds,0.3,44.0
2026-03-29,T_HALSW-1,SP Renewables (UK) Limited,595.5,4931.0
2026-03-29,T_HRSTW-1,SP Renewables (UK) Limited,228.7,19844.0
2026-03-29,T_KENNW-1,Kennoxhead Wind Farm Limited,272.4,11820.0
2026-03-29,T_KLGLW-1,SP Renewables (UK) Limited,1176.9,91300.0
2026-03-29,T_KPMRW-1,OnPath Energy Limited,292.9,26566.0
2026-03-29,T_KYPEW-1,Kype Extension Wind Farm Ltd,390.5,11324.0
2026-03-29,T_LIMKW-1,Limekiln Extension Ltd,2115.1,84604.0
2026-03-29,T_MIDMW-1,OnPath Energy Limited,164.7,15028.0
2026-03-29,T_MKHLW-1,SP Renewables (UK) Limited,87.2,7537.0
2026-03-29,T_MOWEO-1,Moray Offshore Wind East Ltd,3435.2,205060.0
2026-03-29,T_MOWEO-2,Moray Offshore Wind East Ltd,3921.2,220288.0
2026-03-29,T_MOWWO-1,Moray Offshore Wind West Ltd,3898.2,105474.0
2026-03-29,T_MOWWO-2,Moray Offshore Wind West Ltd,3889.7,103946.0
2026-03-29,T_MOWWO-3,Moray Offshore Wind West Ltd,2640.5,70246.0
2026-03-29,T_MOWWO-4,Moray Offshore Wind West Ltd,4708.9,172581.0
2026-03-29,T_MYGPW-1,Minnygap Energy Limited,116.4,8845.0
2026-03-29,T_NOKYW-1,North Kyle Wind farm Ltd,920.0,25300.0
2026-03-29,T_NOKYW-2,North Kyle Wind farm Ltd,849.9,23371.0
2026-03-29,T_SAKNW-1,Sandy Knowe Wind Farm Ltd,561.3,22451.0
2026-03-29,T_SGRWO-1,Seagreen Wind Energy Limited,5911.6,5202.0
2026-03-29,T_SGRWO-2,Seagreen Wind Energy Limited,1389.8,1223.0
2026-03-29,T_SGRWO-3,Seagreen Wind Energy Limited,3105.5,2733.0
2026-03-29,T_SGRWO-4,Seagreen Wind Energy Limited,2837.9,2497.0
2026-03-29,T_SGRWO-5,Seagreen Wind Energy Limited,1570.7,1382.0
2026-03-29,T_SGRWO-6,Seagreen Wind Energy Limited,7522.2,6620.0
2026-03-29,T_SOKYW-1,South Kyle Wind Farm Limited,1059.0,42362.0
2026-03-29,T_STLGW-1,Stronelairg Windfarm Limited,867.7,78098.0
2026-03-29,T_STLGW-2,Stronelairg Windfarm Limited,801.2,72112.0
2026-03-29,T_STLGW-3,Stronelairg Windfarm Limited,679.6,61172.0
2026-03-29,T_STRNW-1,Strathy Wind Farm Limited,1134.0,96012.0
2026-03-29,T_TWSHW-1,Twentyshilling Limited,327.7,9433.0
2026-03-29,T_VKNGW-1,Viking Energy Wind Farm LLP,2169.3,23103.0
2026-03-29,T_VKNGW-2,Viking Energy Wind Farm LLP,2190.5,23329.0
2026-03-29,T_VKNGW-3,Viking Energy Wind Farm LLP,2058.1,21918.0
2026-03-29,T_VKNGW-4,Viking Energy Wind Farm LLP,2101.4,22379.0
2026-03-29,T_WDRGW-1,Windy Rig Wind Farm Limited,404.6,11875.0
2026-03-29,T_WISTW-2,BROCKLOCH RIG WINDFARM LTD,32.8,2643.0
2026-03-30,2__PENEC001,Eneco Energy Trade,509.0,44795.0
2026-03-30,2__PSTAT001,Statkraft Markets Gmbh,552.3,46779.0
2026-03-30,C__PSTAT011,Statkraft Markets Gmbh,821.1,55834.0
2026-03-30,E_BABAW-1,Statkraft Markets Gmbh,815.3,66852.0
2026-03-30,E_BETHW-1,SP Renewables (UK) Limited,386.9,33443.0
2026-03-30,E_BLARW-1,Erova Energy Limited,315.1,21647.0
2026-03-30,E_BNWKW-1,Eneco Energy Trade,124.3,11065.0
2026-03-30,E_BTUIW-2,SP Renewables (UK) Limited,63.5,5490.0
2026-03-30,E_BTUIW-3,SP Renewables (UK) Limited,573.5,4301.0
2026-03-30,E_CLDRW-1,Vattenfall Energy Trading,1.8,166.0
2026-03-30,E_GRGRW-1,Evolve Energy Supply Limited,371.0,25970.0
2026-03-30,E_MOYEW-1,Eneco Energy Trade,22.4,2083.0
2026-03-30,E_TULWW-1,Eneco Energy Trade,66.8,5948.0
2026-03-30,T_AKGLW-3,AIK2A Sustainable Energy Ltd,1006.2,68425.0
2026-03-30,T_BEINW-1,Beinneun Wind Farm Ltd,4.8,470.0
2026-03-30,T_BHLAW-1,SSE Generation Ltd,1571.1,130763.0
2026-03-30,T_CGTHW-1,Corriegarth Wind Energy LTD,636.8,51394.0
2026-03-30,T_CREAW-1,Creag Riabhach Wind Farm Ltd,1384.7,69237.0
2026-03-30,T_CRGHW-1,Statkraft Markets Gmbh,363.8,28011.0
2026-03-30,T_CRYRW-3,Eneco Energy Trade,62.4,4784.0
2026-03-30,T_CUMHW-1,Uniper UK Limited,28.9,753.0
2026-03-30,T_DOREW-1,Dorenell Windfarm Limited,450.7,31905.0
2026-03-30,T_DOREW-2,Dorenell Windfarm Limited,309.2,23038.0
2026-03-30,T_DUNGW-1,Dunmaglass Wind Farm Limited,1004.5,90142.0
2026-03-30,T_EDINW-1,Vattenfall Wind Power Ltd,25.4,2799.0
2026-03-30,T_FALGW-1,Fallago Rig Wind Farm Limited,790.6,66333.0
2026-03-30,T_GLNKW-1,EDF Energy Customers Limited,834.3,33704.0
2026-03-30,T_GORDW-1,SSE Generation Ltd,999.2,85050.0
2026-03-30,T_GORDW-2,SSE Generation Ltd,729.7,5269.0
2026-03-30,T_HALSW-1,SP Renewables (UK) Limited,547.5,4533.0
2026-03-30,T_KYPEW-1,Kype Extension Wind Farm Ltd,150.6,4367.0
2026-03-30,T_LIMKW-1,Limekiln Extension Ltd,2105.7,84230.0
2026-03-30,T_MOWEO-1,Moray Offshore Wind East Ltd,5744.2,326401.0
2026-03-30,T_MOWEO-2,Moray Offshore Wind East Ltd,4025.5,186952.0
2026-03-30,T_MOWWO-1,Moray Offshore Wind West Ltd,3602.9,91432.0
2026-03-30,T_MOWWO-2,Moray Offshore Wind West Ltd,3532.8,89083.0
2026-03-30,T_MOWWO-3,Moray Offshore Wind West Ltd,2573.6,64712.0
2026-03-30,T_MOWWO-4,Moray Offshore Wind West Ltd,4540.5,166407.0
2026-03-30,T_NOKYW-1,North Kyle Wind farm Ltd,292.2,8037.0
2026-03-30,T_NOKYW-2,North Kyle Wind farm Ltd,313.7,8626.0
2026-03-30,T_SGRWO-1,Seagreen Wind Energy Limited,4505.2,3965.0
2026-03-30,T_SGRWO-2,Seagreen Wind Energy Limited,1216.3,1070.0
2026-03-30,T_SGRWO-3,Seagreen Wind Energy Limited,2641.0,2324.0
2026-03-30,T_SGRWO-4,Seagreen Wind Energy Limited,2556.3,2250.0
2026-03-30,T_SGRWO-5,Seagreen Wind Energy Limited,1371.4,1207.0
2026-03-30,T_SGRWO-6,Seagreen Wind Energy Limited,6754.7,5944.0
2026-03-30,T_SOKYW-1,South Kyle Wind Farm Limited,205.8,8234.0
2026-03-30,T_STLGW-1,Stronelairg Windfarm Limited,460.0,41409.0
2026-03-30,T_STLGW-2,Stronelairg Windfarm Limited,769.1,69225.0
2026-03-30,T_STLGW-3,Stronelairg Windfarm Limited,491.3,44226.0
2026-03-30,T_STRNW-1,Strathy Wind Farm Limited,915.8,77544.0
2026-03-30,T_VKNGW-1,Viking Energy Wind Farm LLP,2433.0,25912.0
2026-03-30,T_VKNGW-2,Viking Energy Wind Farm LLP,2424.3,25819.0
2026-03-30,T_VKNGW-3,Viking Energy Wind Farm LLP,2391.7,25471.0
2026-03-30,T_VKNGW-4,Viking Energy Wind Farm LLP,2416.2,25732.0
2026-03-31,2__PSTAT001,Statkraft Markets Gmbh,16.4,1389.0
2026-03-31,C__PSTAT011,Statkraft Markets Gmbh,71.6,4871.0
2026-03-31,E_BABAW-1,Statkraft Markets Gmbh,15.3,1253.0
2026-03-31,E_BLARW-1,Erova Energy Limited,26.1,725.0
2026-03-31,E_BTUIW-3,SP Renewables (UK) Limited,51.0,382.0
2026-03-31,E_GRGRW-1,Evolve Energy Supply Limited,19.4,1357.0
2026-03-31,T_BDCHW-1,RWE Generation UK plc,22.4,1554.0
2026-03-31,T_BHLAW-1,SSE Generation Ltd,61.0,5073.0
2026-03-31,T_CGTHW-1,Corriegarth Wind Energy LTD,30.2,2437.0
2026-03-31,T_CREAW-1,Creag Riabhach Wind Farm Ltd,136.0,6798.0
2026-03-31,T_DOREW-1,Dorenell Windfarm Limited,996.1,11203.0
2026-03-31,T_DOREW-2,Dorenell Windfarm Limited,833.0,9542.0
2026-03-31,T_EDINW-1,Vattenfall Wind Power Ltd,7.4,819.0
2026-03-31,T_GLNKW-1,EDF Energy Customers Limited,99.7,4026.0
2026-03-31,T_GORDW-2,SSE Generation Ltd,262.4,1895.0
2026-03-31,T_HALSW-1,SP Renewables (UK) Limited,189.7,1570.0
2026-03-31,T_LIMKW-1,Limekiln Extension Ltd,125.4,5016.0
2026-03-31,T_MOWEO-1,Moray Offshore Wind East Ltd,4251.5,19227.0
2026-03-31,T_MOWEO-2,Moray Offshore Wind East Ltd,3686.2,17201.0
2026-03-31,T_MOWWO-1,Moray Offshore Wind West Ltd,1127.9,16460.0
2026-03-31,T_MOWWO-2,Moray Offshore Wind West Ltd,1552.7,24060.0
2026-03-31,T_MOWWO-3,Moray Offshore Wind West Ltd,882.5,14189.0
2026-03-31,T_MOWWO-4,Moray Offshore Wind West Ltd,1006.4,36884.0
2026-03-31,T_SGRWO-1,Seagreen Wind Energy Limited,2365.6,2366.0
2026-03-31,T_SGRWO-2,Seagreen Wind Energy Limited,597.3,597.0
2026-03-31,T_SGRWO-3,Seagreen Wind Energy Limited,1451.4,1451.0
2026-03-31,T_SGRWO-4,Seagreen Wind Energy Limited,1170.8,1171.0
2026-03-31,T_SGRWO-5,Seagreen Wind Energy Limited,430.0,430.0
2026-03-31,T_SGRWO-6,Seagreen Wind Energy Limited,2373.6,2374.0
2026-03-31,T_STRNW-1,Strathy Wind Farm Limited,26.8,2271.0
2026-03-31,T_VKNGW-1,Viking Energy Wind Farm LLP,1575.6,17223.0
2026-03-31,T_VKNGW-2,Viking Energy Wind Farm LLP,1587.1,17351.0
2026-03-31,T_VKNGW-3,Viking Energy Wind Farm LLP,1492.1,16317.0
2026-03-31,T_VKNGW-4,Viking Energy Wind Farm LLP,1377.6,15111.0
2026-04-01,E_BLARW-1,Erova Energy Limited,129.9,3601.0
2026-04-01,E_BTUIW-3,SP Renewables (UK) Limited,205.8,2256.0
2026-04-01,E_GRGRW-1,Evolve Energy Supply Limited,18.0,1262.0
2026-04-01,T_AKGLW-3,AIK2A Sustainable Energy Ltd,105.4,7165.0
2026-04-01,T_BEATO-4,Beatrice Offshore Windfarm Ltd,25.3,1984.0
2026-04-01,T_CREAW-1,Creag Riabhach Wind Farm Ltd,325.9,16293.0
2026-04-01,T_CUMHW-1,Uniper UK Limited,83.7,1270.0
2026-04-01,T_DOREW-1,Dorenell Windfarm Limited,1017.2,16207.0
2026-04-01,T_DOREW-2,Dorenell Windfarm Limited,693.6,6749.0
2026-04-01,T_DOUGW-1,Erova Energy Limited,22.1,664.0
2026-04-01,T_DRSLW-1,SP Renewables (UK) Limited,34.3,2749.0
2026-04-01,T_EDINW-1,Vattenfall Wind Power Ltd,55.4,6094.0
2026-04-01,T_FALGW-1,Fallago Rig Wind Farm Limited,69.7,5846.0
2026-04-01,T_GLNKW-1,EDF Energy Customers Limited,244.2,9865.0
2026-04-01,T_GORDW-1,SSE Generation Ltd,191.8,16160.0
2026-04-01,T_GORDW-2,SSE Generation Ltd,223.0,3439.0
2026-04-01,T_HALSW-1,SP Renewables (UK) Limited,314.4,3560.0
2026-04-01,T_KENNW-1,Kennoxhead Wind Farm Limited,187.7,5899.0
2026-04-01,T_KPMRW-1,OnPath Energy Limited,127.6,1570.0
2026-04-01,T_KYPEW-1,Kype Extension Wind Farm Ltd,152.9,4433.0
2026-04-01,T_LIMKW-1,Limekiln Extension Ltd,648.3,25932.0
2026-04-01,T_MOWEO-1,Moray Offshore Wind East Ltd,4862.0,41599.0
2026-04-01,T_MOWEO-2,Moray Offshore Wind East Ltd,3271.1,30259.0
2026-04-01,T_MOWWO-1,Moray Offshore Wind West Ltd,2636.8,45929.0
2026-04-01,T_MOWWO-2,Moray Offshore Wind West Ltd,2440.1,42619.0
2026-04-01,T_MOWWO-3,Moray Offshore Wind West Ltd,1976.7,34250.0
2026-04-01,T_MOWWO-4,Moray Offshore Wind West Ltd,3356.1,123000.0
2026-04-01,T_NNGAO-1,Neart Na Gaoithe Offshore Wind,722.4,37514.0
2026-04-01,T_NNGAO-2,Neart Na Gaoithe Offshore Wind,770.8,40219.0
2026-04-01,T_NOKYW-1,North Kyle Wind farm Ltd,281.2,7732.0
2026-04-01,T_NOKYW-2,North Kyle Wind farm Ltd,251.8,6924.0
2026-04-01,T_SAKNW-1,Sandy Knowe Wind Farm Ltd,28.4,1136.0
2026-04-01,T_SGRWO-1,Seagreen Wind Energy Limited,4377.4,66843.0
2026-04-01,T_SGRWO-2,Seagreen Wind Energy Limited,942.3,14389.0
2026-04-01,T_SGRWO-3,Seagreen Wind Energy Limited,2561.1,39108.0
2026-04-01,T_SGRWO-4,Seagreen Wind Energy Limited,1850.7,28261.0
2026-04-01,T_SGRWO-5,Seagreen Wind Energy Limited,712.2,10875.0
2026-04-01,T_SGRWO-6,Seagreen Wind Energy Limited,7009.8,105819.0
2026-04-01,T_SOKYW-1,South Kyle Wind Farm Limited,394.6,15784.0
2026-04-01,T_STRNW-1,Strathy Wind Farm Limited,144.4,12151.0
2026-04-01,T_VKNGW-1,Viking Energy Wind Farm LLP,1387.8,20386.0
2026-04-01,T_VKNGW-2,Viking Energy Wind Farm LLP,1427.2,20965.0
2026-04-01,T_VKNGW-3,Viking Energy Wind Farm LLP,1247.6,18328.0
2026-04-01,T_VKNGW-4,Viking Energy Wind Farm LLP,1060.0,15571.0
2026-04-01,T_WDRGW-1,Windy Rig Wind Farm Limited,88.8,3050.0
2026-04-01,T_WISTW-2,BROCKLOCH RIG WINDFARM LTD,47.9,3860.0
2026-04-02,2__PENEC001,Eneco Energy Trade,60.3,5310.0
2026-04-02,C__PSTAT011,Statkraft Markets Gmbh,166.9,11353.0
2026-04-02,E_BABAW-1,Statkraft Markets Gmbh,85.4,7006.0
2026-04-02,E_BLARW-1,Erova Energy Limited,161.2,4471.0
2026-04-02,E_BTUIW-3,SP Renewables (UK) Limited,268.4,2941.0
2026-04-02,E_GRGRW-1,Evolve Energy Supply Limited,111.0,7767.0
2026-04-02,E_HRHLW-1,SP Renewables (UK) Limited,15.7,1256.0
2026-04-02,T_AFTOW-1,Afton Wind Farm Limited,42.6,3620.0
2026-04-02,T_AKGLW-3,AIK2A Sustainable Energy Ltd,301.9,20529.0
2026-04-02,T_ARCHW-1,SP Renewables (UK) Limited,181.2,16070.0
2026-04-02,T_BDCHW-1,RWE Generation UK plc,128.7,8731.0
2026-04-02,T_BEATO-1,Beatrice Offshore Windfarm Ltd,22.8,1982.0
2026-04-02,T_BEATO-3,Beatrice Offshore Windfarm Ltd,64.3,5589.0
2026-04-02,T_BEATO-4,Beatrice Offshore Windfarm Ltd,56.0,4872.0
2026-04-02,T_BENBW-1,Benbrack Wind Farm Limited,229.1,1833.0
2026-04-02,T_BHLAW-1,SSE Generation Ltd,172.0,14717.0
2026-04-02,T_BLLA-2,SP Renewables (UK) Limited,155.9,12503.0
2026-04-02,T_BROCW-1,Smartestenergy Limited,173.2,6753.0
2026-04-02,T_CGTHW-1,Corriegarth Wind Energy LTD,188.7,15225.0
2026-04-02,T_CRDEW-1,EDF Energy Customers Limited,58.1,3137.0
2026-04-02,T_CRDEW-2,EDF Energy Customers Limited,33.5,1810.0
2026-04-02,T_CREAW-1,Creag Riabhach Wind Farm Ltd,360.3,18017.0
2026-04-02,T_CRGHW-1,Statkraft Markets Gmbh,102.8,7916.0
2026-04-02,T_CUMHW-1,Uniper UK Limited,50.6,767.0
2026-04-02,T_DOREW-1,Dorenell Windfarm Limited,429.8,4409.0
2026-04-02,T_DOREW-2,Dorenell Windfarm Limited,354.3,3808.0
2026-04-02,T_DOUGW-1,Erova Energy Limited,138.9,4167.0
2026-04-02,T_DRSLW-1,SP Renewables (UK) Limited,192.4,15425.0
2026-04-02,T_EDINW-1,Vattenfall Wind Power Ltd,10.6,1167.0
2026-04-02,T_EWHLW-1,SP Renewables (UK) Limited,15.2,1220.0
2026-04-02,T_FALGW-1,Fallago Rig Wind Farm Limited,379.5,31843.0
2026-04-02,T_GLNKW-1,EDF Energy Customers Limited,245.1,9902.0
2026-04-02,T_GNAPW-1,SP Renewables (UK) Limited,15.3,1224.0
2026-04-02,T_GORDW-1,SSE Generation Ltd,142.9,12043.0
2026-04-02,T_GORDW-2,SSE Generation Ltd,247.8,3821.0
2026-04-02,T_GRGBW-2,Greater Gabbard Offshore Winds,48.3,8171.0
2026-04-02,T_HAHAW-1,HAGSHAW HILL REPOWERING LTD,143.5,1665.0
2026-04-02,T_HALSW-1,SP Renewables (UK) Limited,200.7,2272.0
2026-04-02,T_KENNW-1,Kennoxhead Wind Farm Limited,244.8,7693.0
2026-04-02,T_KLGLW-1,SP Renewables (UK) Limited,999.1,80028.0
2026-04-02,T_KPMRW-1,OnPath Energy Limited,389.4,12434.0
2026-04-02,T_KYPEW-1,Kype Extension Wind Farm Ltd,251.0,7278.0
2026-04-02,T_LIMKW-1,Limekiln Extension Ltd,502.3,20092.0
2026-04-02,T_MIDMW-1,OnPath Energy Limited,247.7,7632.0
2026-04-02,T_MOWEO-1,Moray Offshore Wind East Ltd,2220.6,9876.0
2026-04-02,T_MOWEO-3,Moray Offshore Wind East Ltd,962.1,4094.0
2026-04-02,T_MOWWO-1,Moray Offshore Wind West Ltd,1154.2,19422.0
2026-04-02,T_MOWWO-2,Moray Offshore Wind West Ltd,1182.3,19992.0
2026-04-02,T_MOWWO-3,Moray Offshore Wind West Ltd,953.1,16216.0
2026-04-02,T_MOWWO-4,Moray Offshore Wind West Ltd,1336.9,48996.0
2026-04-02,T_MYGPW-1,Minnygap Energy Limited,56.9,4323.0
2026-04-02,T_NNGAO-1,Neart Na Gaoithe Offshore Wind,753.6,53249.0
2026-04-02,T_NNGAO-2,Neart Na Gaoithe Offshore Wind,715.3,53445.0
2026-04-02,T_NOKYW-1,North Kyle Wind farm Ltd,242.6,6671.0
2026-04-02,T_NOKYW-2,North Kyle Wind farm Ltd,222.9,6129.0
2026-04-02,T_SAKNW-1,Sandy Knowe Wind Farm Ltd,351.2,14047.0
2026-04-02,T_SGRWO-1,Seagreen Wind Energy Limited,1224.2,18694.0
2026-04-02,T_SGRWO-2,Seagreen Wind Energy Limited,299.8,4578.0
2026-04-02,T_SGRWO-3,Seagreen Wind Energy Limited,685.8,10472.0
2026-04-02,T_SGRWO-4,Seagreen Wind Energy Limited,591.9,9038.0
2026-04-02,T_SGRWO-5,Seagreen Wind Energy Limited,345.1,5269.0
2026-04-02,T_SGRWO-6,Seagreen Wind Energy Limited,1649.9,25194.0
2026-04-02,T_SOKYW-1,South Kyle Wind Farm Limited,941.1,37643.0
2026-04-02,T_STRNW-1,Strathy Wind Farm Limited,53.8,4528.0
2026-04-02,T_TWSHW-1,Twentyshilling Limited,173.3,5827.0
2026-04-02,T_VKNGW-1,Viking Energy Wind Farm LLP,360.6,5297.0
2026-04-02,T_VKNGW-2,Viking Energy Wind Farm LLP,334.0,4907.0
2026-04-02,T_VKNGW-3,Viking Energy Wind Farm LLP,287.6,4225.0
2026-04-02,T_VKNGW-4,Viking Energy Wind Farm LLP,279.6,4107.0
2026-04-02,T_WDRGW-1,Windy Rig Wind Farm Limited,206.2,7085.0
2026-04-02,T_WHILW-1,SP Renewables (UK) Limited,356.7,32177.0
2026-04-02,T_WHILW-2,SP Renewables (UK) Limited,183.5,16393.0
2026-04-02,T_WISTW-2,BROCKLOCH RIG WINDFARM LTD,33.3,2683.0
2026-04-03,2__PENEC001,Eneco Energy Trade,62.3,5483.0
2026-04-03,2__PSTAT001,Statkraft Markets Gmbh,134.3,11374.0
2026-04-03,C__PSTAT011,Statkraft Markets Gmbh,415.0,28218.0
2026-04-03,E_BABAW-1,Statkraft Markets Gmbh,175.6,14402.0
2026-04-03,E_BLARW-1,Erova Energy Limited,265.7,8085.0
2026-04-03,E_BTUIW-3,SP Renewables (UK) Limited,655.9,7189.0
2026-04-03,E_GRGRW-1,Evolve Energy Supply Limited,369.8,25886.0
2026-04-03,E_HRHLW-1,SP Renewables (UK) Limited,113.4,9096.0
2026-04-03,T_AFTOW-1,Afton Wind Farm Limited,48.1,4086.0
2026-04-03,T_AKGLW-2,Aikengall 2 CWCL,55.1,4789.0
2026-04-03,T_AKGLW-3,AIK2A Sustainable Energy Ltd,770.5,52392.0
2026-04-03,T_ARCHW-1,SP Renewables (UK) Limited,433.2,38417.0
2026-04-03,T_BDCHW-1,RWE Generation UK plc,15.5,1271.0
2026-04-03,T_BENBW-1,Benbrack Wind Farm Limited,551.6,4413.0
2026-04-03,T_BHLAW-1,SSE Generation Ltd,21.3,1826.0
2026-04-03,T_BLLA-2,SP Renewables (UK) Limited,385.0,30877.0
2026-04-03,T_BROCW-1,Smartestenergy Limited,398.7,15551.0
2026-04-03,T_CGTHW-1,Corriegarth Wind Energy LTD,171.0,13800.0
2026-04-03,T_CRDEW-1,EDF Energy Customers Limited,218.4,11791.0
2026-04-03,T_CRDEW-2,EDF Energy Customers Limited,188.1,10156.0
2026-04-03,T_CREAW-1,Creag Riabhach Wind Farm Ltd,582.8,29139.0
2026-04-03,T_CRGHW-1,Statkraft Markets Gmbh,150.9,11620.0
2026-04-03,T_CRMLW-1,EDF Energy Customers Limited,25.9,2225.0
2026-04-03,T_CUMHW-1,Uniper UK Limited,269.2,4081.0
2026-04-03,T_DOREW-1,Dorenell Windfarm Limited,1030.0,43386.0
2026-04-03,T_DOREW-2,Dorenell Windfarm Limited,846.9,36460.0
2026-04-03,T_DOUGW-1,Erova Energy Limited,372.1,11164.0
2026-04-03,T_DRSLW-1,SP Renewables (UK) Limited,392.2,31450.0
2026-04-03,T_EWHLW-1,SP Renewables (UK) Limited,160.3,12853.0
2026-04-03,T_FALGW-1,Fallago Rig Wind Farm Limited,1040.2,87271.0
2026-04-03,T_GLNKW-1,EDF Energy Customers Limited,387.3,15645.0
2026-04-03,T_GNAPW-1,SP Renewables (UK) Limited,66.8,5353.0
2026-04-03,T_GORDW-1,SSE Generation Ltd,197.2,16613.0
2026-04-03,T_GORDW-2,SSE Generation Ltd,374.8,5777.0
2026-04-03,T_GRGBW-1,Greater Gabbard Offshore Winds,21.0,3545.0
2026-04-03,T_HAHAW-1,HAGSHAW HILL REPOWERING LTD,326.0,3782.0
2026-04-03,T_HALSW-1,SP Renewables (UK) Limited,442.8,5013.0
2026-04-03,T_HOWBO-1,Breesea Limited,598.6,47417.0
2026-04-03,T_HOWBO-2,Sonningmay Wind Limited,632.8,49109.0
2026-04-03,T_HOWBO-3,Soundmark Wind Limited,876.8,61742.0
2026-04-03,T_KENNW-1,Kennoxhead Wind Farm Limited,607.5,20087.0
2026-04-03,T_KLGLW-1,SP Renewables (UK) Limited,1527.6,122358.0
2026-04-03,T_KPMRW-1,OnPath Energy Limited,569.2,33446.0
2026-04-03,T_KYPEW-1,Kype Extension Wind Farm Ltd,679.2,19697.0
2026-04-03,T_LIMKW-1,Limekiln Extension Ltd,1390.0,55600.0
2026-04-03,T_MIDMW-1,OnPath Energy Limited,309.8,18633.0
2026-04-03,T_MOWEO-1,Moray Offshore Wind East Ltd,4320.2,139030.0
2026-04-03,T_MOWEO-2,Moray Offshore Wind East Ltd,3119.1,99714.0
2026-04-03,T_MOWEO-3,Moray Offshore Wind East Ltd,1764.6,50820.0
2026-04-03,T_MOWWO-1,Moray Offshore Wind West Ltd,3382.2,80999.0
2026-04-03,T_MOWWO-2,Moray Offshore Wind West Ltd,3349.1,80354.0
2026-04-03,T_MOWWO-3,Moray Offshore Wind West Ltd,2861.0,69206.0
2026-04-03,T_MOWWO-4,Moray Offshore Wind West Ltd,4395.7,161101.0
2026-04-03,T_MYGPW-1,Minnygap Energy Limited,152.6,11596.0
2026-04-03,T_NNGAO-1,Neart Na Gaoithe Offshore Wind,17.7,1759.0
2026-04-03,T_NNGAO-2,Neart Na Gaoithe Offshore Wind,1.2,119.0
2026-04-03,T_NOKYW-1,North Kyle Wind farm Ltd,1290.1,35476.0
2026-04-03,T_NOKYW-2,North Kyle Wind farm Ltd,1318.5,36259.0
2026-04-03,T_SAKNW-1,Sandy Knowe Wind Farm Ltd,989.8,39594.0
2026-04-03,T_SGRWO-1,Seagreen Wind Energy Limited,4449.3,67941.0
2026-04-03,T_SGRWO-2,Seagreen Wind Energy Limited,1138.1,17379.0
2026-04-03,T_SGRWO-3,Seagreen Wind Energy Limited,2603.4,39754.0
2026-04-03,T_SGRWO-4,Seagreen Wind Energy Limited,2214.4,33813.0
2026-04-03,T_SGRWO-5,Seagreen Wind Energy Limited,1290.9,19712.0
2026-04-03,T_SGRWO-6,Seagreen Wind Energy Limited,5717.7,87309.0
2026-04-03,T_SOKYW-1,South Kyle Wind Farm Limited,1841.0,73638.0
2026-04-03,T_STLGW-1,Stronelairg Windfarm Limited,89.8,7703.0
2026-04-03,T_STLGW-2,Stronelairg Windfarm Limited,232.9,19979.0
2026-04-03,T_STLGW-3,Stronelairg Windfarm Limited,177.3,15215.0
2026-04-03,T_STRNW-1,Strathy Wind Farm Limited,58.6,4929.0
2026-04-03,T_TWSHW-1,Twentyshilling Limited,431.2,14500.0
2026-04-03,T_VKNGW-1,Viking Energy Wind Farm LLP,2194.9,32235.0
2026-04-03,T_VKNGW-2,Viking Energy Wind Farm LLP,2214.8,32527.0
2026-04-03,T_VKNGW-3,Viking Energy Wind Farm LLP,2105.4,30921.0
2026-04-03,T_VKNGW-4,Viking Energy Wind Farm LLP,2162.2,31755.0
2026-04-03,T_WDRGW-1,Windy Rig Wind Farm Limited,592.2,20349.0
2026-04-03,T_WHILW-1,SP Renewables (UK) Limited,94.8,8550.0
2026-04-03,T_WHILW-2,SP Renewables (UK) Limited,3.6,322.0
2026-04-04,C__PSTAT011,Statkraft Markets Gmbh,185.1,12588.0
2026-04-04,E_BABAW-1,Statkraft Markets Gmbh,170.6,13990.0
2026-04-04,E_BLARW-1,Erova Energy Limited,17.8,1186.0
2026-04-04,E_BTUIW-3,SP Renewables (UK) Limited,409.4,4487.0
2026-04-04,E_GRGRW-1,Evolve Energy Supply Limited,201.0,14070.0
2026-04-04,E_HRHLW-1,SP Renewables (UK) Limited,119.9,9615.0
2026-04-04,T_AKGLW-2,Aikengall 2 CWCL,163.7,14238.0
2026-04-04,T_AKGLW-3,AIK2A Sustainable Energy Ltd,530.8,36097.0
2026-04-04,T_ARCHW-1,SP Renewables (UK) Limited,278.6,24709.0
2026-04-04,T_BENBW-1,Benbrack Wind Farm Limited,264.5,2116.0
2026-04-04,T_BHLAW-1,SSE Generation Ltd,233.0,19921.0
2026-04-04,T_BROCW-1,Smartestenergy Limited,239.7,9348.0
2026-04-04,T_CGTHW-1,Corriegarth Wind Energy LTD,52.0,4195.0
2026-04-04,T_CRDEW-1,EDF Energy Customers Limited,150.8,8145.0
2026-04-04,T_CRDEW-2,EDF Energy Customers Limited,150.8,8145.0
2026-04-04,T_CREAW-1,Creag Riabhach Wind Farm Ltd,80.4,4018.0
2026-04-04,T_CRGHW-1,Statkraft Markets Gmbh,138.5,10661.0
2026-04-04,T_CRMLW-1,EDF Energy Customers Limited,55.2,4745.0
2026-04-04,T_CUMHW-1,Uniper UK Limited,407.4,7600.0
2026-04-04,T_DOREW-1,Dorenell Windfarm Limited,348.1,22491.0
2026-04-04,T_DOREW-2,Dorenell Windfarm Limited,261.6,17916.0
2026-04-04,T_DOUGW-1,Erova Energy Limited,277.4,8323.0
2026-04-04,T_DRSLW-1,SP Renewables (UK) Limited,322.2,25841.0
2026-04-04,T_FALGW-1,Fallago Rig Wind Farm Limited,738.7,61975.0
2026-04-04,T_GLNKW-1,EDF Energy Customers Limited,146.4,5915.0
2026-04-04,T_GORDW-1,SSE Generation Ltd,171.4,14434.0
2026-04-04,T_GORDW-2,SSE Generation Ltd,309.0,4743.0
2026-04-04,T_GRIFW-1,Griffin Wind Farm Ltd,182.7,16666.0
2026-04-04,T_GRIFW-2,Griffin Wind Farm Ltd,186.2,16986.0
2026-04-04,T_HAHAW-1,HAGSHAW HILL REPOWERING LTD,121.8,1413.0
2026-04-04,T_HALSW-1,SP Renewables (UK) Limited,241.7,2736.0
2026-04-04,T_KENNW-1,Kennoxhead Wind Farm Limited,405.5,16940.0
2026-04-04,T_KLGLW-1,SP Renewables (UK) Limited,227.3,18209.0
2026-04-04,T_KPMRW-1,OnPath Energy Limited,49.0,4301.0
2026-04-04,T_KYPEW-1,Kype Extension Wind Farm Ltd,502.5,14573.0
2026-04-04,T_LIMKW-1,Limekiln Extension Ltd,847.4,33898.0
2026-04-04,T_MOWEO-1,Moray Offshore Wind East Ltd,3619.2,180249.0
2026-04-04,T_MOWEO-2,Moray Offshore Wind East Ltd,1572.4,81899.0
2026-04-04,T_MOWEO-3,Moray Offshore Wind East Ltd,933.2,47221.0
2026-04-04,T_MOWWO-1,Moray Offshore Wind West Ltd,1849.0,48539.0
2026-04-04,T_MOWWO-2,Moray Offshore Wind West Ltd,1758.4,46232.0
2026-04-04,T_MOWWO-3,Moray Offshore Wind West Ltd,1590.9,40944.0
2026-04-04,T_MOWWO-4,Moray Offshore Wind West Ltd,2565.4,94021.0
2026-04-04,T_MYGPW-1,Minnygap Energy Limited,123.1,9357.0
2026-04-04,T_NOKYW-1,North Kyle Wind farm Ltd,441.1,12129.0
2026-04-04,T_NOKYW-2,North Kyle Wind farm Ltd,463.4,12743.0
2026-04-04,T_SAKNW-1,Sandy Knowe Wind Farm Ltd,515.9,20638.0
2026-04-04,T_SGRWO-1,Seagreen Wind Energy Limited,4265.1,65128.0
2026-04-04,T_SGRWO-2,Seagreen Wind Energy Limited,806.7,12318.0
2026-04-04,T_SGRWO-3,Seagreen Wind Energy Limited,1989.9,30386.0
2026-04-04,T_SGRWO-4,Seagreen Wind Energy Limited,1931.5,29494.0
2026-04-04,T_SGRWO-5,Seagreen Wind Energy Limited,851.8,13008.0
2026-04-04,T_SGRWO-6,Seagreen Wind Energy Limited,5387.5,82268.0
2026-04-04,T_SOKYW-1,South Kyle Wind Farm Limited,1826.6,73066.0
2026-04-04,T_STLGW-1,Stronelairg Windfarm Limited,125.0,10712.0
2026-04-04,T_STLGW-2,Stronelairg Windfarm Limited,141.2,12108.0
2026-04-04,T_STLGW-3,Stronelairg Windfarm Limited,139.7,11974.0
2026-04-04,T_STRNW-1,Strathy Wind Farm Limited,140.8,11844.0
2026-04-04,T_TWSHW-1,Twentyshilling Limited,269.8,9073.0
2026-04-04,T_VKNGW-1,Viking Energy Wind Farm LLP,1496.4,21877.0
2026-04-04,T_VKNGW-2,Viking Energy Wind Farm LLP,1532.4,22404.0
2026-04-04,T_VKNGW-3,Viking Energy Wind Farm LLP,1424.5,20826.0
2026-04-04,T_VKNGW-4,Viking Energy Wind Farm LLP,1310.1,19154.0
2026-04-04,T_WDRGW-1,Windy Rig Wind Farm Limited,294.2,10108.0
2026-04-04,T_WISTW-2,BROCKLOCH RIG WINDFARM LTD,319.8,25745.0
2026-04-05,2__PENEC001,Eneco Energy Trade,321.2,28268.0
2026-04-05,C__PSTAT011,Statkraft Markets Gmbh,755.2,51356.0
2026-04-05,E_BABAW-1,Statkraft Markets Gmbh,637.3,52260.0
2026-04-05,E_BETHW-1,SP Renewables (UK) Limited,282.3,25053.0
2026-04-05,E_BNWKW-1,Eneco Energy Trade,102.1,9083.0
2026-04-05,E_BTUIW-2,SP Renewables (UK) Limited,126.1,11196.0
2026-04-05,E_GRGRW-1,Evolve Energy Supply Limited,416.7,29172.0
2026-04-05,E_HRHLW-1,SP Renewables (UK) Limited,106.3,8522.0
2026-04-05,E_TULWW-1,Eneco Energy Trade,106.9,9516.0
2026-04-05,T_AKGLW-2,Aikengall 2 CWCL,171.1,14885.0
2026-04-05,T_AKGLW-3,AIK2A Sustainable Energy Ltd,1208.7,82193.0
2026-04-05,T_ARCHW-1,SP Renewables (UK) Limited,127.7,11329.0
2026-04-05,T_BENBW-1,Benbrack Wind Farm Limited,861.2,6889.0
2026-04-05,T_BHLAW-1,SSE Generation Ltd,1198.0,102437.0
2026-04-05,T_BLLA-1,SP Renewables (UK) Limited,63.4,5666.0
2026-04-05,T_BLLA-2,SP Renewables (UK) Limited,390.4,31309.0
2026-04-05,T_BROCW-1,Smartestenergy Limited,347.0,13532.0
2026-04-05,T_CLDCW-1,Clyde Windfarm (Scotland) Ltd,159.1,15667.0
2026-04-05,T_CLDNW-1,Clyde Windfarm (Scotland) Ltd,164.4,15269.0
2026-04-05,T_CRDEW-1,EDF Energy Customers Limited,197.5,10668.0
2026-04-05,T_CRDEW-2,EDF Energy Customers Limited,197.5,10668.0
2026-04-05,T_CRGHW-1,Statkraft Markets Gmbh,448.7,34550.0
2026-04-05,T_CRMLW-1,EDF Energy Customers Limited,578.9,49788.0
2026-04-05,T_CRYRW-2,Eneco Energy Trade,880.8,74516.0
2026-04-05,T_CRYRW-3,Eneco Energy Trade,105.1,8061.0
2026-04-05,T_CUMHW-1,Uniper UK Limited,418.7,20484.0
2026-04-05,T_DOREW-1,Dorenell Windfarm Limited,95.3,3474.0
2026-04-05,T_DOREW-2,Dorenell Windfarm Limited,690.3,71512.0
2026-04-05,T_DOUGW-1,Erova Energy Limited,555.2,16655.0
2026-04-05,T_DRSLW-1,SP Renewables (UK) Limited,320.4,25697.0
2026-04-05,T_DUNGW-1,Dunmaglass Wind Farm Limited,680.9,61675.0
2026-04-05,T_EWHLW-1,SP Renewables (UK) Limited,84.5,6780.0
2026-04-05,T_FALGW-1,Fallago Rig Wind Farm Limited,1387.6,116416.0
2026-04-05,T_GLNKW-1,EDF Energy Customers Limited,720.5,29108.0
2026-04-05,T_GLWSW-1,GALAWHISTLE WIND FARM,88.3,7869.0
2026-04-05,T_GORDW-1,SSE Generation Ltd,131.4,11059.0
2026-04-05,T_GORDW-2,SSE Generation Ltd,216.8,3327.0
2026-04-05,T_GRIFW-1,Griffin Wind Farm Ltd,455.8,41574.0
2026-04-05,T_GRIFW-2,Griffin Wind Farm Ltd,414.5,37804.0
2026-04-05,T_HAHAW-1,HAGSHAW HILL REPOWERING LTD,0.5,5.0
2026-04-05,T_HALSW-1,SP Renewables (UK) Limited,629.8,7130.0
2026-04-05,T_HOWBO-1,Breesea Limited,235.7,24745.0
2026-04-05,T_HOWBO-2,Sonningmay Wind Limited,216.4,22727.0
2026-04-05,T_HOWBO-3,Soundmark Wind Limited,216.4,22727.0
2026-04-05,T_HRSTW-1,SP Renewables (UK) Limited,446.6,39777.0
2026-04-05,T_KENNW-1,Kennoxhead Wind Farm Limited,2.6,83.0
2026-04-05,T_KLGLW-1,SP Renewables (UK) Limited,528.2,42306.0
2026-04-05,T_KYPEW-1,Kype Extension Wind Farm Ltd,0.7,21.0
2026-04-05,T_LIMKW-1,Limekiln Extension Ltd,1192.9,47716.0
2026-04-05,T_MKHLW-1,SP Renewables (UK) Limited,55.3,4911.0
2026-04-05,T_MOWEO-1,Moray Offshore Wind East Ltd,1695.5,60642.0
2026-04-05,T_MOWEO-2,Moray Offshore Wind East Ltd,1253.0,44118.0
2026-04-05,T_MOWEO-3,Moray Offshore Wind East Ltd,741.5,25542.0
2026-04-05,T_MOWWO-1,Moray Offshore Wind West Ltd,4064.3,128818.0
2026-04-05,T_MOWWO-2,Moray Offshore Wind West Ltd,3921.4,124316.0
2026-04-05,T_MOWWO-3,Moray Offshore Wind West Ltd,3030.2,95950.0
2026-04-05,T_MOWWO-4,Moray Offshore Wind West Ltd,2949.4,108096.0
2026-04-05,T_MYGPW-1,Minnygap Energy Limited,300.2,22816.0
2026-04-05,T_NOKYW-1,North Kyle Wind farm Ltd,284.5,7825.0
2026-04-05,T_NOKYW-2,North Kyle Wind farm Ltd,306.0,8415.0
2026-04-05,T_PNYCW-1,Pen y Cymoedd Wind Farm LTD,252.0,24193.0
2026-04-05,T_SAKNW-1,Sandy Knowe Wind Farm Ltd,260.4,10418.0
2026-04-05,T_SGRWO-1,Seagreen Wind Energy Limited,4591.1,70106.0
2026-04-05,T_SGRWO-2,Seagreen Wind Energy Limited,1106.2,16892.0
2026-04-05,T_SGRWO-3,Seagreen Wind Energy Limited,2422.0,36984.0
2026-04-05,T_SGRWO-4,Seagreen Wind Energy Limited,2178.2,33261.0
2026-04-05,T_SGRWO-5,Seagreen Wind Energy Limited,1274.6,19464.0
2026-04-05,T_SGRWO-6,Seagreen Wind Energy Limited,5630.3,85974.0
2026-04-05,T_SOKYW-1,South Kyle Wind Farm Limited,2045.9,81837.0
2026-04-05,T_STLGW-1,Stronelairg Windfarm Limited,921.7,79010.0
2026-04-05,T_STLGW-2,Stronelairg Windfarm Limited,1040.2,89168.0
2026-04-05,T_STLGW-3,Stronelairg Windfarm Limited,893.0,76544.0
2026-04-05,T_STRNW-1,Strathy Wind Farm Limited,963.2,81009.0
2026-04-05,T_TWSHW-1,Twentyshilling Limited,356.7,11997.0
2026-04-05,T_VKNGW-1,Viking Energy Wind Farm LLP,1629.1,23818.0
2026-04-05,T_VKNGW-2,Viking Energy Wind Farm LLP,1679.9,24559.0
2026-04-05,T_VKNGW-3,Viking Energy Wind Farm LLP,1556.3,22754.0
2026-04-05,T_VKNGW-4,Viking Energy Wind Farm LLP,1565.7,22890.0
2026-04-05,T_WDRGW-1,Windy Rig Wind Farm Limited,681.5,23418.0
2026-04-05,T_WHILW-1,SP Renewables (UK) Limited,872.6,78721.0
2026-04-05,T_WHILW-2,SP Renewables (UK) Limited,79.3,7083.0
2026-04-05,T_WISTW-2,BROCKLOCH RIG WINDFARM LTD,600.6,48349.0
2026-04-06,2__PENEC001,Eneco Energy Trade,6.5,573.0
2026-04-06,2__PENEC002,Eneco Energy Trade,10.7,960.0
2026-04-06,C__PSTAT011,Statkraft Markets Gmbh,74.8,5086.0
2026-04-06,E_ABRTW-1,Npower Commercial Gas Limited,6.9,632.0
2026-04-06,E_ASHWW-1,Statkraft Markets Gmbh,8.3,814.0
2026-04-06,E_ASLVW-1,Npower Commercial Gas Limited,25.3,2305.0
2026-04-06,E_BABAW-1,Statkraft Markets Gmbh,19.3,1583.0
2026-04-06,E_BETHW-1,SP Renewables (UK) Limited,6.8,606.0
2026-04-06,E_BLARW-1,Erova Energy Limited,197.5,5678.0
2026-04-06,E_BNWKW-1,Eneco Energy Trade,3.7,331.0
2026-04-06,E_BRDUW-1,Erova Energy Limited,9.3,915.0
2026-04-06,E_BTUIW-2,SP Renewables (UK) Limited,66.1,5866.0
2026-04-06,E_CLDRW-1,Vattenfall Energy Trading,2.1,191.0
2026-04-06,E_CLFLW-1,SP Renewables (UK) Limited,6.7,595.0
2026-04-06,E_GRGRW-1,Evolve Energy Supply Limited,55.0,3848.0
2026-04-06,E_HRHLW-1,SP Renewables (UK) Limited,56.3,4511.0
2026-04-06,E_MOYEW-1,Eneco Energy Trade,8.6,800.0
2026-04-06,E_TULWW-1,Eneco Energy Trade,7.6,677.0
2026-04-06,T_AFTOW-1,Afton Wind Farm Limited,77.3,6573.0
2026-04-06,T_AKGLW-2,Aikengall 2 CWCL,55.8,4854.0
2026-04-06,T_AKGLW-3,AIK2A Sustainable Energy Ltd,78.2,5316.0
2026-04-06,T_ARCHW-1,SP Renewables (UK) Limited,219.4,19462.0
2026-04-06,T_BENBW-1,Benbrack Wind Farm Limited,248.0,1984.0
2026-04-06,T_BHLAW-1,SSE Generation Ltd,2.7,234.0
2026-04-06,T_BLLA-1,SP Renewables (UK) Limited,62.7,5608.0
2026-04-06,T_BLLA-2,SP Renewables (UK) Limited,54.1,4341.0
2026-04-06,T_BROCW-1,Smartestenergy Limited,114.9,4481.0
2026-04-06,T_CLDCW-1,Clyde Windfarm (Scotland) Ltd,4.1,401.0
2026-04-06,T_CLDNW-1,Clyde Windfarm (Scotland) Ltd,3.9,358.0
2026-04-06,T_COUWW-1,Cour Wind farm (Scotland) Ltd,6.9,679.0
2026-04-06,T_CRDEW-1,EDF Energy Customers Limited,25.7,1390.0
2026-04-06,T_CRDEW-2,EDF Energy Customers Limited,25.7,1390.0
2026-04-06,T_CRGHW-1,Statkraft Markets Gmbh,87.4,6727.0
2026-04-06,T_CRYRW-2,Eneco Energy Trade,98.6,8338.0
2026-04-06,T_CRYRW-3,Eneco Energy Trade,15.0,1150.0
2026-04-06,T_CUMHW-1,Uniper UK Limited,128.4,1946.0
2026-04-06,T_DNLWW-1,SP Renewables (UK) Limited,13.4,1193.0
2026-04-06,T_DOREW-1,Dorenell Windfarm Limited,256.5,6699.0
2026-04-06,T_DOREW-2,Dorenell Windfarm Limited,172.3,4516.0
2026-04-06,T_DOUGW-1,Erova Energy Limited,79.2,2377.0
2026-04-06,T_DRSLW-1,SP Renewables (UK) Limited,142.6,11438.0
2026-04-06,T_EDINW-1,Vattenfall Wind Power Ltd,11.7,1288.0
2026-04-06,T_EWHLW-1,SP Renewables (UK) Limited,20.8,1671.0
2026-04-06,T_FALGW-1,Fallago Rig Wind Farm Limited,75.7,6350.0
2026-04-06,T_GLNKW-1,EDF Energy Customers Limited,56.3,2274.0
2026-04-06,T_GLWSW-1,GALAWHISTLE WIND FARM,18.7,1665.0
2026-04-06,T_GNAPW-1,SP Renewables (UK) Limited,38.3,3071.0
2026-04-06,T_GORDW-1,SSE Generation Ltd,1.7,142.0
2026-04-06,T_GORDW-2,SSE Generation Ltd,139.0,2134.0
2026-04-06,T_HALSW-1,SP Renewables (UK) Limited,288.0,3260.0
2026-04-06,T_HOWBO-1,Breesea Limited,155.6,2035.0
2026-04-06,T_HOWBO-2,Sonningmay Wind Limited,162.4,2044.0
2026-04-06,T_HOWBO-3,Soundmark Wind Limited,161.5,1929.0
2026-04-06,T_HRSTW-1,SP Renewables (UK) Limited,65.5,5832.0
2026-04-06,T_KENNW-1,Kennoxhead Wind Farm Limited,193.0,6064.0
2026-04-06,T_KILBW-1,Kilbraur Wind Energy Ltd,6.9,651.0
2026-04-06,T_KLGLW-1,SP Renewables (UK) Limited,982.0,78656.0
2026-04-06,T_KPMRW-1,OnPath Energy Limited,115.5,7214.0
2026-04-06,T_KYPEW-1,Kype Extension Wind Farm Ltd,205.3,5953.0
2026-04-06,T_LIMKW-1,Limekiln Extension Ltd,39.4,1574.0
2026-04-06,T_MIDMW-1,OnPath Energy Limited,145.6,9147.0
2026-04-06,T_MKHLW-1,SP Renewables (UK) Limited,93.2,8271.0
2026-04-06,T_MOWEO-1,Moray Offshore Wind East Ltd,3426.0,28103.0
2026-04-06,T_MOWEO-2,Moray Offshore Wind East Ltd,2442.1,20418.0
2026-04-06,T_MOWEO-3,Moray Offshore Wind East Ltd,1524.5,14789.0
2026-04-06,T_MOWWO-1,Moray Offshore Wind West Ltd,1764.3,31670.0
2026-04-06,T_MOWWO-2,Moray Offshore Wind West Ltd,1594.9,28473.0
2026-04-06,T_MOWWO-3,Moray Offshore Wind West Ltd,1479.2,26237.0
2026-04-06,T_MOWWO-4,Moray Offshore Wind West Ltd,441.5,16182.0
2026-04-06,T_MYGPW-1,Minnygap Energy Limited,26.9,2046.0
2026-04-06,T_NNGAO-1,Neart Na Gaoithe Offshore Wind,53.4,4917.0
2026-04-06,T_NNGAO-2,Neart Na Gaoithe Offshore Wind,37.9,3450.0
2026-04-06,T_NOKYW-1,North Kyle Wind farm Ltd,517.7,14237.0
2026-04-06,T_NOKYW-2,North Kyle Wind farm Ltd,482.5,13269.0
2026-04-06,T_PNYCW-1,Pen y Cymoedd Wind Farm LTD,222.1,21321.0
2026-04-06,T_SAKNW-1,Sandy Knowe Wind Farm Ltd,207.0,8281.0
2026-04-06,T_SANQW-1,SANQUHAR CWCL,35.4,3165.0
2026-04-06,T_SGRWO-1,Seagreen Wind Energy Limited,2489.2,38010.0
2026-04-06,T_SGRWO-2,Seagreen Wind Energy Limited,576.0,8796.0
2026-04-06,T_SGRWO-3,Seagreen Wind Energy Limited,1143.5,17462.0
2026-04-06,T_SGRWO-4,Seagreen Wind Energy Limited,1044.8,15954.0
2026-04-06,T_SGRWO-5,Seagreen Wind Energy Limited,633.9,9680.0
2026-04-06,T_SGRWO-6,Seagreen Wind Energy Limited,2738.7,41820.0
2026-04-06,T_SOKYW-1,South Kyle Wind Farm Limited,731.1,29245.0
2026-04-06,T_STLGW-1,Stronelairg Windfarm Limited,5.2,446.0
2026-04-06,T_STLGW-2,Stronelairg Windfarm Limited,7.2,620.0
2026-04-06,T_STLGW-3,Stronelairg Windfarm Limited,6.6,562.0
2026-04-06,T_TKNEW-1,Triton Knoll Offshore Wind,15.1,1432.0
2026-04-06,T_TKNWW-1,Triton Knoll Offshore Wind,28.5,2657.0
2026-04-06,T_TRLGW-1,Smartestenergy Limited,6.7,674.0
2026-04-06,T_TWSHW-1,Twentyshilling Limited,174.2,5857.0
2026-04-06,T_VKNGW-1,Viking Energy Wind Farm LLP,245.1,3583.0
2026-04-06,T_VKNGW-2,Viking Energy Wind Farm LLP,234.8,3433.0
2026-04-06,T_VKNGW-3,Viking Energy Wind Farm LLP,176.7,2583.0
2026-04-06,T_VKNGW-4,Viking Energy Wind Farm LLP,171.6,2509.0
2026-04-06,T_WDRGW-1,Windy Rig Wind Farm Limited,233.6,8025.0
2026-04-06,T_WHIHW-1,Whiteside Hill,33.6,3024.0
2026-04-06,T_WHILW-1,SP Renewables (UK) Limited,123.3,11121.0
2026-04-06,T_WHILW-2,SP Renewables (UK) Limited,74.0,6613.0
2026-04-06,T_WISTW-2,BROCKLOCH RIG WINDFARM LTD,155.4,12507.0
2026-04-07,2__PEDGE003,Edgware Energy Limited,25.7,2653.0
2026-04-07,2__PEDGE004,Edgware Energy Limited,2.6,265.0
2026-04-07,2__PENEC001,Eneco Energy Trade,94.5,8314.0
2026-04-07,2__PENEC002,Eneco Energy Trade,121.9,10954.0
2026-04-07,C__PSTAT011,Statkraft Markets Gmbh,324.0,22034.0
2026-04-07,E_BABAW-1,Statkraft Markets Gmbh,241.3,19787.0
2026-04-07,E_BETHW-1,SP Renewables (UK) Limited,28.1,2490.0
2026-04-07,E_BLARW-1,Erova Energy Limited,42.4,1175.0
2026-04-07,E_BNWKW-1,Eneco Energy Trade,69.5,6183.0
2026-04-07,E_CLDRW-1,Vattenfall Energy Trading,11.2,1034.0
2026-04-07,E_GRGRW-1,Evolve Energy Supply Limited,6.8,473.0
2026-04-07,E_HLTWW-1,ScottishPower Energy Retail,13.6,1404.0
2026-04-07,E_TULWW-1,Eneco Energy Trade,30.3,2700.0
2026-04-07,T_AKGLW-2,Aikengall 2 CWCL,46.9,4083.0
2026-04-07,T_AKGLW-3,AIK2A Sustainable Energy Ltd,63.9,4342.0
2026-04-07,T_BENBW-1,Benbrack Wind Farm Limited,202.3,1619.0
2026-04-07,T_BHLAW-1,SSE Generation Ltd,139.7,11944.0
2026-04-07,T_BROCW-1,Smartestenergy Limited,40.9,1595.0
2026-04-07,T_CRDEW-1,EDF Energy Customers Limited,13.9,749.0
2026-04-07,T_CRDEW-2,EDF Energy Customers Limited,14.1,762.0
2026-04-07,T_CREAW-1,Creag Riabhach Wind Farm Ltd,245.1,12793.0
2026-04-07,T_CRGHW-1,Statkraft Markets Gmbh,55.1,4244.0
2026-04-07,T_CRYRW-2,Eneco Energy Trade,25.4,2147.0
2026-04-07,T_CRYRW-3,Eneco Energy Trade,14.5,1110.0
2026-04-07,T_CUMHW-1,Uniper UK Limited,31.9,484.0
2026-04-07,T_DOREW-1,Dorenell Windfarm Limited,186.2,2262.0
2026-04-07,T_DOREW-2,Dorenell Windfarm Limited,196.8,2157.0
2026-04-07,T_DOUGW-1,Erova Energy Limited,96.8,2905.0
2026-04-07,T_DRSLW-1,SP Renewables (UK) Limited,62.4,5001.0
2026-04-07,T_DUNGW-1,Dunmaglass Wind Farm Limited,208.7,18902.0
2026-04-07,T_EWHLW-1,SP Renewables (UK) Limited,27.7,2222.0
2026-04-07,T_FALGW-1,Fallago Rig Wind Farm Limited,87.9,7377.0
2026-04-07,T_FARR-1,Smartestenergy Limited,113.2,10418.0
2026-04-07,T_FARR-2,Smartestenergy Limited,105.8,9736.0
2026-04-07,T_GLNKW-1,EDF Energy Customers Limited,452.3,18273.0
2026-04-07,T_GNAPW-1,SP Renewables (UK) Limited,26.6,2133.0
2026-04-07,T_GORDW-1,SSE Generation Ltd,346.6,29177.0
2026-04-07,T_GORDW-2,SSE Generation Ltd,142.1,2181.0
2026-04-07,T_HAHAW-1,HAGSHAW HILL REPOWERING LTD,40.2,466.0
2026-04-07,T_HALSW-1,SP Renewables (UK) Limited,424.5,4805.0
2026-04-07,T_KENNW-1,Kennoxhead Wind Farm Limited,148.9,7731.0
2026-04-07,T_KILBW-1,Kilbraur Wind Energy Ltd,12.6,1195.0
2026-04-07,T_KPMRW-1,OnPath Energy Limited,122.9,3691.0
2026-04-07,T_KYPEW-1,Kype Extension Wind Farm Ltd,191.1,5543.0
2026-04-07,T_LIMKW-1,Limekiln Extension Ltd,792.8,31712.0
2026-04-07,T_MIDMW-1,OnPath Energy Limited,40.3,1169.0
2026-04-07,T_MOWEO-1,Moray Offshore Wind East Ltd,3374.4,45712.0
2026-04-07,T_MOWEO-2,Moray Offshore Wind East Ltd,2609.0,40902.0
2026-04-07,T_MOWEO-3,Moray Offshore Wind East Ltd,1566.9,24162.0
2026-04-07,T_MOWWO-1,Moray Offshore Wind West Ltd,2537.3,57618.0
2026-04-07,T_MOWWO-2,Moray Offshore Wind West Ltd,2237.5,52147.0
2026-04-07,T_MOWWO-3,Moray Offshore Wind West Ltd,1993.7,45894.0
2026-04-07,T_MOWWO-4,Moray Offshore Wind West Ltd,2874.2,105340.0
2026-04-07,T_MYGPW-1,Minnygap Energy Limited,9.4,711.0
2026-04-07,T_NOKYW-1,North Kyle Wind farm Ltd,444.8,12231.0
2026-04-07,T_NOKYW-2,North Kyle Wind farm Ltd,529.3,14554.0
2026-04-07,T_SAKNW-1,Sandy Knowe Wind Farm Ltd,212.5,8501.0
2026-04-07,T_SGRWO-1,Seagreen Wind Energy Limited,4474.9,66899.0
2026-04-07,T_SGRWO-2,Seagreen Wind Energy Limited,887.5,13268.0
2026-04-07,T_SGRWO-3,Seagreen Wind Energy Limited,2256.3,33732.0
2026-04-07,T_SGRWO-4,Seagreen Wind Energy Limited,1985.7,29686.0
2026-04-07,T_SGRWO-5,Seagreen Wind Energy Limited,902.3,13489.0
2026-04-07,T_SGRWO-6,Seagreen Wind Energy Limited,6105.6,91279.0
2026-04-07,T_SOKYW-1,South Kyle Wind Farm Limited,510.2,20406.0
2026-04-07,T_STLGW-1,Stronelairg Windfarm Limited,343.7,29466.0
2026-04-07,T_STLGW-2,Stronelairg Windfarm Limited,255.5,21901.0
2026-04-07,T_STLGW-3,Stronelairg Windfarm Limited,366.3,31396.0
2026-04-07,T_STRNW-1,Strathy Wind Farm Limited,371.9,31273.0
2026-04-07,T_TWSHW-1,Twentyshilling Limited,104.8,3525.0
2026-04-07,T_VKNGW-1,Viking Energy Wind Farm LLP,1343.9,19648.0
2026-04-07,T_VKNGW-2,Viking Energy Wind Farm LLP,1358.4,19860.0
2026-04-07,T_VKNGW-3,Viking Energy Wind Farm LLP,1395.9,20408.0
2026-04-07,T_VKNGW-4,Viking Energy Wind Farm LLP,1323.7,19353.0
2026-04-07,T_WDRGW-1,Windy Rig Wind Farm Limited,134.8,4631.0
2026-04-07,T_WISTW-2,BROCKLOCH RIG WINDFARM LTD,49.6,3995.0
2026-04-08,T_EDINW-1,Vattenfall Wind Power Ltd,16.6,1826.0
2026-04-08,T_GORDW-2,SSE Generation Ltd,0.0,1.0
2026-04-08,T_HAHAW-1,HAGSHAW HILL REPOWERING LTD,6.0,70.0
2026-04-08,T_HALSW-1,SP Renewables (UK) Limited,43.5,492.0
2026-04-08,T_MOWEO-1,Moray Offshore Wind East Ltd,1161.8,11899.0
2026-04-08,T_MOWEO-2,Moray Offshore Wind East Ltd,259.5,4355.0
2026-04-08,T_MOWEO-3,Moray Offshore Wind East Ltd,182.5,2300.0
2026-04-08,T_MOWWO-1,Moray Offshore Wind West Ltd,73.3,1503.0
2026-04-08,T_SGRWO-1,Seagreen Wind Energy Limited,866.2,12950.0
2026-04-08,T_SGRWO-2,Seagreen Wind Energy Limited,1.0,15.0
2026-04-08,T_SGRWO-3,Seagreen Wind Energy Limited,3.2,48.0
2026-04-08,T_SGRWO-4,Seagreen Wind Energy Limited,248.0,3708.0
2026-04-08,T_SGRWO-6,Seagreen Wind Energy Limited,1461.2,21846.0
2026-04-08,T_VKNGW-1,Viking Energy Wind Farm LLP,324.8,4749.0
2026-04-08,T_VKNGW-2,Viking Energy Wind Farm LLP,267.4,3909.0
2026-04-08,T_VKNGW-3,Viking Energy Wind Farm LLP,223.1,3262.0
2026-04-08,T_VKNGW-4,Viking Energy Wind Farm LLP,208.0,3041.0
2026-04-09,C__PSTAT011,Statkraft Markets Gmbh,8.2,560.0
2026-04-09,E_BLARW-1,Erova Energy Limited,147.9,4297.0
2026-04-09,E_BTUIW-3,SP Renewables (UK) Limited,471.7,5169.0
2026-04-09,T_AKGLW-2,Aikengall 2 CWCL,35.9,3125.0
2026-04-09,T_AKGLW-3,AIK2A Sustainable Energy Ltd,4.4,301.0
2026-04-09,T_BENBW-1,Benbrack Wind Farm Limited,538.2,4306.0
2026-04-09,T_CUMHW-1,Uniper UK Limited,204.7,3104.0
2026-04-09,T_DALQW-1,Statkraft Markets Gmbh,9.9,604.0
2026-04-09,T_DOREW-1,Dorenell Windfarm Limited,202.1,7728.0
2026-04-09,T_DOREW-2,Dorenell Windfarm Limited,134.9,4377.0
2026-04-09,T_DOUGW-1,Erova Energy Limited,274.7,8242.0
2026-04-09,T_EDINW-1,Vattenfall Wind Power Ltd,0.0,1.0
2026-04-09,T_GLNKW-1,EDF Energy Customers Limited,87.9,3552.0
2026-04-09,T_GORDW-2,SSE Generation Ltd,89.5,1373.0
2026-04-09,T_GRGBW-3,Greater Gabbard Offshore Winds,33.0,5586.0
2026-04-09,T_HALSW-1,SP Renewables (UK) Limited,67.9,769.0
2026-04-09,T_KENNW-1,Kennoxhead Wind Farm Limited,440.4,13837.0
2026-04-09,T_KPMRW-1,OnPath Energy Limited,85.7,5033.0
2026-04-09,T_KYPEW-1,Kype Extension Wind Farm Ltd,440.0,12761.0
2026-04-09,T_LIMKW-1,Limekiln Extension Ltd,286.4,8593.0
2026-04-09,T_MIDMW-1,OnPath Energy Limited,105.7,5223.0
2026-04-09,T_MOWEO-1,Moray Offshore Wind East Ltd,802.9,23486.0
2026-04-09,T_MOWEO-3,Moray Offshore Wind East Ltd,445.6,13270.0
2026-04-09,T_MOWWO-1,Moray Offshore Wind West Ltd,572.2,13105.0
2026-04-09,T_MOWWO-2,Moray Offshore Wind West Ltd,542.0,12415.0
2026-04-09,T_MOWWO-3,Moray Offshore Wind West Ltd,261.7,6079.0
2026-04-09,T_MOWWO-4,Moray Offshore Wind West Ltd,327.7,12011.0
2026-04-09,T_NOKYW-1,North Kyle Wind farm Ltd,961.6,26445.0
2026-04-09,T_NOKYW-2,North Kyle Wind farm Ltd,963.7,26501.0
2026-04-09,T_SAKNW-1,Sandy Knowe Wind Farm Ltd,281.4,11258.0
2026-04-09,T_SGRWO-1,Seagreen Wind Energy Limited,2681.7,40092.0
2026-04-09,T_SGRWO-2,Seagreen Wind Energy Limited,669.6,10010.0
2026-04-09,T_SGRWO-3,Seagreen Wind Energy Limited,1524.9,22798.0
2026-04-09,T_SGRWO-4,Seagreen Wind Energy Limited,1178.4,17617.0
2026-04-09,T_SGRWO-5,Seagreen Wind Energy Limited,648.6,9697.0
2026-04-09,T_SGRWO-6,Seagreen Wind Energy Limited,2523.4,37724.0
2026-04-09,T_SOKYW-1,South Kyle Wind Farm Limited,1485.2,59409.0
2026-04-09,T_TWSHW-1,Twentyshilling Limited,263.9,8876.0
2026-04-09,T_VKNGW-1,Viking Energy Wind Farm LLP,117.8,1723.0
2026-04-09,T_VKNGW-2,Viking Energy Wind Farm LLP,109.5,1601.0
2026-04-09,T_VKNGW-3,Viking Energy Wind Farm LLP,85.0,1243.0
2026-04-09,T_VKNGW-4,Viking Energy Wind Farm LLP,130.7,1911.0
2026-04-09,T_WDRGW-1,Windy Rig Wind Farm Limited,294.0,10101.0
2026-04-10,2__PENEC001,Eneco Energy Trade,32.4,2851.0
2026-04-10,2__PSTAT001,Statkraft Markets Gmbh,170.2,14416.0
2026-04-10,C__PSTAT011,Statkraft Markets Gmbh,218.5,14857.0
2026-04-10,E_BABAW-1,Statkraft Markets Gmbh,250.8,20564.0
2026-04-10,E_BETHW-1,SP Renewables (UK) Limited,15.7,1394.0
2026-04-10,E_BLARW-1,Erova Energy Limited,133.3,5269.0
2026-04-10,E_BTUIW-3,SP Renewables (UK) Limited,510.1,5591.0
2026-04-10,E_GRGRW-1,Evolve Energy Supply Limited,11.7,817.0
2026-04-10,E_TULWW-1,Eneco Energy Trade,10.8,962.0
2026-04-10,T_AKGLW-3,AIK2A Sustainable Energy Ltd,542.8,36911.0
2026-04-10,T_BDCHW-1,RWE Generation UK plc,151.7,13720.0
2026-04-10,T_BENBW-1,Benbrack Wind Farm Limited,376.4,3011.0
2026-04-10,T_BHLAW-1,SSE Generation Ltd,531.1,45412.0
2026-04-10,T_CREAW-1,Creag Riabhach Wind Farm Ltd,426.4,24731.0
2026-04-10,T_CRGHW-1,Statkraft Markets Gmbh,244.6,18834.0
2026-04-10,T_CRMLW-1,EDF Energy Customers Limited,14.8,1271.0
2026-04-10,T_CRYRW-3,Eneco Energy Trade,0.1,6.0
2026-04-10,T_CUMHW-1,Uniper UK Limited,210.8,4689.0
2026-04-10,T_DALQW-1,Statkraft Markets Gmbh,8.9,543.0
2026-04-10,T_DOREW-1,Dorenell Windfarm Limited,609.5,25401.0
2026-04-10,T_DOREW-2,Dorenell Windfarm Limited,499.4,22352.0
2026-04-10,T_DOUGW-1,Erova Energy Limited,168.9,5068.0
2026-04-10,T_EDINW-1,Vattenfall Wind Power Ltd,48.8,5365.0
2026-04-10,T_GLNKW-1,EDF Energy Customers Limited,364.0,14707.0
2026-04-10,T_GORDW-1,SSE Generation Ltd,325.4,27394.0
2026-04-10,T_GORDW-2,SSE Generation Ltd,374.0,5739.0
2026-04-10,T_HAHAW-1,HAGSHAW HILL REPOWERING LTD,16.8,195.0
2026-04-10,T_HALSW-1,SP Renewables (UK) Limited,305.3,3456.0
2026-04-10,T_KENNW-1,Kennoxhead Wind Farm Limited,250.8,8149.0
2026-04-10,T_KLGLW-1,SP Renewables (UK) Limited,727.6,58283.0
2026-04-10,T_KPMRW-1,OnPath Energy Limited,238.7,17752.0
2026-04-10,T_KYPEW-1,Kype Extension Wind Farm Ltd,268.1,7774.0
2026-04-10,T_LIMKW-1,Limekiln Extension Ltd,1030.5,30914.0
2026-04-10,T_MIDMW-1,OnPath Energy Limited,142.9,10582.0
2026-04-10,T_MOWEO-1,Moray Offshore Wind East Ltd,3607.1,95215.0
2026-04-10,T_MOWEO-2,Moray Offshore Wind East Ltd,2972.1,80039.0
2026-04-10,T_MOWEO-3,Moray Offshore Wind East Ltd,2814.8,69285.0
2026-04-10,T_MOWWO-1,Moray Offshore Wind West Ltd,2204.7,47190.0
2026-04-10,T_MOWWO-2,Moray Offshore Wind West Ltd,2032.5,43298.0
2026-04-10,T_MOWWO-3,Moray Offshore Wind West Ltd,1631.2,34983.0
2026-04-10,T_MOWWO-4,Moray Offshore Wind West Ltd,2516.0,92212.0
2026-04-10,T_MYGPW-1,Minnygap Energy Limited,2.9,222.0
2026-04-10,T_NNGAO-1,Neart Na Gaoithe Offshore Wind,347.4,38960.0
2026-04-10,T_NNGAO-2,Neart Na Gaoithe Offshore Wind,389.2,43080.0
2026-04-10,T_NOKYW-1,North Kyle Wind farm Ltd,983.3,27042.0
2026-04-10,T_NOKYW-2,North Kyle Wind farm Ltd,1072.7,29499.0
2026-04-10,T_SAKNW-1,Sandy Knowe Wind Farm Ltd,322.6,12904.0
2026-04-10,T_SGRWO-1,Seagreen Wind Energy Limited,2974.5,44470.0
2026-04-10,T_SGRWO-2,Seagreen Wind Energy Limited,796.9,11914.0
2026-04-10,T_SGRWO-3,Seagreen Wind Energy Limited,1655.7,24752.0
2026-04-10,T_SGRWO-4,Seagreen Wind Energy Limited,1588.2,23744.0
2026-04-10,T_SGRWO-5,Seagreen Wind Energy Limited,856.2,12800.0
2026-04-10,T_SGRWO-6,Seagreen Wind Energy Limited,3688.5,55142.0
2026-04-10,T_SOKYW-1,South Kyle Wind Farm Limited,616.9,24677.0
2026-04-10,T_STLGW-1,Stronelairg Windfarm Limited,278.0,23827.0
2026-04-10,T_STLGW-2,Stronelairg Windfarm Limited,354.8,30408.0
2026-04-10,T_STLGW-3,Stronelairg Windfarm Limited,408.8,35039.0
2026-04-10,T_STRNW-1,Strathy Wind Farm Limited,291.9,24549.0
2026-04-10,T_TWSHW-1,Twentyshilling Limited,288.0,9685.0
2026-04-10,T_VKNGW-1,Viking Energy Wind Farm LLP,137.4,2006.0
2026-04-10,T_VKNGW-2,Viking Energy Wind Farm LLP,122.4,1787.0
2026-04-10,T_VKNGW-3,Viking Energy Wind Farm LLP,97.1,1418.0
2026-04-10,T_VKNGW-4,Viking Energy Wind Farm LLP,165.9,2424.0
2026-04-10,T_WDRGW-1,Windy Rig Wind Farm Limited,330.1,11342.0
2026-04-11,2__PEDGE003,Edgware Energy Limited,196.8,20339.0
2026-04-11,2__PEDGE004,Edgware Energy Limited,95.8,9814.0
2026-04-11,2__PENEC001,Eneco Energy Trade,640.2,56334.0
2026-04-11,2__PENEC002,Eneco Energy Trade,589.0,52948.0
2026-04-11,2__PSMAE001,Smartestenergy Limited,124.6,11466.0
2026-04-11,2__PSTAT001,Statkraft Markets Gmbh,628.0,53193.0
2026-04-11,C__PSTAT011,Statkraft Markets Gmbh,925.8,62953.0
2026-04-11,E_ABRTW-1,Npower Commercial Gas Limited,305.2,27773.0
2026-04-11,E_ASLVW-1,Npower Commercial Gas Limited,138.7,12621.0
2026-04-11,E_BABAW-1,Statkraft Markets Gmbh,817.8,67059.0
2026-04-11,E_BETHW-1,SP Renewables (UK) Limited,365.9,32478.0
2026-04-11,E_BLARW-1,Erova Energy Limited,245.3,20291.0
2026-04-11,E_BNWKW-1,Eneco Energy Trade,402.2,35794.0
2026-04-11,E_BRDUW-1,Erova Energy Limited,477.5,46792.0
2026-04-11,E_BTUIW-3,SP Renewables (UK) Limited,471.2,5164.0
2026-04-11,E_CLDRW-1,Vattenfall Energy Trading,503.5,46318.0
2026-04-11,E_GDSTW-1,Mobius Renewables Gen. (GB),64.2,6741.0
2026-04-11,E_GRGRW-1,Evolve Energy Supply Limited,550.0,38503.0
2026-04-11,E_HLTWW-1,ScottishPower Energy Retail,170.4,17577.0
2026-04-11,E_HRHLW-1,SP Renewables (UK) Limited,339.2,27204.0
2026-04-11,E_MOYEW-1,Eneco Energy Trade,498.1,46324.0
2026-04-11,E_TULWW-1,Eneco Energy Trade,284.8,25345.0
2026-04-11,T_AFTOW-1,Afton Wind Farm Limited,192.6,16375.0
2026-04-11,T_AKGLW-2,Aikengall 2 CWCL,317.0,27581.0
2026-04-11,T_AKGLW-3,AIK2A Sustainable Energy Ltd,1396.0,94931.0
2026-04-11,T_ARCHW-1,SP Renewables (UK) Limited,258.5,22926.0
2026-04-11,T_BDCHW-1,RWE Generation UK plc,0.6,101.0
2026-04-11,T_BENBW-1,Benbrack Wind Farm Limited,532.5,4260.0
2026-04-11,T_BHLAW-1,SSE Generation Ltd,1378.0,117760.0
2026-04-11,T_BLLA-1,SP Renewables (UK) Limited,978.7,87509.0
2026-04-11,T_BLLA-2,SP Renewables (UK) Limited,297.6,23862.0
2026-04-11,T_BOWLW-1,Barrow Offshore Wind Limited,177.6,16215.0
2026-04-11,T_CLDNW-1,Clyde Windfarm (Scotland) Ltd,1101.3,102202.0
2026-04-11,T_CLDSW-1,Clyde Windfarm (Scotland) Ltd,882.6,85803.0
2026-04-11,T_CREAW-1,Creag Riabhach Wind Farm Ltd,1109.1,64326.0
2026-04-11,T_CRGHW-1,Statkraft Markets Gmbh,569.2,43830.0
2026-04-11,T_CRMLW-1,EDF Energy Customers Limited,813.0,69921.0
2026-04-11,T_CRYRW-2,Eneco Energy Trade,1.0,83.0
2026-04-11,T_CRYRW-3,Eneco Energy Trade,165.8,12716.0
2026-04-11,T_CUMHW-1,Uniper UK Limited,807.7,35278.0
2026-04-11,T_DALQW-1,Statkraft Markets Gmbh,662.6,40422.0
2026-04-11,T_DNLWW-1,SP Renewables (UK) Limited,71.8,6377.0
2026-04-11,T_DOUGW-1,Erova Energy Limited,664.8,19945.0
2026-04-11,T_DRSLW-1,SP Renewables (UK) Limited,884.8,70951.0
2026-04-11,T_DUNGW-1,Dunmaglass Wind Farm Limited,1463.0,132429.0
2026-04-11,T_EDINW-1,Vattenfall Wind Power Ltd,173.7,19103.0
2026-04-11,T_EWHLW-1,SP Renewables (UK) Limited,393.4,31551.0
2026-04-11,T_FALGW-1,Fallago Rig Wind Farm Limited,637.6,53495.0
2026-04-11,T_FARR-1,Smartestenergy Limited,305.0,28063.0
2026-04-11,T_FARR-2,Smartestenergy Limited,235.5,21669.0
2026-04-11,T_GLNKW-1,EDF Energy Customers Limited,1035.0,41814.0
2026-04-11,T_GNAPW-1,SP Renewables (UK) Limited,174.8,14019.0
2026-04-11,T_GORDW-1,SSE Generation Ltd,1360.2,114450.0
2026-04-11,T_GORDW-2,SSE Generation Ltd,541.1,8279.0
2026-04-11,T_GRGBW-1,Greater Gabbard Offshore Winds,13.4,2272.0
2026-04-11,T_GRGBW-2,Greater Gabbard Offshore Winds,45.1,7625.0
2026-04-11,T_GRGBW-3,Greater Gabbard Offshore Winds,160.7,27175.0
2026-04-11,T_GRIFW-1,Griffin Wind Farm Ltd,280.5,25568.0
2026-04-11,T_GRIFW-2,Griffin Wind Farm Ltd,606.8,55314.0
2026-04-11,T_HAHAW-1,HAGSHAW HILL REPOWERING LTD,546.7,6342.0
2026-04-11,T_HALSW-1,SP Renewables (UK) Limited,616.6,6980.0
2026-04-11,T_KENNW-1,Kennoxhead Wind Farm Limited,357.2,23291.0
2026-04-11,T_KILBW-1,Kilbraur Wind Energy Ltd,333.9,31723.0
2026-04-11,T_KLGLW-1,SP Renewables (UK) Limited,3330.4,266764.0
2026-04-11,T_KYPEW-1,Kype Extension Wind Farm Ltd,925.2,26832.0
2026-04-11,T_LIMKW-1,Limekiln Extension Ltd,1564.2,46925.0
2026-04-11,T_MKHLW-1,SP Renewables (UK) Limited,43.4,3856.0
2026-04-11,T_MOWEO-1,Moray Offshore Wind East Ltd,4020.4,392040.0
2026-04-11,T_MOWEO-2,Moray Offshore Wind East Ltd,2250.9,206812.0
2026-04-11,T_MOWEO-3,Moray Offshore Wind East Ltd,1643.5,162877.0
2026-04-11,T_MOWWO-1,Moray Offshore Wind West Ltd,4114.5,126654.0
2026-04-11,T_MOWWO-2,Moray Offshore Wind West Ltd,4282.9,131719.0
2026-04-11,T_MOWWO-3,Moray Offshore Wind West Ltd,3175.8,97809.0
2026-04-11,T_MOWWO-4,Moray Offshore Wind West Ltd,4613.3,169079.0
2026-04-11,T_MYGPW-1,Minnygap Energy Limited,359.8,27341.0
2026-04-11,T_NOKYW-1,North Kyle Wind farm Ltd,1485.2,40843.0
2026-04-11,T_NOKYW-2,North Kyle Wind farm Ltd,1506.1,41419.0
2026-04-11,T_SAKNW-1,Sandy Knowe Wind Farm Ltd,1056.4,42257.0
2026-04-11,T_SANQW-1,SANQUHAR CWCL,33.0,2954.0
2026-04-11,T_SGRWO-1,Seagreen Wind Energy Limited,5240.6,78347.0
2026-04-11,T_SGRWO-2,Seagreen Wind Energy Limited,1386.6,20729.0
2026-04-11,T_SGRWO-3,Seagreen Wind Energy Limited,2614.8,39091.0
2026-04-11,T_SGRWO-4,Seagreen Wind Energy Limited,2524.6,37743.0
2026-04-11,T_SGRWO-5,Seagreen Wind Energy Limited,1374.8,20554.0
2026-04-11,T_SGRWO-6,Seagreen Wind Energy Limited,5401.1,80746.0
2026-04-11,T_SOKYW-1,South Kyle Wind Farm Limited,3289.6,131585.0
2026-04-11,T_STLGW-1,Stronelairg Windfarm Limited,1512.8,129604.0
2026-04-11,T_STLGW-2,Stronelairg Windfarm Limited,1734.2,148568.0
2026-04-11,T_STLGW-3,Stronelairg Windfarm Limited,1275.9,109310.0
2026-04-11,T_STRNW-1,Strathy Wind Farm Limited,833.3,70040.0
2026-04-11,T_TRLGW-1,Smartestenergy Limited,92.2,9220.0
2026-04-11,T_TWSHW-1,Twentyshilling Limited,686.8,23098.0
2026-04-11,T_VKNGW-1,Viking Energy Wind Farm LLP,1578.5,22999.0
2026-04-11,T_VKNGW-2,Viking Energy Wind Farm LLP,1574.3,22937.0
2026-04-11,T_VKNGW-3,Viking Energy Wind Farm LLP,1510.5,22008.0
2026-04-11,T_VKNGW-4,Viking Energy Wind Farm LLP,1557.0,22686.0
2026-04-11,T_WDRGW-1,Windy Rig Wind Farm Limited,747.0,25669.0
2026-04-11,T_WHIHW-1,Whiteside Hill,292.2,26302.0
2026-04-11,T_WHILW-1,SP Renewables (UK) Limited,81.5,7350.0
2026-04-11,T_WHILW-2,SP Renewables (UK) Limited,81.2,7256.0
2026-04-11,T_WISTW-2,BROCKLOCH RIG WINDFARM LTD,412.4,33202.0
2026-04-12,2__PENEC001,Eneco Energy Trade,772.1,67949.0
2026-04-12,2__PSTAT001,Statkraft Markets Gmbh,655.1,55484.0
2026-04-12,C__PSTAT011,Statkraft Markets Gmbh,918.9,62486.0
2026-04-12,E_ABRTW-1,Npower Commercial Gas Limited,133.0,12101.0
2026-04-12,E_BABAW-1,Statkraft Markets Gmbh,779.1,63888.0
2026-04-12,E_BETHW-1,SP Renewables (UK) Limited,80.9,7179.0
2026-04-12,E_BNWKW-1,Eneco Energy Trade,305.7,27203.0
2026-04-12,E_BTUIW-2,SP Renewables (UK) Limited,419.6,37242.0
2026-04-12,E_BTUIW-3,SP Renewables (UK) Limited,414.0,4537.0
2026-04-12,E_CLDRW-1,Vattenfall Energy Trading,295.3,27166.0
2026-04-12,E_GRGRW-1,Evolve Energy Supply Limited,709.8,49685.0
2026-04-12,E_HRHLW-1,SP Renewables (UK) Limited,198.6,15928.0
2026-04-12,E_MOYEW-1,Eneco Energy Trade,307.8,28624.0
2026-04-12,E_TULWW-1,Eneco Energy Trade,275.5,24522.0
2026-04-12,T_AFTOW-1,Afton Wind Farm Limited,339.9,28888.0
2026-04-12,T_AKGLW-2,Aikengall 2 CWCL,666.1,57951.0
2026-04-12,T_AKGLW-3,AIK2A Sustainable Energy Ltd,1209.8,82264.0
2026-04-12,T_ARCHW-1,SP Renewables (UK) Limited,641.4,56889.0
2026-04-12,T_BDCHW-1,RWE Generation UK plc,44.0,3154.0
2026-04-12,T_BEINW-1,Beinneun Wind Farm Ltd,566.7,55534.0
2026-04-12,T_BENBW-1,Benbrack Wind Farm Limited,82.7,662.0
2026-04-12,T_BHLAW-1,SSE Generation Ltd,1250.4,106861.0
2026-04-12,T_BLLA-1,SP Renewables (UK) Limited,215.1,19234.0
2026-04-12,T_BLLA-2,SP Renewables (UK) Limited,601.9,48264.0
2026-04-12,T_CLDNW-1,Clyde Windfarm (Scotland) Ltd,31.5,2925.0
2026-04-12,T_CREAW-1,Creag Riabhach Wind Farm Ltd,79.5,4609.0
2026-04-12,T_CRGHW-1,Statkraft Markets Gmbh,777.9,59900.0
2026-04-12,T_CRMLW-1,EDF Energy Customers Limited,626.2,53856.0
2026-04-12,T_CRYRW-2,Eneco Energy Trade,1630.0,137896.0
2026-04-12,T_CRYRW-3,Eneco Energy Trade,135.1,10362.0
2026-04-12,T_CUMHW-1,Uniper UK Limited,522.0,20678.0
2026-04-12,T_DALQW-1,Statkraft Markets Gmbh,554.8,33840.0
2026-04-12,T_DNLWW-1,SP Renewables (UK) Limited,204.0,18105.0
2026-04-12,T_DOREW-1,Dorenell Windfarm Limited,352.7,7867.0
2026-04-12,T_DOREW-2,Dorenell Windfarm Limited,314.3,6374.0
2026-04-12,T_DOUGW-1,Erova Energy Limited,560.0,16799.0
2026-04-12,T_DRSLW-1,SP Renewables (UK) Limited,825.0,66159.0
2026-04-12,T_DUNGW-1,Dunmaglass Wind Farm Limited,691.6,62607.0
2026-04-12,T_EDINW-1,Vattenfall Wind Power Ltd,279.0,30694.0
2026-04-12,T_EWHLW-1,SP Renewables (UK) Limited,595.1,47723.0
2026-04-12,T_FALGW-1,Fallago Rig Wind Farm Limited,1623.9,136241.0
2026-04-12,T_FARR-1,Smartestenergy Limited,224.1,20613.0
2026-04-12,T_FARR-2,Smartestenergy Limited,198.3,18246.0
2026-04-12,T_GLNKW-1,EDF Energy Customers Limited,942.5,38078.0
2026-04-12,T_GLWSW-1,GALAWHISTLE WIND FARM,123.7,11019.0
2026-04-12,T_GNAPW-1,SP Renewables (UK) Limited,97.6,7829.0
2026-04-12,T_GORDW-1,SSE Generation Ltd,1203.2,101241.0
2026-04-12,T_GORDW-2,SSE Generation Ltd,785.9,12026.0
2026-04-12,T_GRIFW-2,Griffin Wind Farm Ltd,138.0,12577.0
2026-04-12,T_HAHAW-1,HAGSHAW HILL REPOWERING LTD,360.6,4183.0
2026-04-12,T_HALSW-1,SP Renewables (UK) Limited,634.1,7178.0
2026-04-12,T_HRSTW-1,SP Renewables (UK) Limited,889.7,79235.0
2026-04-12,T_KENNW-1,Kennoxhead Wind Farm Limited,103.6,6929.0
2026-04-12,T_KILBW-1,Kilbraur Wind Energy Ltd,17.3,1639.0
2026-04-12,T_KLGLW-1,SP Renewables (UK) Limited,1902.0,152348.0
2026-04-12,T_KYPEW-1,Kype Extension Wind Farm Ltd,280.1,8124.0
2026-04-12,T_LIMKW-1,Limekiln Extension Ltd,1817.8,54536.0
2026-04-12,T_MKHLW-1,SP Renewables (UK) Limited,327.3,29047.0
2026-04-12,T_MOWEO-1,Moray Offshore Wind East Ltd,3029.8,108724.0
2026-04-12,T_MOWEO-2,Moray Offshore Wind East Ltd,2447.4,98185.0
2026-04-12,T_MOWEO-3,Moray Offshore Wind East Ltd,2702.3,93988.0
2026-04-12,T_MOWWO-1,Moray Offshore Wind West Ltd,4069.0,113383.0
2026-04-12,T_MOWWO-2,Moray Offshore Wind West Ltd,4413.2,122584.0
2026-04-12,T_MOWWO-3,Moray Offshore Wind West Ltd,3097.8,86350.0
2026-04-12,T_MOWWO-4,Moray Offshore Wind West Ltd,4541.8,166457.0
2026-04-12,T_MYGPW-1,Minnygap Energy Limited,200.5,15235.0
2026-04-12,T_NOKYW-1,North Kyle Wind farm Ltd,506.2,13922.0
2026-04-12,T_NOKYW-2,North Kyle Wind farm Ltd,392.6,10796.0
2026-04-12,T_SAKNW-1,Sandy Knowe Wind Farm Ltd,195.2,7809.0
2026-04-12,T_SANQW-1,SANQUHAR CWCL,171.5,15349.0
2026-04-12,T_SGRWO-1,Seagreen Wind Energy Limited,6120.4,91499.0
2026-04-12,T_SGRWO-2,Seagreen Wind Energy Limited,1678.8,25099.0
2026-04-12,T_SGRWO-3,Seagreen Wind Energy Limited,3122.1,46676.0
2026-04-12,T_SGRWO-4,Seagreen Wind Energy Limited,2774.7,41482.0
2026-04-12,T_SGRWO-5,Seagreen Wind Energy Limited,1550.2,23176.0
2026-04-12,T_SGRWO-6,Seagreen Wind Energy Limited,6205.3,92769.0
2026-04-12,T_SOKYW-1,South Kyle Wind Farm Limited,2488.7,99548.0
2026-04-12,T_STLGW-1,Stronelairg Windfarm Limited,1342.7,115031.0
2026-04-12,T_STLGW-2,Stronelairg Windfarm Limited,1591.4,136340.0
2026-04-12,T_STLGW-3,Stronelairg Windfarm Limited,1371.6,117504.0
2026-04-12,T_STRNW-1,Strathy Wind Farm Limited,858.3,72140.0
2026-04-12,T_TWSHW-1,Twentyshilling Limited,484.2,16283.0
2026-04-12,T_VKNGW-1,Viking Energy Wind Farm LLP,2346.2,34189.0
2026-04-12,T_VKNGW-2,Viking Energy Wind Farm LLP,2355.4,34323.0
2026-04-12,T_VKNGW-3,Viking Energy Wind Farm LLP,2251.2,32804.0
2026-04-12,T_VKNGW-4,Viking Energy Wind Farm LLP,2348.9,34228.0
2026-04-12,T_WDRGW-1,Windy Rig Wind Farm Limited,607.0,20856.0
2026-04-12,T_WHIHW-1,Whiteside Hill,191.8,17263.0
2026-04-12,T_WHILW-1,SP Renewables (UK) Limited,3484.3,314356.0
2026-04-12,T_WISTW-2,BROCKLOCH RIG WINDFARM LTD,963.4,77553.0
2026-04-13,2__PSTAT001,Statkraft Markets Gmbh,41.4,3509.0
2026-04-13,C__PSTAT011,Statkraft Markets Gmbh,83.7,5692.0
2026-04-13,E_BABAW-1,Statkraft Markets Gmbh,37.1,3043.0
2026-04-13,E_BTUIW-3,SP Renewables (UK) Limited,47.0,515.0
2026-04-13,T_BDCHW-1,RWE Generation UK plc,23.0,1911.0
2026-04-13,T_BHLAW-1,SSE Generation Ltd,0.5,39.0
2026-04-13,T_CRGHW-1,Statkraft Markets Gmbh,3.1,239.0
2026-04-13,T_CRMLW-1,EDF Energy Customers Limited,0.4,32.0
2026-04-13,T_DOREW-1,Dorenell Windfarm Limited,142.0,3973.0
2026-04-13,T_DOREW-2,Dorenell Windfarm Limited,79.0,2246.0
2026-04-13,T_GLNKW-1,EDF Energy Customers Limited,90.7,3663.0
2026-04-13,T_GORDW-2,SSE Generation Ltd,85.9,1319.0
2026-04-13,T_HALSW-1,SP Renewables (UK) Limited,185.9,2105.0
2026-04-13,T_LIMKW-1,Limekiln Extension Ltd,329.6,9888.0
2026-04-13,T_MOWEO-1,Moray Offshore Wind East Ltd,1995.1,11621.0
2026-04-13,T_MOWEO-2,Moray Offshore Wind East Ltd,1762.2,9835.0
2026-04-13,T_MOWEO-3,Moray Offshore Wind East Ltd,2209.1,11458.0
2026-04-13,T_MOWWO-1,Moray Offshore Wind West Ltd,915.7,16969.0
2026-04-13,T_MOWWO-2,Moray Offshore Wind West Ltd,679.4,13126.0
2026-04-13,T_MOWWO-3,Moray Offshore Wind West Ltd,540.1,10067.0
2026-04-13,T_MOWWO-4,Moray Offshore Wind West Ltd,586.5,21493.0
2026-04-13,T_SGRWO-1,Seagreen Wind Energy Limited,478.7,7156.0
2026-04-13,T_SGRWO-2,Seagreen Wind Energy Limited,236.2,3531.0
2026-04-13,T_SGRWO-3,Seagreen Wind Energy Limited,380.1,5682.0
2026-04-13,T_SGRWO-4,Seagreen Wind Energy Limited,266.0,3976.0
2026-04-13,T_SGRWO-5,Seagreen Wind Energy Limited,158.6,2372.0
2026-04-13,T_SGRWO-6,Seagreen Wind Energy Limited,240.4,3595.0
2026-04-13,T_STLGW-1,Stronelairg Windfarm Limited,42.5,3642.0
2026-04-13,T_STLGW-2,Stronelairg Windfarm Limited,79.3,6795.0
2026-04-13,T_STLGW-3,Stronelairg Windfarm Limited,114.1,9781.0
2026-04-13,T_STRNW-1,Strathy Wind Farm Limited,70.8,5950.0
2026-04-13,T_VKNGW-1,Viking Energy Wind Farm LLP,516.2,7546.0
2026-04-13,T_VKNGW-2,Viking Energy Wind Farm LLP,609.3,8907.0
2026-04-13,T_VKNGW-3,Viking Energy Wind Farm LLP,494.2,7225.0
2026-04-13,T_VKNGW-4,Viking Energy Wind Farm LLP,498.7,7291.0
2026-04-14,2__PSTAT001,Statkraft Markets Gmbh,193.3,16374.0
2026-04-14,C__PSTAT011,Statkraft Markets Gmbh,174.4,11859.0
2026-04-14,E_BABAW-1,Statkraft Markets Gmbh,73.7,6040.0
2026-04-14,E_BLARW-1,Erova Energy Limited,210.2,5830.0
2026-04-14,E_BTUIW-3,SP Renewables (UK) Limited,414.4,4541.0
2026-04-14,T_BDCHW-1,RWE Generation UK plc,56.9,4177.0
2026-04-14,T_BENBW-1,Benbrack Wind Farm Limited,96.0,768.0
2026-04-14,T_BHLAW-1,SSE Generation Ltd,142.4,12172.0
2026-04-14,T_BROCW-1,Smartestenergy Limited,155.4,6060.0
2026-04-14,T_CGTHW-1,Corriegarth Wind Energy LTD,14.8,1192.0
2026-04-14,T_CRDEW-1,EDF Energy Customers Limited,2.2,121.0
2026-04-14,T_CRDEW-2,EDF Energy Customers Limited,2.2,121.0
2026-04-14,T_CREAW-1,Creag Riabhach Wind Farm Ltd,395.7,22948.0
2026-04-14,T_CUMHW-1,Uniper UK Limited,156.4,2372.0
2026-04-14,T_DALQW-1,Statkraft Markets Gmbh,2.2,134.0
2026-04-14,T_DOREW-1,Dorenell Windfarm Limited,524.9,8646.0
2026-04-14,T_DOREW-2,Dorenell Windfarm Limited,496.0,8526.0
2026-04-14,T_DOUGW-1,Erova Energy Limited,99.0,2971.0
2026-04-14,T_GLNKW-1,EDF Energy Customers Limited,3.6,146.0
2026-04-14,T_GORDW-1,SSE Generation Ltd,82.9,6975.0
2026-04-14,T_GORDW-2,SSE Generation Ltd,324.4,4963.0
2026-04-14,T_GRGBW-2,Greater Gabbard Offshore Winds,2.2,376.0
2026-04-14,T_HALSW-1,SP Renewables (UK) Limited,276.5,3130.0
2026-04-14,T_KENNW-1,Kennoxhead Wind Farm Limited,202.2,6353.0
2026-04-14,T_KPMRW-1,OnPath Energy Limited,8.2,548.0
2026-04-14,T_KYPEW-1,Kype Extension Wind Farm Ltd,236.5,6858.0
2026-04-14,T_LIMKW-1,Limekiln Extension Ltd,736.3,22088.0
2026-04-14,T_MIDMW-1,OnPath Energy Limited,5.2,346.0
2026-04-14,T_MOWEO-1,Moray Offshore Wind East Ltd,2814.8,25887.0
2026-04-14,T_MOWEO-2,Moray Offshore Wind East Ltd,2413.3,22988.0
2026-04-14,T_MOWEO-3,Moray Offshore Wind East Ltd,2591.3,24507.0
2026-04-14,T_MOWWO-1,Moray Offshore Wind West Ltd,1764.6,32488.0
2026-04-14,T_MOWWO-2,Moray Offshore Wind West Ltd,1723.4,31775.0
2026-04-14,T_MOWWO-3,Moray Offshore Wind West Ltd,1192.6,21966.0
2026-04-14,T_MOWWO-4,Moray Offshore Wind West Ltd,1934.7,70906.0
2026-04-14,T_NOKYW-1,North Kyle Wind farm Ltd,702.8,19327.0
2026-04-14,T_NOKYW-2,North Kyle Wind farm Ltd,693.6,19074.0
2026-04-14,T_PNYCW-1,Pen y Cymoedd Wind Farm LTD,10.5,1008.0
2026-04-14,T_SGRWO-1,Seagreen Wind Energy Limited,2005.5,27956.0
2026-04-14,T_SGRWO-2,Seagreen Wind Energy Limited,482.5,6725.0
2026-04-14,T_SGRWO-3,Seagreen Wind Energy Limited,998.9,13924.0
2026-04-14,T_SGRWO-4,Seagreen Wind Energy Limited,768.2,10708.0
2026-04-14,T_SGRWO-5,Seagreen Wind Energy Limited,475.9,6635.0
2026-04-14,T_SGRWO-6,Seagreen Wind Energy Limited,2465.0,34363.0
2026-04-14,T_TWSHW-1,Twentyshilling Limited,108.2,3640.0
2026-04-14,T_VKNGW-1,Viking Energy Wind Farm LLP,665.9,9702.0
2026-04-14,T_VKNGW-2,Viking Energy Wind Farm LLP,625.4,9113.0
2026-04-14,T_VKNGW-3,Viking Energy Wind Farm LLP,548.2,7988.0
2026-04-14,T_VKNGW-4,Viking Energy Wind Farm LLP,536.8,7821.0
2026-04-14,T_WDRGW-1,Windy Rig Wind Farm Limited,146.8,5046.0
2026-04-15,2__PENEC001,Eneco Energy Trade,228.2,20085.0
2026-04-15,2__PSTAT001,Statkraft Markets Gmbh,601.7,50966.0
2026-04-15,C__PSTAT011,Statkraft Markets Gmbh,870.9,59220.0
2026-04-15,E_BABAW-1,Statkraft Markets Gmbh,594.8,48777.0
2026-04-15,E_BLARW-1,Erova Energy Limited,519.8,19869.0
2026-04-15,E_BTUIW-2,SP Renewables (UK) Limited,66.9,5942.0
2026-04-15,E_BTUIW-3,SP Renewables (UK) Limited,990.4,10855.0
2026-04-15,E_GRGRW-1,Evolve Energy Supply Limited,633.1,44317.0
2026-04-15,E_HRHLW-1,SP Renewables (UK) Limited,65.8,5277.0
2026-04-15,E_TULWW-1,Eneco Energy Trade,31.4,2799.0
2026-04-15,T_AKGLW-3,AIK2A Sustainable Energy Ltd,529.0,35975.0
2026-04-15,T_BDCHW-1,RWE Generation UK plc,152.3,12984.0
2026-04-15,T_BENBW-1,Benbrack Wind Farm Limited,534.6,4277.0
2026-04-15,T_BHLAW-1,SSE Generation Ltd,556.9,47590.0
2026-04-15,T_BLLA-2,SP Renewables (UK) Limited,146.1,11716.0
2026-04-15,T_BROCW-1,Smartestenergy Limited,596.6,23266.0
2026-04-15,T_CRDEW-1,EDF Energy Customers Limited,206.3,11143.0
2026-04-15,T_CRDEW-2,EDF Energy Customers Limited,174.0,9394.0
2026-04-15,T_CREAW-1,Creag Riabhach Wind Farm Ltd,1309.0,75920.0
2026-04-15,T_CRGHW-1,Statkraft Markets Gmbh,506.9,39029.0
2026-04-15,T_CRMLW-1,EDF Energy Customers Limited,190.6,16389.0
2026-04-15,T_CRYRW-3,Eneco Energy Trade,81.1,6221.0
2026-04-15,T_CUMHW-1,Uniper UK Limited,398.4,6040.0
2026-04-15,T_DALQW-1,Statkraft Markets Gmbh,321.2,19592.0
2026-04-15,T_DOREW-1,Dorenell Windfarm Limited,1481.2,73504.0
2026-04-15,T_DOREW-2,Dorenell Windfarm Limited,1151.7,59552.0
2026-04-15,T_DOUGW-1,Erova Energy Limited,772.7,23181.0
2026-04-15,T_DRSLW-1,SP Renewables (UK) Limited,265.1,21257.0
2026-04-15,T_DUNGW-1,Dunmaglass Wind Farm Limited,357.2,32338.0
2026-04-15,T_EWHLW-1,SP Renewables (UK) Limited,63.5,5093.0
2026-04-15,T_FALGW-1,Fallago Rig Wind Farm Limited,84.6,7099.0
2026-04-15,T_GLNKW-1,EDF Energy Customers Limited,787.1,31799.0
2026-04-15,T_GNAPW-1,SP Renewables (UK) Limited,51.5,4130.0
2026-04-15,T_GORDW-1,SSE Generation Ltd,710.8,59809.0
2026-04-15,T_GORDW-2,SSE Generation Ltd,738.4,11298.0
2026-04-15,T_GRIFW-1,Griffin Wind Farm Ltd,112.6,10267.0
2026-04-15,T_GRIFW-2,Griffin Wind Farm Ltd,31.2,2847.0
2026-04-15,T_HALSW-1,SP Renewables (UK) Limited,621.1,7030.0
2026-04-15,T_KENNW-1,Kennoxhead Wind Farm Limited,952.0,30195.0
2026-04-15,T_KLGLW-1,SP Renewables (UK) Limited,1378.9,110451.0
2026-04-15,T_KPMRW-1,OnPath Energy Limited,546.8,30451.0
2026-04-15,T_KYPEW-1,Kype Extension Wind Farm Ltd,1042.8,30240.0
2026-04-15,T_LCLTW-1,Eneco Energy Trade,51.4,4575.0
2026-04-15,T_LIMKW-1,Limekiln Extension Ltd,1370.0,41101.0
2026-04-15,T_MIDMW-1,OnPath Energy Limited,453.7,26023.0
2026-04-15,T_MOWEO-1,Moray Offshore Wind East Ltd,6707.0,239847.0
2026-04-15,T_MOWEO-2,Moray Offshore Wind East Ltd,5770.1,206143.0
2026-04-15,T_MOWEO-3,Moray Offshore Wind East Ltd,6081.3,217465.0
2026-04-15,T_MOWWO-1,Moray Offshore Wind West Ltd,4030.6,89968.0
2026-04-15,T_MOWWO-2,Moray Offshore Wind West Ltd,4581.4,102258.0
2026-04-15,T_MOWWO-3,Moray Offshore Wind West Ltd,3172.3,70718.0
2026-04-15,T_MOWWO-4,Moray Offshore Wind West Ltd,5340.4,195726.0
2026-04-15,T_MYGPW-1,Minnygap Energy Limited,114.3,8688.0
2026-04-15,T_NOKYW-1,North Kyle Wind farm Ltd,2126.2,58470.0
2026-04-15,T_NOKYW-2,North Kyle Wind farm Ltd,2114.8,58158.0
2026-04-15,T_SAKNW-1,Sandy Knowe Wind Farm Ltd,529.4,21175.0
2026-04-15,T_SGRWO-1,Seagreen Wind Energy Limited,5880.5,81974.0
2026-04-15,T_SGRWO-2,Seagreen Wind Energy Limited,1680.9,23432.0
2026-04-15,T_SGRWO-3,Seagreen Wind Energy Limited,3275.2,45656.0
2026-04-15,T_SGRWO-4,Seagreen Wind Energy Limited,2656.4,37030.0
2026-04-15,T_SGRWO-5,Seagreen Wind Energy Limited,1655.7,23081.0
2026-04-15,T_SGRWO-6,Seagreen Wind Energy Limited,7180.1,100090.0
2026-04-15,T_SOKYW-1,South Kyle Wind Farm Limited,1429.7,57187.0
2026-04-15,T_STLGW-1,Stronelairg Windfarm Limited,708.8,60723.0
2026-04-15,T_STLGW-2,Stronelairg Windfarm Limited,873.9,74871.0
2026-04-15,T_STLGW-3,Stronelairg Windfarm Limited,755.2,64697.0
2026-04-15,T_STRNW-1,Strathy Wind Farm Limited,535.2,44987.0
2026-04-15,T_TWSHW-1,Twentyshilling Limited,457.2,15376.0
2026-04-15,T_VKNGW-1,Viking Energy Wind Farm LLP,2525.7,36800.0
2026-04-15,T_VKNGW-2,Viking Energy Wind Farm LLP,2523.6,36769.0
2026-04-15,T_VKNGW-3,Viking Energy Wind Farm LLP,2423.4,35309.0
2026-04-15,T_VKNGW-4,Viking Energy Wind Farm LLP,2505.7,36509.0
2026-04-15,T_WDRGW-1,Windy Rig Wind Farm Limited,380.0,13057.0
2026-04-15,T_WISTW-2,BROCKLOCH RIG WINDFARM LTD,344.8,27757.0
2026-04-16,C__PSTAT011,Statkraft Markets Gmbh,178.1,12113.0
2026-04-16,E_BABAW-1,Statkraft Markets Gmbh,6.3,515.0
2026-04-16,E_BLARW-1,Erova Energy Limited,259.4,9305.0
2026-04-16,E_BTUIW-3,SP Renewables (UK) Limited,731.8,8021.0
2026-04-16,E_GRGRW-1,Evolve Energy Supply Limited,47.4,3318.0
2026-04-16,E_HRHLW-1,SP Renewables (UK) Limited,5.0,400.0
2026-04-16,T_AKGLW-3,AIK2A Sustainable Energy Ltd,309.9,21072.0
2026-04-16,T_BDCHW-1,RWE Generation UK plc,2.8,224.0
2026-04-16,T_BENBW-1,Benbrack Wind Farm Limited,39.5,316.0
2026-04-16,T_BHLAW-1,SSE Generation Ltd,416.5,35594.0
2026-04-16,T_BLLA-2,SP Renewables (UK) Limited,101.4,8129.0
2026-04-16,T_BROCW-1,Smartestenergy Limited,293.3,11440.0
2026-04-16,T_CRDEW-1,EDF Energy Customers Limited,133.5,7208.0
2026-04-16,T_CRDEW-2,EDF Energy Customers Limited,130.1,7028.0
2026-04-16,T_CREAW-1,Creag Riabhach Wind Farm Ltd,36.0,2086.0
2026-04-16,T_CRGHW-1,Statkraft Markets Gmbh,6.1,470.0
2026-04-16,T_CRYRW-2,Eneco Energy Trade,70.3,5948.0
2026-04-16,T_CRYRW-3,Eneco Energy Trade,1.1,84.0
2026-04-16,T_CUMHW-1,Uniper UK Limited,234.2,3550.0
2026-04-16,T_DALQW-1,Statkraft Markets Gmbh,101.6,6200.0
2026-04-16,T_DOREW-1,Dorenell Windfarm Limited,800.2,44547.0
2026-04-16,T_DOREW-2,Dorenell Windfarm Limited,459.8,24044.0
2026-04-16,T_DOUGW-1,Erova Energy Limited,304.1,9124.0
2026-04-16,T_DRSLW-1,SP Renewables (UK) Limited,98.2,7879.0
2026-04-16,T_EDINW-1,Vattenfall Wind Power Ltd,9.6,1060.0
2026-04-16,T_EWHLW-1,SP Renewables (UK) Limited,51.7,4148.0
2026-04-16,T_FALGW-1,Fallago Rig Wind Farm Limited,280.8,23558.0
2026-04-16,T_GLNKW-1,EDF Energy Customers Limited,283.0,11433.0
2026-04-16,T_GNAPW-1,SP Renewables (UK) Limited,2.2,174.0
2026-04-16,T_GORDW-1,SSE Generation Ltd,132.9,11184.0
2026-04-16,T_GORDW-2,SSE Generation Ltd,244.4,3740.0
2026-04-16,T_HALSW-1,SP Renewables (UK) Limited,249.3,2822.0
2026-04-16,T_KENNW-1,Kennoxhead Wind Farm Limited,473.8,14886.0
2026-04-16,T_KPMRW-1,OnPath Energy Limited,168.3,8560.0
2026-04-16,T_KYPEW-1,Kype Extension Wind Farm Ltd,544.2,15782.0
2026-04-16,T_LIMKW-1,Limekiln Extension Ltd,486.6,14597.0
2026-04-16,T_MIDMW-1,OnPath Energy Limited,126.8,5484.0
2026-04-16,T_MOWEO-1,Moray Offshore Wind East Ltd,4001.6,125024.0
2026-04-16,T_MOWEO-2,Moray Offshore Wind East Ltd,3464.1,109060.0
2026-04-16,T_MOWEO-3,Moray Offshore Wind East Ltd,3459.8,110006.0
2026-04-16,T_MOWWO-1,Moray Offshore Wind West Ltd,2572.6,56403.0
2026-04-16,T_MOWWO-2,Moray Offshore Wind West Ltd,3007.3,65609.0
2026-04-16,T_MOWWO-3,Moray Offshore Wind West Ltd,2238.0,49403.0
2026-04-16,T_MOWWO-4,Moray Offshore Wind West Ltd,2590.1,94928.0
2026-04-16,T_MYGPW-1,Minnygap Energy Limited,22.9,1739.0
2026-04-16,T_NNGAO-1,Neart Na Gaoithe Offshore Wind,435.4,34045.0
2026-04-16,T_NNGAO-2,Neart Na Gaoithe Offshore Wind,403.5,31920.0
2026-04-16,T_NOKYW-1,North Kyle Wind farm Ltd,913.6,25123.0
2026-04-16,T_NOKYW-2,North Kyle Wind farm Ltd,820.6,22565.0
2026-04-16,T_SAKNW-1,Sandy Knowe Wind Farm Ltd,487.4,19495.0
2026-04-16,T_SGRWO-1,Seagreen Wind Energy Limited,4673.4,65148.0
2026-04-16,T_SGRWO-2,Seagreen Wind Energy Limited,1295.5,18060.0
2026-04-16,T_SGRWO-3,Seagreen Wind Energy Limited,3079.6,42930.0
2026-04-16,T_SGRWO-4,Seagreen Wind Energy Limited,2545.1,35479.0
2026-04-16,T_SGRWO-5,Seagreen Wind Energy Limited,1539.0,21454.0
2026-04-16,T_SGRWO-6,Seagreen Wind Energy Limited,6306.7,87915.0
2026-04-16,T_SOKYW-1,South Kyle Wind Farm Limited,1088.8,43551.0
2026-04-16,T_STLGW-1,Stronelairg Windfarm Limited,43.5,3730.0
2026-04-16,T_STLGW-2,Stronelairg Windfarm Limited,52.3,4477.0
2026-04-16,T_STLGW-3,Stronelairg Windfarm Limited,48.6,4167.0
2026-04-16,T_STRNW-1,Strathy Wind Farm Limited,95.6,8034.0
2026-04-16,T_TWSHW-1,Twentyshilling Limited,233.5,7854.0
2026-04-16,T_VKNGW-1,Viking Energy Wind Farm LLP,1733.1,25251.0
2026-04-16,T_VKNGW-2,Viking Energy Wind Farm LLP,1655.6,24122.0
2026-04-16,T_VKNGW-3,Viking Energy Wind Farm LLP,1569.0,22861.0
2026-04-16,T_VKNGW-4,Viking Energy Wind Farm LLP,1584.6,23087.0
2026-04-16,T_WDRGW-1,Windy Rig Wind Farm Limited,330.7,11362.0
2026-04-16,T_WISTW-2,BROCKLOCH RIG WINDFARM LTD,144.4,11628.0
2026-04-17,2__PENEC001,Eneco Energy Trade,428.8,37739.0
2026-04-17,2__PENEC002,Eneco Energy Trade,622.2,55938.0
2026-04-17,2__PSTAT001,Statkraft Markets Gmbh,417.7,35377.0
2026-04-17,C__PSTAT011,Statkraft Markets Gmbh,931.1,63315.0
2026-04-17,E_BABAW-1,Statkraft Markets Gmbh,536.1,43962.0
2026-04-17,E_BLARW-1,Erova Energy Limited,342.9,10221.0
2026-04-17,E_BTUIW-3,SP Renewables (UK) Limited,931.8,10212.0
2026-04-17,E_GRGRW-1,Evolve Energy Supply Limited,199.8,13984.0
2026-04-17,T_AKGLW-3,AIK2A Sustainable Energy Ltd,948.1,64468.0
2026-04-17,T_BDCHW-1,RWE Generation UK plc,354.6,36633.0
2026-04-17,T_BENBW-1,Benbrack Wind Farm Limited,839.7,6717.0
2026-04-17,T_BHLAW-1,SSE Generation Ltd,660.5,56441.0
2026-04-17,T_BLLA-2,SP Renewables (UK) Limited,77.4,6208.0
2026-04-17,T_BROCW-1,Smartestenergy Limited,565.4,22051.0
2026-04-17,T_CRDEW-1,EDF Energy Customers Limited,248.0,13391.0
2026-04-17,T_CRDEW-2,EDF Energy Customers Limited,253.5,13690.0
2026-04-17,T_CREAW-1,Creag Riabhach Wind Farm Ltd,1055.1,61195.0
2026-04-17,T_CRGHW-1,Statkraft Markets Gmbh,445.5,34307.0
2026-04-17,T_CRMLW-1,EDF Energy Customers Limited,176.9,15214.0
2026-04-17,T_CRYRW-2,Eneco Energy Trade,157.8,13354.0
2026-04-17,T_CRYRW-3,Eneco Energy Trade,23.5,1802.0
2026-04-17,T_CUMHW-1,Uniper UK Limited,355.1,5383.0
2026-04-17,T_DALQW-1,Statkraft Markets Gmbh,80.3,4898.0
2026-04-17,T_DOREW-1,Dorenell Windfarm Limited,1363.9,55281.0
2026-04-17,T_DOREW-2,Dorenell Windfarm Limited,1119.2,45952.0
2026-04-17,T_DOUGW-1,Erova Energy Limited,651.9,19558.0
2026-04-17,T_DUNGW-1,Dunmaglass Wind Farm Limited,568.2,51430.0
2026-04-17,T_EDINW-1,Vattenfall Wind Power Ltd,197.9,21770.0
2026-04-17,T_FALGW-1,Fallago Rig Wind Farm Limited,1186.0,99507.0
2026-04-17,T_FARR-1,Smartestenergy Limited,172.5,15871.0
2026-04-17,T_FARR-2,Smartestenergy Limited,151.1,13899.0
2026-04-17,T_GLNKW-1,EDF Energy Customers Limited,761.2,30754.0
2026-04-17,T_GORDW-1,SSE Generation Ltd,954.9,80338.0
2026-04-17,T_GORDW-2,SSE Generation Ltd,676.7,10350.0
2026-04-17,T_GRGBW-1,Greater Gabbard Offshore Winds,0.4,72.0
2026-04-17,T_GRGBW-2,Greater Gabbard Offshore Winds,2.0,334.0
2026-04-17,T_GRIFW-1,Griffin Wind Farm Ltd,461.5,42074.0
2026-04-17,T_GRIFW-2,Griffin Wind Farm Ltd,723.0,65907.0
2026-04-17,T_HAHAW-1,HAGSHAW HILL REPOWERING LTD,116.4,1351.0
2026-04-17,T_HALSW-1,SP Renewables (UK) Limited,595.5,6741.0
2026-04-17,T_KENNW-1,Kennoxhead Wind Farm Limited,902.4,28352.0
2026-04-17,T_KLGLW-1,SP Renewables (UK) Limited,1274.7,102103.0
2026-04-17,T_KPMRW-1,OnPath Energy Limited,464.1,24430.0
2026-04-17,T_KYPEW-1,Kype Extension Wind Farm Ltd,975.3,28283.0
2026-04-17,T_LIMKW-1,Limekiln Extension Ltd,1683.1,50494.0
2026-04-17,T_MIDMW-1,OnPath Energy Limited,119.3,7242.0
2026-04-17,T_MOWEO-1,Moray Offshore Wind East Ltd,6183.3,174786.0
2026-04-17,T_MOWEO-2,Moray Offshore Wind East Ltd,5405.8,152830.0
2026-04-17,T_MOWEO-3,Moray Offshore Wind East Ltd,5587.3,157160.0
2026-04-17,T_MOWWO-1,Moray Offshore Wind West Ltd,3210.5,69346.0
2026-04-17,T_MOWWO-2,Moray Offshore Wind West Ltd,4167.1,90060.0
2026-04-17,T_MOWWO-3,Moray Offshore Wind West Ltd,2979.3,64352.0
2026-04-17,T_MOWWO-4,Moray Offshore Wind West Ltd,4835.3,177215.0
2026-04-17,T_MYGPW-1,Minnygap Energy Limited,49.5,3764.0
2026-04-17,T_NNGAO-1,Neart Na Gaoithe Offshore Wind,677.5,58562.0
2026-04-17,T_NNGAO-2,Neart Na Gaoithe Offshore Wind,737.1,64342.0
2026-04-17,T_NOKYW-1,North Kyle Wind farm Ltd,1732.2,47636.0
2026-04-17,T_NOKYW-2,North Kyle Wind farm Ltd,1788.2,49176.0
2026-04-17,T_SAKNW-1,Sandy Knowe Wind Farm Ltd,356.5,14262.0
2026-04-17,T_SGRWO-1,Seagreen Wind Energy Limited,5884.4,80194.0
2026-04-17,T_SGRWO-2,Seagreen Wind Energy Limited,1675.4,22830.0
2026-04-17,T_SGRWO-3,Seagreen Wind Energy Limited,3348.6,45642.0
2026-04-17,T_SGRWO-4,Seagreen Wind Energy Limited,2711.5,37007.0
2026-04-17,T_SGRWO-5,Seagreen Wind Energy Limited,1613.0,21979.0
2026-04-17,T_SGRWO-6,Seagreen Wind Energy Limited,7559.1,103081.0
2026-04-17,T_SOKYW-1,South Kyle Wind Farm Limited,2479.9,99196.0
2026-04-17,T_STLGW-1,Stronelairg Windfarm Limited,1352.2,115834.0
2026-04-17,T_STLGW-2,Stronelairg Windfarm Limited,1691.6,144909.0
2026-04-17,T_STLGW-3,Stronelairg Windfarm Limited,1525.1,130641.0
2026-04-17,T_STRNW-1,Strathy Wind Farm Limited,653.9,54960.0
2026-04-17,T_TWSHW-1,Twentyshilling Limited,141.3,4751.0
2026-04-17,T_VKNGW-1,Viking Energy Wind Farm LLP,2304.8,33568.0
2026-04-17,T_VKNGW-2,Viking Energy Wind Farm LLP,2259.1,32903.0
2026-04-17,T_VKNGW-3,Viking Energy Wind Farm LLP,2134.8,31093.0
2026-04-17,T_VKNGW-4,Viking Energy Wind Farm LLP,2170.8,31617.0
2026-04-17,T_WDRGW-1,Windy Rig Wind Farm Limited,249.6,8577.0
2026-04-17,T_WHILW-1,SP Renewables (UK) Limited,881.9,79567.0
2026-04-17,T_WISTW-2,BROCKLOCH RIG WINDFARM LTD,158.9,12790.0
2026-04-18,2__PENEC001,Eneco Energy Trade,411.0,36169.0
2026-04-18,2__PENEC002,Eneco Energy Trade,425.2,38223.0
2026-04-18,2__PSTAT001,Statkraft Markets Gmbh,366.5,31045.0
2026-04-18,C__PSTAT011,Statkraft Markets Gmbh,751.6,51107.0
2026-04-18,E_BABAW-1,Statkraft Markets Gmbh,410.8,33686.0
2026-04-18,E_BETHW-1,SP Renewables (UK) Limited,197.7,17543.0
2026-04-18,E_BLARW-1,Erova Energy Limited,26.5,784.0
2026-04-18,E_BNWKW-1,Eneco Energy Trade,148.6,13224.0
2026-04-18,E_BTUIW-3,SP Renewables (UK) Limited,253.7,2780.0
2026-04-18,E_GRGRW-1,Evolve Energy Supply Limited,93.2,6521.0
2026-04-18,E_TULWW-1,Eneco Energy Trade,59.5,5291.0
2026-04-18,T_BENBW-1,Benbrack Wind Farm Limited,111.3,891.0
2026-04-18,T_BHLAW-1,SSE Generation Ltd,362.3,30909.0
2026-04-18,T_BROCW-1,Smartestenergy Limited,18.3,714.0
2026-04-18,T_CRDEW-1,EDF Energy Customers Limited,0.3,16.0
2026-04-18,T_CRDEW-2,EDF Energy Customers Limited,21.7,1171.0
2026-04-18,T_CREAW-1,Creag Riabhach Wind Farm Ltd,1101.7,63897.0
2026-04-18,T_CRGHW-1,Statkraft Markets Gmbh,109.9,8466.0
2026-04-18,T_CRMLW-1,EDF Energy Customers Limited,381.7,32824.0
2026-04-18,T_CUMHW-1,Uniper UK Limited,9.7,146.0
2026-04-18,T_DOREW-1,Dorenell Windfarm Limited,1299.5,55097.0
2026-04-18,T_DOREW-2,Dorenell Windfarm Limited,1024.8,46414.0
2026-04-18,T_DUNGW-1,Dunmaglass Wind Farm Limited,70.6,6377.0
2026-04-18,T_EDINW-1,Vattenfall Wind Power Ltd,19.7,2170.0
2026-04-18,T_FALGW-1,Fallago Rig Wind Farm Limited,47.8,4011.0
2026-04-18,T_GLNKW-1,EDF Energy Customers Limited,610.4,24660.0
2026-04-18,T_GORDW-1,SSE Generation Ltd,725.3,60921.0
2026-04-18,T_GORDW-2,SSE Generation Ltd,583.5,8840.0
2026-04-18,T_GRIFW-1,Griffin Wind Farm Ltd,5.1,464.0
2026-04-18,T_GRIFW-2,Griffin Wind Farm Ltd,9.2,840.0
2026-04-18,T_HAHAW-1,HAGSHAW HILL REPOWERING LTD,67.2,780.0
2026-04-18,T_HALSW-1,SP Renewables (UK) Limited,575.6,6515.0
2026-04-18,T_KENNW-1,Kennoxhead Wind Farm Limited,54.7,1719.0
2026-04-18,T_KPMRW-1,OnPath Energy Limited,177.7,12551.0
2026-04-18,T_KYPEW-1,Kype Extension Wind Farm Ltd,72.1,2092.0
2026-04-18,T_LCLTW-1,Eneco Energy Trade,640.3,56983.0
2026-04-18,T_LIMKW-1,Limekiln Extension Ltd,1905.4,57161.0
2026-04-18,T_MOWEO-1,Moray Offshore Wind East Ltd,5329.8,184530.0
2026-04-18,T_MOWEO-2,Moray Offshore Wind East Ltd,4583.2,159771.0
2026-04-18,T_MOWEO-3,Moray Offshore Wind East Ltd,4725.9,164665.0
2026-04-18,T_MOWWO-1,Moray Offshore Wind West Ltd,2709.2,61657.0
2026-04-18,T_MOWWO-2,Moray Offshore Wind West Ltd,3728.8,84228.0
2026-04-18,T_MOWWO-3,Moray Offshore Wind West Ltd,2651.7,59871.0
2026-04-18,T_MOWWO-4,Moray Offshore Wind West Ltd,3969.9,145498.0
2026-04-18,T_SAKNW-1,Sandy Knowe Wind Farm Ltd,75.8,3034.0
2026-04-18,T_SGRWO-1,Seagreen Wind Energy Limited,3330.3,43494.0
2026-04-18,T_SGRWO-2,Seagreen Wind Energy Limited,1012.4,13221.0
2026-04-18,T_SGRWO-3,Seagreen Wind Energy Limited,1925.3,25145.0
2026-04-18,T_SGRWO-4,Seagreen Wind Energy Limited,1487.7,19430.0
2026-04-18,T_SGRWO-5,Seagreen Wind Energy Limited,945.4,12347.0
2026-04-18,T_SGRWO-6,Seagreen Wind Energy Limited,4314.5,56347.0
2026-04-18,T_SOKYW-1,South Kyle Wind Farm Limited,239.8,9593.0
2026-04-18,T_STLGW-1,Stronelairg Windfarm Limited,767.4,65631.0
2026-04-18,T_STLGW-2,Stronelairg Windfarm Limited,958.4,81963.0
2026-04-18,T_STLGW-3,Stronelairg Windfarm Limited,690.7,59067.0
2026-04-18,T_STRNW-1,Strathy Wind Farm Limited,766.4,64299.0
2026-04-18,T_VKNGW-1,Viking Energy Wind Farm LLP,2085.0,30066.0
2026-04-18,T_VKNGW-2,Viking Energy Wind Farm LLP,2208.1,31841.0
2026-04-18,T_VKNGW-3,Viking Energy Wind Farm LLP,1933.0,27874.0
2026-04-18,T_VKNGW-4,Viking Energy Wind Farm LLP,2060.4,29711.0
2026-04-18,T_WDRGW-1,Windy Rig Wind Farm Limited,22.1,760.0
2026-04-19,T_BEATO-1,Beatrice Offshore Windfarm Ltd,6.2,790.0
2026-04-19,T_GLNKW-1,EDF Energy Customers Limited,32.8,1323.0
2026-04-19,T_GORDW-2,SSE Generation Ltd,184.2,2790.0
2026-04-19,T_HALSW-1,SP Renewables (UK) Limited,310.9,3519.0
2026-04-19,T_LIMKW-1,Limekiln Extension Ltd,383.8,11515.0
2026-04-19,T_MOWEO-1,Moray Offshore Wind East Ltd,829.5,13376.0
2026-04-19,T_MOWEO-2,Moray Offshore Wind East Ltd,983.1,15243.0
2026-04-19,T_MOWEO-3,Moray Offshore Wind East Ltd,1274.0,23166.0
2026-04-19,T_MOWWO-1,Moray Offshore Wind West Ltd,740.8,17675.0
2026-04-19,T_MOWWO-2,Moray Offshore Wind West Ltd,596.3,14360.0
2026-04-19,T_MOWWO-3,Moray Offshore Wind West Ltd,872.1,20893.0
2026-04-19,T_MOWWO-4,Moray Offshore Wind West Ltd,646.9,23709.0
2026-04-19,T_SGRWO-1,Seagreen Wind Energy Limited,675.7,8825.0
2026-04-19,T_SGRWO-2,Seagreen Wind Energy Limited,208.1,2718.0
2026-04-19,T_SGRWO-3,Seagreen Wind Energy Limited,364.8,4765.0
2026-04-19,T_SGRWO-4,Seagreen Wind Energy Limited,264.4,3454.0
2026-04-19,T_SGRWO-5,Seagreen Wind Energy Limited,144.9,1893.0
2026-04-19,T_SGRWO-6,Seagreen Wind Energy Limited,778.7,10170.0
2026-04-19,T_VKNGW-1,Viking Energy Wind Farm LLP,1282.2,18489.0
2026-04-19,T_VKNGW-2,Viking Energy Wind Farm LLP,1334.0,19237.0
2026-04-19,T_VKNGW-3,Viking Energy Wind Farm LLP,1141.0,16454.0
2026-04-19,T_VKNGW-4,Viking Energy Wind Farm LLP,1091.4,15738.0
2026-04-20,T_HALSW-1,SP Renewables (UK) Limited,3.1,35.0
2026-04-20,T_MOWWO-1,Moray Offshore Wind West Ltd,2.3,36.0
2026-04-20,T_MOWWO-2,Moray Offshore Wind West Ltd,1.2,19.0
2026-04-20,T_SGRWO-4,Seagreen Wind Energy Limited,3.3,43.0
2026-04-21,2__BLOND003,EDF Energy Customers Limited,17.9,1842.0
2026-04-21,2__PENEC001,Eneco Energy Trade,28.6,2515.0
2026-04-21,2__PSTAT001,Statkraft Markets Gmbh,15.6,1323.0
2026-04-21,E_ABRTW-1,Npower Commercial Gas Limited,23.9,2179.0
2026-04-21,E_ASHWW-1,Statkraft Markets Gmbh,19.0,1861.0
2026-04-21,E_ASLVW-1,Npower Commercial Gas Limited,18.4,1676.0
2026-04-21,E_BABAW-1,Statkraft Markets Gmbh,21.1,1728.0
2026-04-21,E_BLARW-1,Erova Energy Limited,53.0,3904.0
2026-04-21,E_BNWKW-1,Eneco Energy Trade,8.3,736.0
2026-04-21,E_BRDUW-1,Erova Energy Limited,34.3,3358.0
2026-04-21,E_BTUIW-2,SP Renewables (UK) Limited,48.5,4308.0
2026-04-21,E_BTUIW-3,SP Renewables (UK) Limited,125.6,1377.0
2026-04-21,E_BURBO,Orsted Burbo (UK) Limited,26.9,3464.0
2026-04-21,E_CLDRW-1,Vattenfall Energy Trading,13.7,1256.0
2026-04-21,E_GRGRW-1,Evolve Energy Supply Limited,61.7,4317.0
2026-04-21,E_HRHLW-1,SP Renewables (UK) Limited,31.1,2496.0
2026-04-21,E_MOYEW-1,Eneco Energy Trade,41.2,3833.0
2026-04-21,E_TULWW-1,Eneco Energy Trade,6.4,570.0
2026-04-21,T_AKGLW-2,Aikengall 2 CWCL,31.5,2743.0
2026-04-21,T_AKGLW-3,AIK2A Sustainable Energy Ltd,27.8,1888.0
2026-04-21,T_BHLAW-1,SSE Generation Ltd,121.3,10350.0
2026-04-21,T_BLKWW-1,Blackcraig Wind Farm Limited,44.3,5189.0
2026-04-21,T_BLLA-2,SP Renewables (UK) Limited,65.4,5247.0
2026-04-21,T_BOWLW-1,Barrow Offshore Wind Limited,31.4,2866.0
2026-04-21,T_BROCW-1,Smartestenergy Limited,76.3,2974.0
2026-04-21,T_CLDCW-1,Clyde Windfarm (Scotland) Ltd,175.1,17203.0
2026-04-21,T_CLDNW-1,Clyde Windfarm (Scotland) Ltd,157.8,14619.0
2026-04-21,T_CLDSW-1,Clyde Windfarm (Scotland) Ltd,91.7,8897.0
2026-04-21,T_CRDEW-1,EDF Energy Customers Limited,37.8,2040.0
2026-04-21,T_CRDEW-2,EDF Energy Customers Limited,37.8,2040.0
2026-04-21,T_CRGHW-1,Statkraft Markets Gmbh,52.1,4009.0
2026-04-21,T_CRYRW-2,Eneco Energy Trade,30.7,2597.0
2026-04-21,T_CRYRW-3,Eneco Energy Trade,5.0,386.0
2026-04-21,T_CUMHW-1,Uniper UK Limited,85.2,1292.0
2026-04-21,T_DALQW-1,Statkraft Markets Gmbh,47.9,2922.0
2026-04-21,T_DOUGW-1,Erova Energy Limited,47.9,1437.0
2026-04-21,T_DRSLW-1,SP Renewables (UK) Limited,62.3,4998.0
2026-04-21,T_DUNGW-1,Dunmaglass Wind Farm Limited,97.4,8803.0
2026-04-21,T_EAAO-1,East Anglia One Limited,9.0,1337.0
2026-04-21,T_EAAO-2,East Anglia One Limited,8.9,1331.0
2026-04-21,T_EDINW-1,Vattenfall Wind Power Ltd,6.2,678.0
2026-04-21,T_EWHLW-1,SP Renewables (UK) Limited,51.7,4144.0
2026-04-21,T_FALGW-1,Fallago Rig Wind Farm Limited,50.6,4245.0
2026-04-21,T_GLNKW-1,EDF Energy Customers Limited,59.6,2408.0
2026-04-21,T_GNFSW-1,Gunfleet Sands Limited,29.3,4184.0
2026-04-21,T_GNFSW-2,Gunfleet Sands II Limited,17.9,2553.0
2026-04-21,T_GORDW-1,SSE Generation Ltd,31.6,2657.0
2026-04-21,T_GORDW-2,SSE Generation Ltd,84.1,1274.0
2026-04-21,T_GRGBW-1,Greater Gabbard Offshore Winds,28.1,4754.0
2026-04-21,T_GRGBW-2,Greater Gabbard Offshore Winds,0.9,151.0
2026-04-21,T_GRGBW-3,Greater Gabbard Offshore Winds,1.5,259.0
2026-04-21,T_GRIFW-1,Griffin Wind Farm Ltd,11.4,1035.0
2026-04-21,T_GRIFW-2,Griffin Wind Farm Ltd,32.4,2945.0
2026-04-21,T_HALSW-1,SP Renewables (UK) Limited,31.8,360.0
2026-04-21,T_HOWBO-1,Breesea Limited,633.2,41047.0
2026-04-21,T_HOWBO-2,Sonningmay Wind Limited,663.8,42882.0
2026-04-21,T_HOWBO-3,Soundmark Wind Limited,764.3,49154.0
2026-04-21,T_KENNW-1,Kennoxhead Wind Farm Limited,98.6,3989.0
2026-04-21,T_KILBW-1,Kilbraur Wind Energy Ltd,34.2,3253.0
2026-04-21,T_KYPEW-1,Kype Extension Wind Farm Ltd,90.7,2630.0
2026-04-21,T_LARYW-1,London Array Limited,95.3,17124.0
2026-04-21,T_LARYW-3,London Array Limited,13.1,2347.0
2026-04-21,T_LCLTW-1,Eneco Energy Trade,60.6,5397.0
2026-04-21,T_LIMKW-1,Limekiln Extension Ltd,57.0,1709.0
2026-04-21,T_MIDMW-1,OnPath Energy Limited,23.6,2819.0
2026-04-21,T_MKHLW-1,SP Renewables (UK) Limited,44.2,3922.0
2026-04-21,T_MOWEO-1,Moray Offshore Wind East Ltd,65.8,5177.0
2026-04-21,T_MOWEO-2,Moray Offshore Wind East Ltd,74.6,5883.0
2026-04-21,T_MOWEO-3,Moray Offshore Wind East Ltd,78.0,6159.0
2026-04-21,T_MOWWO-1,Moray Offshore Wind West Ltd,202.0,4762.0
2026-04-21,T_MOWWO-2,Moray Offshore Wind West Ltd,238.1,5453.0
2026-04-21,T_MOWWO-3,Moray Offshore Wind West Ltd,45.1,1200.0
2026-04-21,T_MOWWO-4,Moray Offshore Wind West Ltd,65.9,2414.0
2026-04-21,T_MYGPW-1,Minnygap Energy Limited,29.1,2209.0
2026-04-21,T_NOKYW-1,North Kyle Wind farm Ltd,222.6,6123.0
2026-04-21,T_NOKYW-2,North Kyle Wind farm Ltd,231.2,6358.0
2026-04-21,T_PNYCW-1,Pen y Cymoedd Wind Farm LTD,255.3,24506.0
2026-04-21,T_RCBKO-1,Race Bank Wind Farm Ltd,68.8,11706.0
2026-04-21,T_SAKNW-1,Sandy Knowe Wind Farm Ltd,94.6,3785.0
2026-04-21,T_SANQW-1,SANQUHAR CWCL,46.3,4145.0
2026-04-21,T_SGRWO-1,Seagreen Wind Energy Limited,505.8,7041.0
2026-04-21,T_SGRWO-2,Seagreen Wind Energy Limited,148.9,2073.0
2026-04-21,T_SGRWO-3,Seagreen Wind Energy Limited,301.4,4195.0
2026-04-21,T_SGRWO-4,Seagreen Wind Energy Limited,206.9,2880.0
2026-04-21,T_SGRWO-5,Seagreen Wind Energy Limited,88.0,1225.0
2026-04-21,T_SGRWO-6,Seagreen Wind Energy Limited,316.9,4411.0
2026-04-21,T_SHRSW-1,Scira Offshore Energy Limited,31.5,5045.0
2026-04-21,T_SHRSW-2,Scira Offshore Energy Limited,38.6,6168.0
2026-04-21,T_SOKYW-1,South Kyle Wind Farm Limited,265.6,10623.0
2026-04-21,T_STLGW-1,Stronelairg Windfarm Limited,47.8,4087.0
2026-04-21,T_STLGW-2,Stronelairg Windfarm Limited,84.0,7187.0
2026-04-21,T_STLGW-3,Stronelairg Windfarm Limited,41.8,3577.0
2026-04-21,T_TKNWW-1,Triton Knoll Offshore Wind,57.5,8485.0
2026-04-21,T_TWSHW-1,Twentyshilling Limited,63.9,2148.0
2026-04-21,T_VKNGW-1,Viking Energy Wind Farm LLP,60.5,872.0
2026-04-21,T_VKNGW-2,Viking Energy Wind Farm LLP,52.5,756.0
2026-04-21,T_VKNGW-3,Viking Energy Wind Farm LLP,41.8,602.0
2026-04-21,T_VKNGW-4,Viking Energy Wind Farm LLP,50.5,728.0
2026-04-21,T_WDRGW-1,Windy Rig Wind Farm Limited,134.2,4611.0
2026-04-21,T_WHIHW-1,Whiteside Hill,34.7,3119.0
2026-04-21,T_WHILW-1,SP Renewables (UK) Limited,272.2,24557.0
2026-04-21,T_WISTW-2,BROCKLOCH RIG WINDFARM LTD,76.9,6189.0
2026-04-22,E_BLARW-1,Erova Energy Limited,7.5,208.0
2026-04-22,E_BTUIW-3,SP Renewables (UK) Limited,201.2,2206.0
2026-04-22,T_BENBW-1,Benbrack Wind Farm Limited,158.4,1267.0
2026-04-22,T_BOWLW-1,Barrow Offshore Wind Limited,62.1,5670.0
2026-04-22,T_BROCW-1,Smartestenergy Limited,65.9,2571.0
2026-04-22,T_CUMHW-1,Uniper UK Limited,77.2,1171.0
2026-04-22,T_DOUGW-1,Erova Energy Limited,31.0,929.0
2026-04-22,T_GRGBW-2,Greater Gabbard Offshore Winds,23.8,4026.0
2026-04-22,T_GRGBW-3,Greater Gabbard Offshore Winds,7.6,1280.0
2026-04-22,T_HAHAW-1,HAGSHAW HILL REPOWERING LTD,66.3,769.0
2026-04-22,T_HOWBO-1,Breesea Limited,300.0,23720.0
2026-04-22,T_HOWBO-2,Sonningmay Wind Limited,324.6,24953.0
2026-04-22,T_HOWBO-3,Soundmark Wind Limited,188.4,15135.0
2026-04-22,T_KLGLW-1,SP Renewables (UK) Limited,173.4,13891.0
2026-04-22,T_KYPEW-1,Kype Extension Wind Farm Ltd,34.2,992.0
2026-04-22,T_NNGAO-1,Neart Na Gaoithe Offshore Wind,13.5,896.0
2026-04-22,T_NNGAO-2,Neart Na Gaoithe Offshore Wind,12.2,806.0
2026-04-22,T_NOKYW-1,North Kyle Wind farm Ltd,201.1,5531.0
2026-04-22,T_NOKYW-2,North Kyle Wind farm Ltd,194.7,5353.0
2026-04-22,T_PNYCW-1,Pen y Cymoedd Wind Farm LTD,207.8,19947.0
2026-04-22,T_SGRWO-1,Seagreen Wind Energy Limited,80.5,1120.0
2026-04-22,T_SGRWO-2,Seagreen Wind Energy Limited,25.1,349.0
2026-04-22,T_SGRWO-3,Seagreen Wind Energy Limited,48.2,672.0
2026-04-22,T_SGRWO-4,Seagreen Wind Energy Limited,45.5,633.0
2026-04-22,T_SGRWO-5,Seagreen Wind Energy Limited,19.1,265.0
2026-04-22,T_SGRWO-6,Seagreen Wind Energy Limited,131.5,1831.0
2026-04-22,T_SOKYW-1,South Kyle Wind Farm Limited,173.0,6920.0
2026-04-28,T_LARYW-1,London Array Limited,40.1,7201.0
2026-04-29,T_HOWBO-2,Sonningmay Wind Limited,45.1,1736.0
2026-04-29,T_HOWBO-3,Soundmark Wind Limited,15.5,377.0
2026-04-29,T_SOKYW-1,South Kyle Wind Farm Limited,55.3,2210.0
2026-04-29,T_VKNGW-1,Viking Energy Wind Farm LLP,17.3,251.0
2026-04-29,T_VKNGW-2,Viking Energy Wind Farm LLP,11.9,171.0
2026-04-29,T_VKNGW-3,Viking Energy Wind Farm LLP,9.3,134.0
2026-04-29,T_VKNGW-4,Viking Energy Wind Farm LLP,11.0,159.0
2026-04-30,2__PSTAT001,Statkraft Markets Gmbh,11.7,994.0
2026-04-30,C__PSTAT011,Statkraft Markets Gmbh,28.0,1901.0
2026-04-30,E_BTUIW-3,SP Renewables (UK) Limited,192.3,2108.0
2026-04-30,T_BROCW-1,Smartestenergy Limited,41.1,1603.0
2026-04-30,T_CLDCW-1,Clyde Windfarm (Scotland) Ltd,99.6,9774.0
2026-04-30,T_CLDNW-1,Clyde Windfarm (Scotland) Ltd,182.3,16853.0
2026-04-30,T_CREAW-1,Creag Riabhach Wind Farm Ltd,20.1,1166.0
2026-04-30,T_CUMHW-1,Uniper UK Limited,39.8,603.0
2026-04-30,T_DOUGW-1,Erova Energy Limited,78.6,2357.0
2026-04-30,T_GORDW-2,SSE Generation Ltd,5.8,88.0
2026-04-30,T_HALSW-1,SP Renewables (UK) Limited,251.0,2841.0
2026-04-30,T_HOWBO-1,Breesea Limited,127.0,12777.0
2026-04-30,T_HOWBO-2,Sonningmay Wind Limited,58.2,6102.0
2026-04-30,T_KENNW-1,Kennoxhead Wind Farm Limited,37.7,2075.0
2026-04-30,T_KLGLW-1,SP Renewables (UK) Limited,408.1,32689.0
2026-04-30,T_KYPEW-1,Kype Extension Wind Farm Ltd,93.6,2716.0
2026-04-30,T_LIMKW-1,Limekiln Extension Ltd,166.8,5003.0
2026-04-30,T_MOWEO-1,Moray Offshore Wind East Ltd,1381.0,25686.0
2026-04-30,T_MOWEO-2,Moray Offshore Wind East Ltd,1159.4,12925.0
2026-04-30,T_MOWEO-3,Moray Offshore Wind East Ltd,1172.2,12319.0
2026-04-30,T_MOWWO-1,Moray Offshore Wind West Ltd,988.5,29276.0
2026-04-30,T_MOWWO-2,Moray Offshore Wind West Ltd,1137.6,32455.0
2026-04-30,T_MOWWO-3,Moray Offshore Wind West Ltd,1014.9,29158.0
2026-04-30,T_MOWWO-4,Moray Offshore Wind West Ltd,1096.0,40167.0
2026-04-30,T_NOKYW-1,North Kyle Wind farm Ltd,23.0,633.0
2026-04-30,T_NOKYW-2,North Kyle Wind farm Ltd,22.5,617.0
2026-04-30,T_PNYCW-1,Pen y Cymoedd Wind Farm LTD,253.6,24341.0
2026-04-30,T_SAKNW-1,Sandy Knowe Wind Farm Ltd,120.9,4836.0
2026-04-30,T_SGRWO-1,Seagreen Wind Energy Limited,2683.9,37628.0
2026-04-30,T_SGRWO-2,Seagreen Wind Energy Limited,750.0,10515.0
2026-04-30,T_SGRWO-3,Seagreen Wind Energy Limited,1572.9,22052.0
2026-04-30,T_SGRWO-4,Seagreen Wind Energy Limited,1159.3,16254.0
2026-04-30,T_SGRWO-5,Seagreen Wind Energy Limited,484.2,6789.0
2026-04-30,T_SGRWO-6,Seagreen Wind Energy Limited,3186.0,44668.0
2026-04-30,T_SOKYW-1,South Kyle Wind Farm Limited,285.4,11417.0
2026-04-30,T_STLGW-2,Stronelairg Windfarm Limited,53.3,4555.0
2026-04-30,T_STLGW-3,Stronelairg Windfarm Limited,46.5,3971.0
2026-04-30,T_TWSHW-1,Twentyshilling Limited,102.0,3430.0
2026-04-30,T_VKNGW-1,Viking Energy Wind Farm LLP,784.7,11339.0
2026-04-30,T_VKNGW-2,Viking Energy Wind Farm LLP,772.1,11157.0
2026-04-30,T_VKNGW-3,Viking Energy Wind Farm LLP,646.8,9346.0
2026-04-30,T_VKNGW-4,Viking Energy Wind Farm LLP,637.5,9212.0
2026-05-01,T_SGRWO-1,Seagreen Wind Energy Limited,32.1,450.0
2026-05-01,T_SGRWO-2,Seagreen Wind Energy Limited,0.7,10.0
2026-05-01,T_SGRWO-3,Seagreen Wind Energy Limited,31.0,434.0
2026-05-01,T_VKNGW-1,Viking Energy Wind Farm LLP,1.1,16.0
2026-05-01,T_VKNGW-3,Viking Energy Wind Farm LLP,1.9,27.0
2026-05-04,T_GORDW-2,SSE Generation Ltd,65.1,993.0
2026-05-04,T_HALSW-1,SP Renewables (UK) Limited,92.9,1051.0
2026-05-04,T_MOWEO-3,Moray Offshore Wind East Ltd,380.4,7900.0
2026-05-04,T_MOWWO-1,Moray Offshore Wind West Ltd,125.8,3294.0
2026-05-04,T_MOWWO-2,Moray Offshore Wind West Ltd,179.5,4697.0
2026-05-04,T_MOWWO-3,Moray Offshore Wind West Ltd,123.7,3243.0
2026-05-04,T_VKNGW-1,Viking Energy Wind Farm LLP,91.2,1324.0
2026-05-04,T_VKNGW-2,Viking Energy Wind Farm LLP,95.2,1382.0
2026-05-04,T_VKNGW-3,Viking Energy Wind Farm LLP,75.5,1096.0
2026-05-04,T_VKNGW-4,Viking Energy Wind Farm LLP,86.1,1250.0
2026-05-05,T_DOREW-1,Dorenell Windfarm Limited,50.7,839.0
2026-05-05,T_DOREW-2,Dorenell Windfarm Limited,34.9,548.0
2026-05-05,T_HALSW-1,SP Renewables (UK) Limited,2.2,25.0
2026-05-05,T_MOWEO-1,Moray Offshore Wind East Ltd,623.3,2504.0
2026-05-05,T_MOWEO-2,Moray Offshore Wind East Ltd,561.6,2038.0
2026-05-05,T_MOWEO-3,Moray Offshore Wind East Ltd,770.2,4011.0
2026-05-05,T_MOWWO-2,Moray Offshore Wind West Ltd,25.1,566.0
2026-05-05,T_MOWWO-3,Moray Offshore Wind West Ltd,24.1,523.0
2026-05-05,T_MOWWO-4,Moray Offshore Wind West Ltd,17.0,624.0
2026-05-05,T_SGRWO-1,Seagreen Wind Energy Limited,246.7,3430.0
2026-05-05,T_SGRWO-2,Seagreen Wind Energy Limited,95.2,1323.0
2026-05-05,T_SGRWO-3,Seagreen Wind Energy Limited,278.8,3875.0
2026-05-05,T_SGRWO-4,Seagreen Wind Energy Limited,305.3,4244.0
2026-05-05,T_SGRWO-5,Seagreen Wind Energy Limited,116.4,1618.0
2026-05-05,T_SGRWO-6,Seagreen Wind Energy Limited,1311.3,18227.0
2026-05-05,T_VKNGW-1,Viking Energy Wind Farm LLP,114.8,1667.0
2026-05-05,T_VKNGW-2,Viking Energy Wind Farm LLP,111.6,1621.0
2026-05-05,T_VKNGW-3,Viking Energy Wind Farm LLP,94.7,1375.0
2026-05-05,T_VKNGW-4,Viking Energy Wind Farm LLP,89.3,1297.0
2026-05-06,T_HALSW-1,SP Renewables (UK) Limited,7.3,82.0
2026-05-06,T_MOWEO-1,Moray Offshore Wind East Ltd,749.6,3120.0
2026-05-06,T_MOWEO-2,Moray Offshore Wind East Ltd,726.8,2572.0
2026-05-06,T_MOWEO-3,Moray Offshore Wind East Ltd,657.8,3030.0
2026-05-06,T_SGRWO-5,Seagreen Wind Energy Limited,22.4,311.0
2026-05-06,T_SGRWO-6,Seagreen Wind Energy Limited,232.9,3237.0
2026-05-07,2__PENEC001,Eneco Energy Trade,3.8,338.0
2026-05-07,2__PSTAT001,Statkraft Markets Gmbh,126.1,10683.0
2026-05-07,C__PSTAT011,Statkraft Markets Gmbh,451.1,30677.0
2026-05-07,E_BABAW-1,Statkraft Markets Gmbh,177.0,14515.0
2026-05-07,T_BDCHW-1,RWE Generation UK plc,146.5,9588.0
2026-05-07,T_BEATO-1,Beatrice Offshore Windfarm Ltd,145.6,12085.0
2026-05-07,T_BEATO-2,Beatrice Offshore Windfarm Ltd,57.1,4863.0
2026-05-07,T_BHLAW-1,SSE Generation Ltd,238.7,20413.0
2026-05-07,T_CREAW-1,Creag Riabhach Wind Farm Ltd,506.0,29346.0
2026-05-07,T_CRMLW-1,EDF Energy Customers Limited,29.4,2528.0
2026-05-07,T_DOREW-1,Dorenell Windfarm Limited,445.8,8331.0
2026-05-07,T_DOREW-2,Dorenell Windfarm Limited,480.9,9316.0
2026-05-07,T_EDINW-1,Vattenfall Wind Power Ltd,152.9,16822.0
2026-05-07,T_GLNKW-1,EDF Energy Customers Limited,340.5,13755.0
2026-05-07,T_GORDW-1,SSE Generation Ltd,438.8,36849.0
2026-05-07,T_GORDW-2,SSE Generation Ltd,347.1,5289.0
2026-05-07,T_GRIFW-1,Griffin Wind Farm Ltd,10.0,910.0
2026-05-07,T_HALSW-1,SP Renewables (UK) Limited,476.3,5391.0
2026-05-07,T_LCLTW-1,Eneco Energy Trade,22.9,2037.0
2026-05-07,T_LIMKW-1,Limekiln Extension Ltd,965.2,28957.0
2026-05-07,T_MOWEO-1,Moray Offshore Wind East Ltd,5518.1,53761.0
2026-05-07,T_MOWEO-2,Moray Offshore Wind East Ltd,4762.2,46213.0
2026-05-07,T_MOWEO-3,Moray Offshore Wind East Ltd,4772.5,43022.0
2026-05-07,T_MOWWO-1,Moray Offshore Wind West Ltd,1714.6,37821.0
2026-05-07,T_MOWWO-2,Moray Offshore Wind West Ltd,1975.0,43384.0
2026-05-07,T_MOWWO-3,Moray Offshore Wind West Ltd,1934.7,42339.0
2026-05-07,T_MOWWO-4,Moray Offshore Wind West Ltd,3169.5,116161.0
2026-05-07,T_SGRWO-1,Seagreen Wind Energy Limited,4803.6,66770.0
2026-05-07,T_SGRWO-2,Seagreen Wind Energy Limited,1184.2,16461.0
2026-05-07,T_SGRWO-3,Seagreen Wind Energy Limited,2468.5,34312.0
2026-05-07,T_SGRWO-4,Seagreen Wind Energy Limited,1757.1,24423.0
2026-05-07,T_SGRWO-5,Seagreen Wind Energy Limited,1050.4,14601.0
2026-05-07,T_SGRWO-6,Seagreen Wind Energy Limited,5578.8,77545.0
2026-05-07,T_STLGW-1,Stronelairg Windfarm Limited,106.2,9083.0
2026-05-07,T_STLGW-2,Stronelairg Windfarm Limited,195.2,16691.0
2026-05-07,T_STLGW-3,Stronelairg Windfarm Limited,357.1,30533.0
2026-05-07,T_STRNW-1,Strathy Wind Farm Limited,162.4,13636.0
2026-05-07,T_VKNGW-1,Viking Energy Wind Farm LLP,1826.3,26517.0
2026-05-07,T_VKNGW-2,Viking Energy Wind Farm LLP,1788.4,25968.0
2026-05-07,T_VKNGW-3,Viking Energy Wind Farm LLP,1698.8,24667.0
2026-05-07,T_VKNGW-4,Viking Energy Wind Farm LLP,1727.4,25082.0
2026-05-08,T_DOREW-1,Dorenell Windfarm Limited,313.4,8123.0
2026-05-08,T_DOREW-2,Dorenell Windfarm Limited,289.3,7435.0
2026-05-08,T_EDINW-1,Vattenfall Wind Power Ltd,17.7,1949.0
2026-05-08,T_GORDW-2,SSE Generation Ltd,215.7,3288.0
2026-05-08,T_HALSW-1,SP Renewables (UK) Limited,351.6,3980.0
2026-05-08,T_MOWEO-1,Moray Offshore Wind East Ltd,2823.2,33516.0
2026-05-08,T_MOWEO-2,Moray Offshore Wind East Ltd,2548.5,31628.0
2026-05-08,T_MOWEO-3,Moray Offshore Wind East Ltd,2683.0,33519.0
2026-05-08,T_MOWWO-1,Moray Offshore Wind West Ltd,440.5,11028.0
2026-05-08,T_MOWWO-2,Moray Offshore Wind West Ltd,906.1,22278.0
2026-05-08,T_MOWWO-3,Moray Offshore Wind West Ltd,486.8,12007.0
2026-05-08,T_MOWWO-4,Moray Offshore Wind West Ltd,14.9,545.0
2026-05-08,T_SGRWO-1,Seagreen Wind Energy Limited,2355.5,32742.0
2026-05-08,T_SGRWO-2,Seagreen Wind Energy Limited,683.8,9504.0
2026-05-08,T_SGRWO-3,Seagreen Wind Energy Limited,1250.0,17374.0
2026-05-08,T_SGRWO-4,Seagreen Wind Energy Limited,1036.1,14402.0
2026-05-08,T_SGRWO-5,Seagreen Wind Energy Limited,635.6,8835.0
2026-05-08,T_SGRWO-6,Seagreen Wind Energy Limited,3012.7,41877.0
2026-05-08,T_VKNGW-1,Viking Energy Wind Farm LLP,1821.5,26449.0
2026-05-08,T_VKNGW-2,Viking Energy Wind Farm LLP,1697.1,24642.0
2026-05-08,T_VKNGW-3,Viking Energy Wind Farm LLP,1443.5,20960.0
2026-05-08,T_VKNGW-4,Viking Energy Wind Farm LLP,1457.1,21157.0
2026-05-09,E_BTUIW-3,SP Renewables (UK) Limited,13.8,151.0
2026-05-09,T_CLDCW-1,Clyde Windfarm (Scotland) Ltd,3.4,335.0
2026-05-09,T_CRDEW-1,EDF Energy Customers Limited,5.7,310.0
2026-05-09,T_CRGHW-1,Statkraft Markets Gmbh,16.6,1279.0
2026-05-09,T_GNFSW-1,Gunfleet Sands Limited,4.8,687.0
2026-05-09,T_GNFSW-2,Gunfleet Sands II Limited,3.3,469.0
2026-05-09,T_HOWBO-1,Breesea Limited,9.1,178.0
2026-05-09,T_HOWBO-2,Sonningmay Wind Limited,9.1,178.0
2026-05-09,T_HOWBO-3,Soundmark Wind Limited,9.1,178.0
2026-05-09,T_KYPEW-1,Kype Extension Wind Farm Ltd,4.3,126.0
2026-05-09,T_LIMKW-1,Limekiln Extension Ltd,10.4,313.0
2026-05-09,T_NOKYW-1,North Kyle Wind farm Ltd,9.8,269.0
2026-05-09,T_NOKYW-2,North Kyle Wind farm Ltd,11.3,312.0
2026-05-09,T_SGRWO-1,Seagreen Wind Energy Limited,50.4,700.0
2026-05-09,T_SGRWO-2,Seagreen Wind Energy Limited,13.3,184.0
2026-05-09,T_SGRWO-3,Seagreen Wind Energy Limited,30.8,428.0
2026-05-09,T_SGRWO-4,Seagreen Wind Energy Limited,25.6,355.0
2026-05-09,T_SGRWO-5,Seagreen Wind Energy Limited,12.6,174.0
2026-05-09,T_SGRWO-6,Seagreen Wind Energy Limited,80.2,1115.0
2026-05-09,T_SOKYW-1,South Kyle Wind Farm Limited,17.1,684.0
2026-05-09,T_THNTO-1,Thanet Offshore Wind Limited,5.1,1017.0
2026-05-09,T_THNTO-2,Thanet Offshore Wind Limited,5.1,1017.0
2026-05-09,T_VKNGW-1,Viking Energy Wind Farm LLP,32.9,478.0
2026-05-09,T_VKNGW-2,Viking Energy Wind Farm LLP,66.3,964.0
2026-05-09,T_VKNGW-3,Viking Energy Wind Farm LLP,49.8,724.0
2026-05-09,T_VKNGW-4,Viking Energy Wind Farm LLP,32.0,465.0
2026-05-09,T_WLNYO-3,Walney Extension Ltd,25.5,4166.0
2026-05-10,C__PSTAT011,Statkraft Markets Gmbh,104.1,7082.0
2026-05-10,E_BABAW-1,Statkraft Markets Gmbh,42.7,3501.0
2026-05-10,E_BTUIW-3,SP Renewables (UK) Limited,28.6,314.0
2026-05-10,T_AKGLW-3,AIK2A Sustainable Energy Ltd,234.8,11718.0
2026-05-10,T_BDCHW-1,RWE Generation UK plc,28.8,1919.0
2026-05-10,T_BEATO-1,Beatrice Offshore Windfarm Ltd,8.6,1213.0
2026-05-10,T_BEATO-2,Beatrice Offshore Windfarm Ltd,2.9,421.0
2026-05-10,T_BEATO-3,Beatrice Offshore Windfarm Ltd,10.0,1383.0
2026-05-10,T_BEATO-4,Beatrice Offshore Windfarm Ltd,3.1,457.0
2026-05-10,T_DOREW-1,Dorenell Windfarm Limited,466.9,8354.0
2026-05-10,T_DOREW-2,Dorenell Windfarm Limited,378.3,6938.0
2026-05-10,T_GLNKW-1,EDF Energy Customers Limited,202.7,8188.0
2026-05-10,T_GORDW-1,SSE Generation Ltd,70.1,5891.0
2026-05-10,T_GORDW-2,SSE Generation Ltd,231.6,3534.0
2026-05-10,T_GRGBW-2,Greater Gabbard Offshore Winds,0.8,133.0
2026-05-10,T_GRGBW-3,Greater Gabbard Offshore Winds,2.5,409.0
2026-05-10,T_HALSW-1,SP Renewables (UK) Limited,83.3,942.0
2026-05-10,T_HOWBO-1,Breesea Limited,464.6,12130.0
2026-05-10,T_HOWBO-2,Sonningmay Wind Limited,1125.9,29337.0
2026-05-10,T_HOWBO-3,Soundmark Wind Limited,468.3,12252.0
2026-05-10,T_LIMKW-1,Limekiln Extension Ltd,439.5,13186.0
2026-05-10,T_MOWEO-1,Moray Offshore Wind East Ltd,2260.5,27298.0
2026-05-10,T_MOWEO-2,Moray Offshore Wind East Ltd,2014.1,24277.0
2026-05-10,T_MOWEO-3,Moray Offshore Wind East Ltd,2113.7,24280.0
2026-05-10,T_MOWWO-1,Moray Offshore Wind West Ltd,1337.3,32485.0
2026-05-10,T_MOWWO-2,Moray Offshore Wind West Ltd,1285.6,31376.0
2026-05-10,T_MOWWO-3,Moray Offshore Wind West Ltd,179.5,4323.0
2026-05-10,T_MOWWO-4,Moray Offshore Wind West Ltd,350.9,12860.0
2026-05-10,T_NOKYW-1,North Kyle Wind farm Ltd,32.3,889.0
2026-05-10,T_NOKYW-2,North Kyle Wind farm Ltd,25.6,703.0
2026-05-10,T_SGRWO-1,Seagreen Wind Energy Limited,1717.0,23866.0
2026-05-10,T_SGRWO-2,Seagreen Wind Energy Limited,473.2,6577.0
2026-05-10,T_SGRWO-3,Seagreen Wind Energy Limited,932.9,12968.0
2026-05-10,T_SGRWO-4,Seagreen Wind Energy Limited,778.7,10824.0
2026-05-10,T_SGRWO-5,Seagreen Wind Energy Limited,467.3,6495.0
2026-05-10,T_SGRWO-6,Seagreen Wind Energy Limited,2189.2,30429.0
2026-05-10,T_STRNW-1,Strathy Wind Farm Limited,66.9,5615.0
2026-05-10,T_TWSHW-1,Twentyshilling Limited,6.8,192.0
2026-05-10,T_VKNGW-1,Viking Energy Wind Farm LLP,366.3,5326.0
2026-05-10,T_VKNGW-2,Viking Energy Wind Farm LLP,388.5,5648.0
2026-05-10,T_VKNGW-3,Viking Energy Wind Farm LLP,342.3,4978.0
2026-05-10,T_VKNGW-4,Viking Energy Wind Farm LLP,387.1,5628.0
2026-05-11,T_MOWEO-1,Moray Offshore Wind East Ltd,356.8,7673.0
2026-05-11,T_MOWEO-2,Moray Offshore Wind East Ltd,169.1,3237.0
2026-05-11,T_MOWEO-3,Moray Offshore Wind East Ltd,380.3,8244.0
2026-05-11,T_SGRWO-1,Seagreen Wind Energy Limited,2223.5,30906.0
2026-05-11,T_SGRWO-2,Seagreen Wind Energy Limited,385.3,5356.0
2026-05-11,T_SGRWO-3,Seagreen Wind Energy Limited,904.6,12573.0
2026-05-11,T_SGRWO-4,Seagreen Wind Energy Limited,802.3,11152.0
2026-05-11,T_SGRWO-5,Seagreen Wind Energy Limited,415.4,5774.0
2026-05-11,T_SGRWO-6,Seagreen Wind Energy Limited,2355.3,32739.0
2026-05-11,T_VKNGW-1,Viking Energy Wind Farm LLP,211.5,3076.0
2026-05-11,T_VKNGW-2,Viking Energy Wind Farm LLP,253.1,3681.0
2026-05-11,T_VKNGW-3,Viking Energy Wind Farm LLP,219.5,3191.0
2026-05-11,T_VKNGW-4,Viking Energy Wind Farm LLP,228.8,3327.0
2026-05-12,2__PSTAT001,Statkraft Markets Gmbh,18.1,1530.0
2026-05-12,C__PSTAT011,Statkraft Markets Gmbh,226.8,15425.0
2026-05-12,E_BABAW-1,Statkraft Markets Gmbh,169.2,13872.0
2026-05-12,T_CREAW-1,Creag Riabhach Wind Farm Ltd,307.9,17860.0
2026-05-12,T_DOREW-1,Dorenell Windfarm Limited,892.1,32193.0
2026-05-12,T_DOREW-2,Dorenell Windfarm Limited,481.8,21415.0
2026-05-12,T_EDINW-1,Vattenfall Wind Power Ltd,7.0,769.0
2026-05-12,T_GLNKW-1,EDF Energy Customers Limited,273.3,11042.0
2026-05-12,T_GORDW-1,SSE Generation Ltd,125.5,10537.0
2026-05-12,T_GORDW-2,SSE Generation Ltd,376.0,5738.0
2026-05-12,T_GRGBW-1,Greater Gabbard Offshore Winds,29.1,4843.0
2026-05-12,T_GRGBW-2,Greater Gabbard Offshore Winds,13.8,2290.0
2026-05-12,T_GRIFW-2,Griffin Wind Farm Ltd,37.1,3357.0
2026-05-12,T_HALSW-1,SP Renewables (UK) Limited,400.8,4537.0
2026-05-12,T_LIMKW-1,Limekiln Extension Ltd,815.2,24455.0
2026-05-12,T_MOWEO-1,Moray Offshore Wind East Ltd,3585.8,87906.0
2026-05-12,T_MOWEO-2,Moray Offshore Wind East Ltd,3212.0,78225.0
2026-05-12,T_MOWEO-3,Moray Offshore Wind East Ltd,3379.7,80244.0
2026-05-12,T_MOWWO-1,Moray Offshore Wind West Ltd,1814.4,46915.0
2026-05-12,T_MOWWO-2,Moray Offshore Wind West Ltd,2518.4,64744.0
2026-05-12,T_MOWWO-3,Moray Offshore Wind West Ltd,624.5,15586.0
2026-05-12,T_MOWWO-4,Moray Offshore Wind West Ltd,782.4,28675.0
2026-05-12,T_NOKYW-1,North Kyle Wind farm Ltd,501.2,13782.0
2026-05-12,T_NOKYW-2,North Kyle Wind farm Ltd,512.4,14090.0
2026-05-12,T_SGRWO-1,Seagreen Wind Energy Limited,1559.4,21784.0
2026-05-12,T_SGRWO-2,Seagreen Wind Energy Limited,687.1,9599.0
2026-05-12,T_SGRWO-3,Seagreen Wind Energy Limited,1196.7,16718.0
2026-05-12,T_SGRWO-4,Seagreen Wind Energy Limited,669.4,9352.0
2026-05-12,T_SGRWO-5,Seagreen Wind Energy Limited,361.6,5052.0
2026-05-12,T_STLGW-1,Stronelairg Windfarm Limited,28.4,2430.0
2026-05-12,T_STLGW-2,Stronelairg Windfarm Limited,54.0,4615.0
2026-05-12,T_STRNW-1,Strathy Wind Farm Limited,278.1,23351.0
2026-05-12,T_TWSHW-1,Twentyshilling Limited,61.7,1737.0
2026-05-12,T_VKNGW-1,Viking Energy Wind Farm LLP,1364.6,19842.0
2026-05-12,T_VKNGW-2,Viking Energy Wind Farm LLP,1461.8,21254.0
2026-05-12,T_VKNGW-3,Viking Energy Wind Farm LLP,1252.0,18205.0
2026-05-12,T_VKNGW-4,Viking Energy Wind Farm LLP,1174.7,17081.0
2026-05-12,T_WDRGW-1,Windy Rig Wind Farm Limited,75.3,2160.0
2026-05-13,E_BTUIW-3,SP Renewables (UK) Limited,18.4,201.0
2026-05-13,T_GRGBW-3,Greater Gabbard Offshore Winds,0.5,83.0
2026-05-13,T_LARYW-1,London Array Limited,4.1,728.0
2026-05-13,T_LARYW-2,London Array Limited,29.0,5216.0
2026-05-13,T_LARYW-3,London Array Limited,18.9,3396.0
2026-05-13,T_LARYW-4,London Array Limited,19.1,3432.0
2026-05-13,T_NOKYW-1,North Kyle Wind farm Ltd,30.4,835.0
2026-05-13,T_NOKYW-2,North Kyle Wind farm Ltd,63.8,1753.0
2026-05-14,C__PSTAT011,Statkraft Markets Gmbh,72.0,4896.0
2026-05-14,E_BLARW-1,Erova Energy Limited,128.2,3554.0
2026-05-14,E_BTUIW-3,SP Renewables (UK) Limited,372.4,4082.0
2026-05-14,T_BDCHW-1,RWE Generation UK plc,12.6,775.0
2026-05-14,T_CREAW-1,Creag Riabhach Wind Farm Ltd,206.4,11970.0
2026-05-14,T_CUMHW-1,Uniper UK Limited,39.7,602.0
2026-05-14,T_DOREW-1,Dorenell Windfarm Limited,1196.7,17290.0
2026-05-14,T_DOREW-2,Dorenell Windfarm Limited,832.7,11053.0
2026-05-14,T_EDINW-1,Vattenfall Wind Power Ltd,0.5,50.0
2026-05-14,T_GLNKW-1,EDF Energy Customers Limited,77.8,3144.0
2026-05-14,T_GORDW-2,SSE Generation Ltd,589.6,8998.0
2026-05-14,T_HALSW-1,SP Renewables (UK) Limited,514.0,5818.0
2026-05-14,T_KYPEW-1,Kype Extension Wind Farm Ltd,11.6,336.0
2026-05-14,T_LIMKW-1,Limekiln Extension Ltd,955.0,28650.0
2026-05-14,T_MOWEO-1,Moray Offshore Wind East Ltd,4974.7,49534.0
2026-05-14,T_MOWEO-2,Moray Offshore Wind East Ltd,4559.3,45241.0
2026-05-14,T_MOWEO-3,Moray Offshore Wind East Ltd,4520.0,45533.0
2026-05-14,T_MOWWO-1,Moray Offshore Wind West Ltd,1838.0,41578.0
2026-05-14,T_MOWWO-2,Moray Offshore Wind West Ltd,3077.7,69627.0
2026-05-14,T_MOWWO-3,Moray Offshore Wind West Ltd,2009.1,45001.0
2026-05-14,T_MOWWO-4,Moray Offshore Wind West Ltd,1380.8,50608.0
2026-05-14,T_NOKYW-1,North Kyle Wind farm Ltd,78.5,2158.0
2026-05-14,T_NOKYW-2,North Kyle Wind farm Ltd,68.1,1874.0
2026-05-14,T_SGRWO-1,Seagreen Wind Energy Limited,3771.2,52683.0
2026-05-14,T_SGRWO-2,Seagreen Wind Energy Limited,1482.3,20708.0
2026-05-14,T_SGRWO-3,Seagreen Wind Energy Limited,1855.5,25921.0
2026-05-14,T_SGRWO-4,Seagreen Wind Energy Limited,1696.8,23705.0
2026-05-14,T_SGRWO-5,Seagreen Wind Energy Limited,824.4,11517.0
2026-05-14,T_TWSHW-1,Twentyshilling Limited,11.1,314.0
2026-05-14,T_VKNGW-1,Viking Energy Wind Farm LLP,1925.4,27995.0
2026-05-14,T_VKNGW-2,Viking Energy Wind Farm LLP,1963.3,28547.0
2026-05-14,T_VKNGW-3,Viking Energy Wind Farm LLP,1885.4,27414.0
2026-05-14,T_VKNGW-4,Viking Energy Wind Farm LLP,1975.3,28720.0
2026-05-14,T_WDRGW-1,Windy Rig Wind Farm Limited,31.9,915.0
2026-05-15,C__PSTAT011,Statkraft Markets Gmbh,74.7,5077.0
2026-05-15,E_BLARW-1,Erova Energy Limited,26.4,731.0
2026-05-15,E_BTUIW-3,SP Renewables (UK) Limited,170.2,1865.0
2026-05-15,T_AKGLW-3,AIK2A Sustainable Energy Ltd,76.7,3825.0
2026-05-15,T_CREAW-1,Creag Riabhach Wind Farm Ltd,82.1,4761.0
2026-05-15,T_CRYRW-3,Eneco Energy Trade,6.2,478.0
2026-05-15,T_DOREW-1,Dorenell Windfarm Limited,1136.8,33012.0
2026-05-15,T_DOREW-2,Dorenell Windfarm Limited,629.6,17255.0
2026-05-15,T_GORDW-2,SSE Generation Ltd,698.1,10653.0
2026-05-15,T_HALSW-1,SP Renewables (UK) Limited,557.8,6314.0
2026-05-15,T_LIMKW-1,Limekiln Extension Ltd,1449.4,43482.0
2026-05-15,T_MOWEO-1,Moray Offshore Wind East Ltd,6274.8,112237.0
2026-05-15,T_MOWEO-2,Moray Offshore Wind East Ltd,5351.3,92510.0
2026-05-15,T_MOWEO-3,Moray Offshore Wind East Ltd,5753.0,102434.0
2026-05-15,T_MOWWO-1,Moray Offshore Wind West Ltd,2148.5,54502.0
2026-05-15,T_MOWWO-2,Moray Offshore Wind West Ltd,3963.9,97395.0
2026-05-15,T_MOWWO-3,Moray Offshore Wind West Ltd,2680.1,65917.0
2026-05-15,T_MOWWO-4,Moray Offshore Wind West Ltd,2455.0,89975.0
2026-05-15,T_SGRWO-1,Seagreen Wind Energy Limited,5187.3,72466.0
2026-05-15,T_SGRWO-2,Seagreen Wind Energy Limited,1469.3,20526.0
2026-05-15,T_SGRWO-3,Seagreen Wind Energy Limited,3028.8,42313.0
2026-05-15,T_SGRWO-4,Seagreen Wind Energy Limited,2787.6,38943.0
2026-05-15,T_SGRWO-5,Seagreen Wind Energy Limited,978.4,13668.0
2026-05-15,T_SGRWO-6,Seagreen Wind Energy Limited,2472.7,34544.0
2026-05-15,T_VKNGW-1,Viking Energy Wind Farm LLP,2333.7,33931.0
2026-05-15,T_VKNGW-2,Viking Energy Wind Farm LLP,2233.7,32478.0
2026-05-15,T_VKNGW-3,Viking Energy Wind Farm LLP,2256.8,32816.0
2026-05-15,T_VKNGW-4,Viking Energy Wind Farm LLP,2243.9,32627.0
2026-05-16,T_MOWEO-1,Moray Offshore Wind East Ltd,59.5,349.0
2026-05-16,T_MOWEO-2,Moray Offshore Wind East Ltd,206.6,1382.0
2026-05-16,T_MOWEO-3,Moray Offshore Wind East Ltd,388.9,2837.0
2026-05-16,T_SGRWO-1,Seagreen Wind Energy Limited,961.1,13426.0
2026-05-16,T_SGRWO-4,Seagreen Wind Energy Limited,365.6,5107.0
2026-05-16,T_SGRWO-5,Seagreen Wind Energy Limited,10.3,144.0
2026-05-16,T_SGRWO-6,Seagreen Wind Energy Limited,412.6,5764.0
2026-05-17,T_PNYCW-1,Pen y Cymoedd Wind Farm LTD,46.8,4490.0
2026-05-17,T_SGRWO-1,Seagreen Wind Energy Limited,172.4,2409.0
2026-05-17,T_SGRWO-2,Seagreen Wind Energy Limited,49.7,695.0
2026-05-17,T_SGRWO-3,Seagreen Wind Energy Limited,93.9,1312.0
2026-05-17,T_SGRWO-4,Seagreen Wind Energy Limited,90.8,1268.0
2026-05-17,T_SGRWO-5,Seagreen Wind Energy Limited,35.8,500.0
2026-05-17,T_SGRWO-6,Seagreen Wind Energy Limited,254.6,3556.0
2026-05-18,T_DOREW-1,Dorenell Windfarm Limited,385.3,1657.0
2026-05-18,T_DOREW-2,Dorenell Windfarm Limited,262.8,1250.0
2026-05-18,T_DRSLW-1,SP Renewables (UK) Limited,20.5,1643.0
2026-05-18,T_GORDW-2,SSE Generation Ltd,135.0,2075.0
2026-05-18,T_HALSW-1,SP Renewables (UK) Limited,197.2,2233.0
2026-05-18,T_MOWEO-1,Moray Offshore Wind East Ltd,2028.9,1573.0
2026-05-18,T_MOWEO-2,Moray Offshore Wind East Ltd,1613.9,1352.0
2026-05-18,T_MOWEO-3,Moray Offshore Wind East Ltd,2004.5,1882.0
2026-05-18,T_MOWWO-1,Moray Offshore Wind West Ltd,149.6,3111.0
2026-05-18,T_MOWWO-2,Moray Offshore Wind West Ltd,404.0,7995.0
2026-05-18,T_MOWWO-3,Moray Offshore Wind West Ltd,185.6,3902.0
2026-05-18,T_MOWWO-4,Moray Offshore Wind West Ltd,276.0,10115.0
2026-05-18,T_SGRWO-1,Seagreen Wind Energy Limited,119.9,1675.0
2026-05-18,T_SGRWO-2,Seagreen Wind Energy Limited,339.1,4738.0
2026-05-18,T_SGRWO-3,Seagreen Wind Energy Limited,581.6,8125.0
2026-05-18,T_SGRWO-4,Seagreen Wind Energy Limited,476.4,6655.0
2026-05-18,T_SGRWO-5,Seagreen Wind Energy Limited,213.9,2988.0
2026-05-18,T_SGRWO-6,Seagreen Wind Energy Limited,193.6,2705.0
2026-05-18,T_VKNGW-1,Viking Energy Wind Farm LLP,472.7,6926.0
2026-05-18,T_VKNGW-2,Viking Energy Wind Farm LLP,432.8,6341.0
2026-05-18,T_VKNGW-3,Viking Energy Wind Farm LLP,373.1,5466.0
2026-05-18,T_VKNGW-4,Viking Energy Wind Farm LLP,359.2,5262.0
2026-05-18,T_WISTW-2,BROCKLOCH RIG WINDFARM LTD,5.1,412.0
2026-05-19,2__PSTAT001,Statkraft Markets Gmbh,92.8,7864.0
2026-05-19,C__PSTAT011,Statkraft Markets Gmbh,143.2,9738.0
2026-05-19,E_BLARW-1,Erova Energy Limited,16.4,454.0
2026-05-19,E_BTUIW-3,SP Renewables (UK) Limited,609.7,6682.0
2026-05-19,T_BDCHW-1,RWE Generation UK plc,49.2,3950.0
2026-05-19,T_BENBW-1,Benbrack Wind Farm Limited,661.6,5292.0
2026-05-19,T_CREAW-1,Creag Riabhach Wind Farm Ltd,294.2,17062.0
2026-05-19,T_CUMHW-1,Uniper UK Limited,337.1,5111.0
2026-05-19,T_DOREW-1,Dorenell Windfarm Limited,640.5,22542.0
2026-05-19,T_DOREW-2,Dorenell Windfarm Limited,531.6,18832.0
2026-05-19,T_DOUGW-1,Erova Energy Limited,136.0,4080.0
2026-05-19,T_DRSLW-1,SP Renewables (UK) Limited,256.9,20600.0
2026-05-19,T_GLNKW-1,EDF Energy Customers Limited,176.4,7126.0
2026-05-19,T_GORDW-2,SSE Generation Ltd,736.5,11320.0
2026-05-19,T_HALSW-1,SP Renewables (UK) Limited,616.2,6975.0
2026-05-19,T_KYPEW-1,Kype Extension Wind Farm Ltd,103.7,3007.0
2026-05-19,T_LIMKW-1,Limekiln Extension Ltd,511.4,15341.0
2026-05-19,T_MOWEO-1,Moray Offshore Wind East Ltd,6161.6,135951.0
2026-05-19,T_MOWEO-2,Moray Offshore Wind East Ltd,3666.8,74420.0
2026-05-19,T_MOWEO-3,Moray Offshore Wind East Ltd,5066.4,119895.0
2026-05-19,T_MOWWO-1,Moray Offshore Wind West Ltd,2724.3,69326.0
2026-05-19,T_MOWWO-2,Moray Offshore Wind West Ltd,3496.3,89168.0
2026-05-19,T_MOWWO-3,Moray Offshore Wind West Ltd,2614.7,65507.0
2026-05-19,T_MOWWO-4,Moray Offshore Wind West Ltd,2601.8,95356.0
2026-05-19,T_NOKYW-1,North Kyle Wind farm Ltd,488.1,13421.0
2026-05-19,T_NOKYW-2,North Kyle Wind farm Ltd,291.5,8016.0
2026-05-19,T_SGRWO-1,Seagreen Wind Energy Limited,4858.6,67826.0
2026-05-19,T_SGRWO-2,Seagreen Wind Energy Limited,1338.1,18680.0
2026-05-19,T_SGRWO-3,Seagreen Wind Energy Limited,1384.1,19322.0
2026-05-19,T_SGRWO-4,Seagreen Wind Energy Limited,2397.6,33471.0
2026-05-19,T_SGRWO-5,Seagreen Wind Energy Limited,1014.3,14160.0
2026-05-19,T_SGRWO-6,Seagreen Wind Energy Limited,6561.8,91603.0
2026-05-19,T_SOKYW-1,South Kyle Wind Farm Limited,93.9,3754.0
2026-05-19,T_STLGW-1,Stronelairg Windfarm Limited,65.0,5566.0
2026-05-19,T_TWSHW-1,Twentyshilling Limited,273.9,7713.0
2026-05-19,T_VKNGW-1,Viking Energy Wind Farm LLP,2359.8,34571.0
2026-05-19,T_VKNGW-2,Viking Energy Wind Farm LLP,2379.2,34855.0
2026-05-19,T_VKNGW-3,Viking Energy Wind Farm LLP,2142.2,31383.0
2026-05-19,T_VKNGW-4,Viking Energy Wind Farm LLP,2255.9,33049.0
2026-05-19,T_WDRGW-1,Windy Rig Wind Farm Limited,240.5,6901.0
2026-05-19,T_WISTW-2,BROCKLOCH RIG WINDFARM LTD,77.1,6203.0
2026-05-20,C__PSTAT011,Statkraft Markets Gmbh,62.6,4254.0
2026-05-20,E_BABAW-1,Statkraft Markets Gmbh,8.5,695.0
2026-05-20,T_AKGLW-3,AIK2A Sustainable Energy Ltd,12.3,612.0
2026-05-20,T_DOREW-1,Dorenell Windfarm Limited,285.9,1174.0
2026-05-20,T_DOREW-2,Dorenell Windfarm Limited,258.8,1010.0
2026-05-20,T_EDINW-1,Vattenfall Wind Power Ltd,99.9,10994.0
2026-05-20,T_GLNKW-1,EDF Energy Customers Limited,68.0,2748.0
2026-05-20,T_GORDW-2,SSE Generation Ltd,108.6,1668.0
2026-05-20,T_GRIFW-2,Griffin Wind Farm Ltd,15.1,1372.0
2026-05-20,T_HALSW-1,SP Renewables (UK) Limited,90.7,1027.0
2026-05-20,T_LIMKW-1,Limekiln Extension Ltd,102.0,3061.0
2026-05-20,T_MOWEO-1,Moray Offshore Wind East Ltd,1185.9,2407.0
2026-05-20,T_MOWEO-2,Moray Offshore Wind East Ltd,646.5,1236.0
2026-05-20,T_MOWEO-3,Moray Offshore Wind East Ltd,1044.6,1801.0
2026-05-20,T_MOWWO-1,Moray Offshore Wind West Ltd,977.2,20659.0
2026-05-20,T_MOWWO-2,Moray Offshore Wind West Ltd,1058.4,22810.0
2026-05-20,T_MOWWO-3,Moray Offshore Wind West Ltd,811.4,16609.0
2026-05-20,T_MOWWO-4,Moray Offshore Wind West Ltd,632.6,23185.0
2026-05-20,T_SGRWO-1,Seagreen Wind Energy Limited,1292.8,18047.0
2026-05-20,T_SGRWO-2,Seagreen Wind Energy Limited,648.0,9047.0
2026-05-20,T_SGRWO-3,Seagreen Wind Energy Limited,873.1,12188.0
2026-05-20,T_SGRWO-4,Seagreen Wind Energy Limited,1106.3,15444.0
2026-05-20,T_SGRWO-5,Seagreen Wind Energy Limited,507.6,7087.0
2026-05-20,T_SGRWO-6,Seagreen Wind Energy Limited,1175.3,16407.0
2026-05-20,T_VKNGW-1,Viking Energy Wind Farm LLP,255.2,3738.0
2026-05-20,T_VKNGW-2,Viking Energy Wind Farm LLP,234.6,3437.0
2026-05-20,T_VKNGW-3,Viking Energy Wind Farm LLP,252.8,3703.0
2026-05-20,T_VKNGW-4,Viking Energy Wind Farm LLP,268.3,3931.0
2026-05-21,E_BABAW-1,Statkraft Markets Gmbh,7.2,591.0
2026-05-21,T_BDCHW-1,RWE Generation UK plc,12.0,818.0
2026-05-21,T_CREAW-1,Creag Riabhach Wind Farm Ltd,154.2,8942.0
2026-05-21,T_DOREW-1,Dorenell Windfarm Limited,32.5,735.0
2026-05-21,T_DOREW-2,Dorenell Windfarm Limited,29.8,671.0
2026-05-21,T_EDINW-1,Vattenfall Wind Power Ltd,14.3,1574.0
2026-05-21,T_GORDW-2,SSE Generation Ltd,59.0,907.0
2026-05-21,T_HALSW-1,SP Renewables (UK) Limited,93.9,1064.0
2026-05-21,T_LIMKW-1,Limekiln Extension Ltd,170.3,5110.0
2026-05-21,T_MOWEO-1,Moray Offshore Wind East Ltd,507.3,5241.0
2026-05-21,T_MOWEO-2,Moray Offshore Wind East Ltd,263.6,2980.0
2026-05-21,T_MOWEO-3,Moray Offshore Wind East Ltd,435.0,4716.0
2026-05-21,T_MOWWO-2,Moray Offshore Wind West Ltd,49.6,1146.0
2026-05-21,T_MOWWO-3,Moray Offshore Wind West Ltd,136.6,3166.0
2026-05-21,T_SGRWO-1,Seagreen Wind Energy Limited,336.1,4691.0
2026-05-21,T_SGRWO-2,Seagreen Wind Energy Limited,373.5,5214.0
2026-05-21,T_SGRWO-3,Seagreen Wind Energy Limited,180.4,2518.0
2026-05-21,T_SGRWO-4,Seagreen Wind Energy Limited,232.3,3243.0
2026-05-21,T_SGRWO-5,Seagreen Wind Energy Limited,272.5,3804.0
2026-05-21,T_SGRWO-6,Seagreen Wind Energy Limited,350.6,4894.0
2026-05-21,T_STRNW-1,Strathy Wind Farm Limited,6.2,524.0
2026-05-21,T_VKNGW-1,Viking Energy Wind Farm LLP,464.9,6810.0
2026-05-21,T_VKNGW-2,Viking Energy Wind Farm LLP,452.9,6635.0
2026-05-21,T_VKNGW-3,Viking Energy Wind Farm LLP,377.5,5530.0
2026-05-21,T_VKNGW-4,Viking Energy Wind Farm LLP,349.8,5124.0
2026-05-22,E_BTUIW-3,SP Renewables (UK) Limited,19.5,213.0
2026-05-22,T_EAAO-1,East Anglia One Limited,6.5,552.0
2026-05-22,T_EAAO-2,East Anglia One Limited,6.5,552.0
2026-05-22,T_EDINW-1,Vattenfall Wind Power Ltd,6.1,669.0
2026-05-22,T_GORDW-2,SSE Generation Ltd,123.3,1896.0
2026-05-22,T_HALSW-1,SP Renewables (UK) Limited,103.7,1174.0
2026-05-22,T_LIMKW-1,Limekiln Extension Ltd,16.3,489.0
2026-05-22,T_MOWEO-1,Moray Offshore Wind East Ltd,1330.4,22869.0
2026-05-22,T_MOWEO-2,Moray Offshore Wind East Ltd,1168.3,25024.0
2026-05-22,T_MOWEO-3,Moray Offshore Wind East Ltd,1261.4,20659.0
2026-05-22,T_MOWWO-1,Moray Offshore Wind West Ltd,252.8,6831.0
2026-05-22,T_MOWWO-2,Moray Offshore Wind West Ltd,525.6,14249.0
2026-05-22,T_MOWWO-3,Moray Offshore Wind West Ltd,304.1,8306.0
2026-05-22,T_MOWWO-4,Moray Offshore Wind West Ltd,44.9,1646.0
2026-05-22,T_RCBKO-2,Race Bank Wind Farm Ltd,7.0,1185.0
2026-05-22,T_SGRWO-1,Seagreen Wind Energy Limited,769.3,10739.0
2026-05-22,T_SGRWO-3,Seagreen Wind Energy Limited,515.6,7198.0
2026-05-22,T_SGRWO-4,Seagreen Wind Energy Limited,77.0,1074.0
2026-05-22,T_SGRWO-5,Seagreen Wind Energy Limited,84.7,1183.0
2026-05-22,T_SGRWO-6,Seagreen Wind Energy Limited,1275.9,17811.0
2026-05-22,T_VKNGW-1,Viking Energy Wind Farm LLP,186.1,2726.0
2026-05-22,T_VKNGW-2,Viking Energy Wind Farm LLP,170.8,2502.0
2026-05-22,T_VKNGW-3,Viking Energy Wind Farm LLP,123.7,1812.0
2026-05-22,T_VKNGW-4,Viking Energy Wind Farm LLP,144.6,2118.0
2026-05-23,2__PSTAT001,Statkraft Markets Gmbh,37.6,3184.0
2026-05-23,C__PSTAT011,Statkraft Markets Gmbh,87.2,5928.0
2026-05-23,E_BABAW-1,Statkraft Markets Gmbh,8.1,661.0
2026-05-23,T_BDCHW-1,RWE Generation UK plc,29.7,2333.0
2026-05-23,T_CGTHW-1,Corriegarth Wind Energy LTD,151.8,12250.0
2026-05-23,T_CREAW-1,Creag Riabhach Wind Farm Ltd,412.3,23916.0
2026-05-23,T_DOREW-1,Dorenell Windfarm Limited,674.7,21982.0
2026-05-23,T_DOREW-2,Dorenell Windfarm Limited,645.5,23070.0
2026-05-23,T_EDINW-1,Vattenfall Wind Power Ltd,535.8,58940.0
2026-05-23,T_GLNKW-1,EDF Energy Customers Limited,398.0,16081.0
2026-05-23,T_GORDW-1,SSE Generation Ltd,72.6,6110.0
2026-05-23,T_GORDW-2,SSE Generation Ltd,293.0,4518.0
2026-05-23,T_GRIFW-2,Griffin Wind Farm Ltd,35.5,3223.0
2026-05-23,T_HALSW-1,SP Renewables (UK) Limited,361.2,4089.0
2026-05-23,T_LIMKW-1,Limekiln Extension Ltd,689.5,20685.0
2026-05-23,T_MOWEO-1,Moray Offshore Wind East Ltd,5012.2,88863.0
2026-05-23,T_MOWEO-2,Moray Offshore Wind East Ltd,3661.5,67150.0
2026-05-23,T_MOWEO-3,Moray Offshore Wind East Ltd,4620.3,85341.0
2026-05-23,T_MOWWO-1,Moray Offshore Wind West Ltd,2715.8,64578.0
2026-05-23,T_MOWWO-2,Moray Offshore Wind West Ltd,3221.4,78447.0
2026-05-23,T_MOWWO-3,Moray Offshore Wind West Ltd,2307.4,56108.0
2026-05-23,T_MOWWO-4,Moray Offshore Wind West Ltd,3208.3,117586.0
2026-05-23,T_SGRWO-1,Seagreen Wind Energy Limited,1887.1,26345.0
2026-05-23,T_SGRWO-2,Seagreen Wind Energy Limited,592.9,8277.0
2026-05-23,T_SGRWO-3,Seagreen Wind Energy Limited,1956.7,27315.0
2026-05-23,T_SGRWO-4,Seagreen Wind Energy Limited,1370.1,19126.0
2026-05-23,T_SGRWO-5,Seagreen Wind Energy Limited,806.5,11258.0
2026-05-23,T_SGRWO-6,Seagreen Wind Energy Limited,4765.6,66527.0
2026-05-23,T_STRNW-1,Strathy Wind Farm Limited,40.2,3385.0
2026-05-23,T_VKNGW-1,Viking Energy Wind Farm LLP,1413.6,20780.0
2026-05-23,T_VKNGW-2,Viking Energy Wind Farm LLP,1618.9,23798.0
2026-05-23,T_VKNGW-3,Viking Energy Wind Farm LLP,1399.4,20571.0
2026-05-23,T_VKNGW-4,Viking Energy Wind Farm LLP,1395.2,20509.0
2026-05-24,T_DOREW-1,Dorenell Windfarm Limited,318.3,6284.0
2026-05-24,T_DOREW-2,Dorenell Windfarm Limited,219.0,4498.0
2026-05-24,T_EDINW-1,Vattenfall Wind Power Ltd,52.0,5720.0
2026-05-24,T_GORDW-2,SSE Generation Ltd,200.1,3085.0
2026-05-24,T_HALSW-1,SP Renewables (UK) Limited,175.8,1990.0
2026-05-24,T_LIMKW-1,Limekiln Extension Ltd,473.3,14199.0
2026-05-24,T_MOWEO-1,Moray Offshore Wind East Ltd,3860.8,31880.0
2026-05-24,T_MOWEO-2,Moray Offshore Wind East Ltd,3269.3,33681.0
2026-05-24,T_MOWEO-3,Moray Offshore Wind East Ltd,3289.3,26449.0
2026-05-24,T_MOWWO-1,Moray Offshore Wind West Ltd,2099.6,47130.0
2026-05-24,T_MOWWO-2,Moray Offshore Wind West Ltd,3270.3,74866.0
2026-05-24,T_MOWWO-3,Moray Offshore Wind West Ltd,1807.4,40365.0
2026-05-24,T_MOWWO-4,Moray Offshore Wind West Ltd,770.6,28244.0
2026-05-24,T_SGRWO-1,Seagreen Wind Energy Limited,1815.3,25341.0
2026-05-24,T_SGRWO-2,Seagreen Wind Energy Limited,564.4,7879.0
2026-05-24,T_SGRWO-3,Seagreen Wind Energy Limited,1286.3,17957.0
2026-05-24,T_SGRWO-4,Seagreen Wind Energy Limited,927.6,12949.0
2026-05-24,T_SGRWO-5,Seagreen Wind Energy Limited,527.6,7365.0
2026-05-24,T_SGRWO-6,Seagreen Wind Energy Limited,1463.2,20426.0
2026-05-24,T_VKNGW-1,Viking Energy Wind Farm LLP,791.6,11636.0
2026-05-24,T_VKNGW-2,Viking Energy Wind Farm LLP,840.2,12351.0
2026-05-24,T_VKNGW-3,Viking Energy Wind Farm LLP,671.5,9871.0
2026-05-24,T_VKNGW-4,Viking Energy Wind Farm LLP,690.9,10157.0
2026-05-25,T_BDCHW-1,RWE Generation UK plc,6.6,549.0
2026-05-25,T_CREAW-1,Creag Riabhach Wind Farm Ltd,17.8,1031.0
2026-05-25,T_DOREW-1,Dorenell Windfarm Limited,339.0,8476.0
2026-05-25,T_DOREW-2,Dorenell Windfarm Limited,358.7,8948.0
2026-05-25,T_EDINW-1,Vattenfall Wind Power Ltd,46.4,5099.0
2026-05-25,T_GORDW-2,SSE Generation Ltd,148.5,2289.0
2026-05-25,T_HALSW-1,SP Renewables (UK) Limited,212.2,2402.0
2026-05-25,T_LIMKW-1,Limekiln Extension Ltd,51.3,1540.0
2026-05-25,T_MOWEO-1,Moray Offshore Wind East Ltd,1602.9,22726.0
2026-05-25,T_MOWEO-2,Moray Offshore Wind East Ltd,865.3,11795.0
2026-05-25,T_MOWEO-3,Moray Offshore Wind East Ltd,1256.4,20509.0
2026-05-25,T_MOWWO-1,Moray Offshore Wind West Ltd,996.6,24433.0
2026-05-25,T_MOWWO-2,Moray Offshore Wind West Ltd,1585.6,38636.0
2026-05-25,T_MOWWO-3,Moray Offshore Wind West Ltd,446.8,10713.0
2026-05-25,T_SGRWO-3,Seagreen Wind Energy Limited,119.2,1664.0
2026-05-25,T_SGRWO-4,Seagreen Wind Energy Limited,107.1,1495.0
2026-05-25,T_SGRWO-5,Seagreen Wind Energy Limited,132.4,1849.0
2026-05-25,T_SGRWO-6,Seagreen Wind Energy Limited,792.0,11056.0
2026-05-25,T_VKNGW-1,Viking Energy Wind Farm LLP,1664.6,24469.0
2026-05-25,T_VKNGW-2,Viking Energy Wind Farm LLP,1022.7,15034.0
2026-05-25,T_VKNGW-3,Viking Energy Wind Farm LLP,1324.9,19477.0
2026-05-25,T_VKNGW-4,Viking Energy Wind Farm LLP,1071.8,15755.0
2026-05-26,T_HALSW-1,SP Renewables (UK) Limited,123.9,1403.0
2026-05-26,T_MOWEO-2,Moray Offshore Wind East Ltd,42.1,81.0
2026-05-26,T_MOWEO-3,Moray Offshore Wind East Ltd,21.3,0.0
2026-05-26,T_VKNGW-1,Viking Energy Wind Farm LLP,1316.4,19351.0
2026-05-26,T_VKNGW-2,Viking Energy Wind Farm LLP,154.6,2273.0
2026-05-26,T_VKNGW-3,Viking Energy Wind Farm LLP,1073.9,15786.0
2026-05-26,T_VKNGW-4,Viking Energy Wind Farm LLP,989.3,14542.0
2026-05-27,T_GRGBW-2,Greater Gabbard Offshore Winds,1.4,233.0
2026-05-27,T_GRGBW-3,Greater Gabbard Offshore Winds,1.4,233.0
2026-05-27,T_HOWBO-1,Breesea Limited,13.7,69.0
2026-05-27,T_HOWBO-2,Sonningmay Wind Limited,13.7,69.0
2026-05-27,T_MOWEO-1,Moray Offshore Wind East Ltd,821.2,1926.0
2026-05-27,T_MOWEO-2,Moray Offshore Wind East Ltd,0.5,2.0
2026-05-27,T_MOWEO-3,Moray Offshore Wind East Ltd,692.2,1570.0
2026-05-28,T_CUMHW-1,Uniper UK Limited,10.2,155.0
2026-05-28,T_DOREW-1,Dorenell Windfarm Limited,174.2,575.0
2026-05-28,T_DOREW-2,Dorenell Windfarm Limited,106.5,440.0
2026-05-28,T_GORDW-2,SSE Generation Ltd,47.5,733.0
2026-05-28,T_GRGBW-3,Greater Gabbard Offshore Winds,2.2,372.0
2026-05-28,T_HALSW-1,SP Renewables (UK) Limited,257.3,2913.0
2026-05-28,T_HOWBO-1,Breesea Limited,1365.2,35566.0
2026-05-28,T_HOWBO-2,Sonningmay Wind Limited,1443.3,37292.0
2026-05-28,T_HOWBO-3,Soundmark Wind Limited,1542.7,39180.0
2026-05-28,T_LARYW-1,London Array Limited,0.4,66.0
2026-05-28,T_LARYW-2,London Array Limited,0.4,66.0
2026-05-28,T_LARYW-3,London Array Limited,1.5,264.0
2026-05-28,T_LARYW-4,London Array Limited,1.2,223.0
2026-05-28,T_MOWEO-1,Moray Offshore Wind East Ltd,2947.6,26980.0
2026-05-28,T_MOWEO-2,Moray Offshore Wind East Ltd,2073.1,4778.0
2026-05-28,T_MOWEO-3,Moray Offshore Wind East Ltd,4569.9,66136.0
2026-05-28,T_MOWWO-1,Moray Offshore Wind West Ltd,877.7,23481.0
2026-05-28,T_MOWWO-2,Moray Offshore Wind West Ltd,1527.3,38344.0
2026-05-28,T_MOWWO-3,Moray Offshore Wind West Ltd,1388.5,34701.0
2026-05-28,T_MOWWO-4,Moray Offshore Wind West Ltd,912.2,33434.0
2026-05-28,T_NOKYW-2,North Kyle Wind farm Ltd,139.2,3828.0
2026-05-28,T_SGRWO-3,Seagreen Wind Energy Limited,1205.6,16950.0
2026-05-28,T_SGRWO-4,Seagreen Wind Energy Limited,921.3,12954.0
2026-05-28,T_SGRWO-5,Seagreen Wind Energy Limited,373.0,5244.0
2026-05-28,T_SGRWO-6,Seagreen Wind Energy Limited,4774.7,67133.0
2026-05-28,T_TWSHW-1,Twentyshilling Limited,122.1,3439.0
2026-05-28,T_VKNGW-1,Viking Energy Wind Farm LLP,917.8,13491.0
2026-05-28,T_VKNGW-2,Viking Energy Wind Farm LLP,835.0,12274.0
2026-05-28,T_VKNGW-3,Viking Energy Wind Farm LLP,782.3,11500.0
2026-05-28,T_VKNGW-4,Viking Energy Wind Farm LLP,876.4,12884.0
2026-05-29,2__PENEC001,Eneco Energy Trade,43.1,3792.0
2026-05-29,2__PSTAT001,Statkraft Markets Gmbh,105.8,8963.0
2026-05-29,C__PSTAT011,Statkraft Markets Gmbh,277.5,20811.0
2026-05-29,E_BABAW-1,Statkraft Markets Gmbh,113.6,9314.0
2026-05-29,E_BLARW-1,Erova Energy Limited,266.3,7469.0
2026-05-29,E_BTUIW-2,SP Renewables (UK) Limited,16.4,1452.0
2026-05-29,E_GRGRW-1,Evolve Energy Supply Limited,434.7,30427.0
2026-05-29,E_HRHLW-1,SP Renewables (UK) Limited,9.2,735.0
2026-05-29,T_AKGLW-3,AIK2A Sustainable Energy Ltd,695.7,34714.0
2026-05-29,T_BDCHW-1,RWE Generation UK plc,113.8,6005.0
2026-05-29,T_BEATO-1,Beatrice Offshore Windfarm Ltd,213.0,18443.0
2026-05-29,T_BEATO-3,Beatrice Offshore Windfarm Ltd,18.8,1549.0
2026-05-29,T_BEATO-4,Beatrice Offshore Windfarm Ltd,90.4,7675.0
2026-05-29,T_BHLAW-1,SSE Generation Ltd,257.1,22038.0
2026-05-29,T_BLLA-2,SP Renewables (UK) Limited,43.7,3507.0
2026-05-29,T_BROCW-1,Smartestenergy Limited,307.9,12007.0
2026-05-29,T_CGTHW-1,Corriegarth Wind Energy LTD,129.6,10455.0
2026-05-29,T_CLDCW-1,Clyde Windfarm (Scotland) Ltd,90.7,8927.0
2026-05-29,T_CLDNW-1,Clyde Windfarm (Scotland) Ltd,62.6,5805.0
2026-05-29,T_CREAW-1,Creag Riabhach Wind Farm Ltd,784.0,45470.0
2026-05-29,T_CRGHW-1,Statkraft Markets Gmbh,163.0,12550.0
2026-05-29,T_CRMLW-1,EDF Energy Customers Limited,112.0,9635.0
2026-05-29,T_CRYRW-3,Eneco Energy Trade,20.3,1557.0
2026-05-29,T_CUMHW-1,Uniper UK Limited,606.8,9199.0
2026-05-29,T_DALQW-1,Statkraft Markets Gmbh,260.6,15895.0
2026-05-29,T_DOREW-1,Dorenell Windfarm Limited,1783.9,38528.0
2026-05-29,T_DOREW-2,Dorenell Windfarm Limited,1484.8,32745.0
2026-05-29,T_DOUGW-1,Erova Energy Limited,383.3,11498.0
2026-05-29,T_DRSLW-1,SP Renewables (UK) Limited,10.1,813.0
2026-05-29,T_DUNGW-1,Dunmaglass Wind Farm Limited,182.8,16581.0
2026-05-29,T_EDINW-1,Vattenfall Wind Power Ltd,344.6,37911.0
2026-05-29,T_EWHLW-1,SP Renewables (UK) Limited,10.9,871.0
2026-05-29,T_GLNKW-1,EDF Energy Customers Limited,635.7,25682.0
2026-05-29,T_GORDW-1,SSE Generation Ltd,238.5,20066.0
2026-05-29,T_GORDW-2,SSE Generation Ltd,467.5,7212.0
2026-05-29,T_GRIFW-1,Griffin Wind Farm Ltd,72.3,6558.0
2026-05-29,T_GRIFW-2,Griffin Wind Farm Ltd,124.6,11309.0
2026-05-29,T_HALSW-1,SP Renewables (UK) Limited,424.7,4808.0
2026-05-29,T_KENNW-1,Kennoxhead Wind Farm Limited,587.2,18448.0
2026-05-29,T_KPMRW-1,OnPath Energy Limited,606.3,33417.0
2026-05-29,T_KYPEW-1,Kype Extension Wind Farm Ltd,610.5,17704.0
2026-05-29,T_LIMKW-1,Limekiln Extension Ltd,1325.1,39753.0
2026-05-29,T_MIDMW-1,OnPath Energy Limited,304.0,17102.0
2026-05-29,T_MOWEO-1,Moray Offshore Wind East Ltd,5570.1,77012.0
2026-05-29,T_MOWEO-2,Moray Offshore Wind East Ltd,4511.9,64499.0
2026-05-29,T_MOWEO-3,Moray Offshore Wind East Ltd,5429.6,72540.0
2026-05-29,T_MOWWO-1,Moray Offshore Wind West Ltd,3374.0,77357.0
2026-05-29,T_MOWWO-2,Moray Offshore Wind West Ltd,3425.3,78395.0
2026-05-29,T_MOWWO-3,Moray Offshore Wind West Ltd,2631.0,60326.0
2026-05-29,T_MOWWO-4,Moray Offshore Wind West Ltd,4382.3,160610.0
2026-05-29,T_MYGPW-1,Minnygap Energy Limited,15.5,1181.0
2026-05-29,T_NNGAO-2,Neart Na Gaoithe Offshore Wind,1031.7,85629.0
2026-05-29,T_NOKYW-1,North Kyle Wind farm Ltd,816.4,22450.0
2026-05-29,T_NOKYW-2,North Kyle Wind farm Ltd,768.6,21136.0
2026-05-29,T_SAKNW-1,Sandy Knowe Wind Farm Ltd,607.6,24304.0
2026-05-29,T_SGRWO-3,Seagreen Wind Energy Limited,3131.6,44030.0
2026-05-29,T_SGRWO-4,Seagreen Wind Energy Limited,2750.9,38677.0
2026-05-29,T_SGRWO-5,Seagreen Wind Energy Limited,1785.3,25101.0
2026-05-29,T_SGRWO-6,Seagreen Wind Energy Limited,7852.2,110401.0
2026-05-29,T_SOKYW-1,South Kyle Wind Farm Limited,1130.8,45230.0
2026-05-29,T_STLGW-1,Stronelairg Windfarm Limited,9.3,795.0
2026-05-29,T_STLGW-2,Stronelairg Windfarm Limited,18.1,1549.0
2026-05-29,T_STLGW-3,Stronelairg Windfarm Limited,19.6,1678.0
2026-05-29,T_STRNW-1,Strathy Wind Farm Limited,213.3,17946.0
2026-05-29,T_TWSHW-1,Twentyshilling Limited,213.9,6024.0
2026-05-29,T_VKNGW-1,Viking Energy Wind Farm LLP,1674.9,24620.0
2026-05-29,T_VKNGW-2,Viking Energy Wind Farm LLP,1657.8,24370.0
2026-05-29,T_VKNGW-3,Viking Energy Wind Farm LLP,1462.3,21496.0
2026-05-29,T_VKNGW-4,Viking Energy Wind Farm LLP,1437.0,21124.0
2026-05-29,T_WDRGW-1,Windy Rig Wind Farm Limited,538.3,15449.0
2026-05-29,T_WHILW-1,SP Renewables (UK) Limited,120.5,10875.0
2026-05-29,T_WISTW-2,BROCKLOCH RIG WINDFARM LTD,20.4,1642.0
2026-05-30,E_BLARW-1,Erova Energy Limited,34.2,950.0
2026-05-30,T_AKGLW-3,AIK2A Sustainable Energy Ltd,9.1,454.0
2026-05-30,T_BROCW-1,Smartestenergy Limited,27.8,1084.0
2026-05-30,T_CREAW-1,Creag Riabhach Wind Farm Ltd,5.4,315.0
2026-05-30,T_CUMHW-1,Uniper UK Limited,66.5,1008.0
2026-05-30,T_DOREW-1,Dorenell Windfarm Limited,163.5,3540.0
2026-05-30,T_DOREW-2,Dorenell Windfarm Limited,250.8,5231.0
2026-05-30,T_DOUGW-1,Erova Energy Limited,66.0,1981.0
2026-05-30,T_EDINW-1,Vattenfall Wind Power Ltd,37.3,4107.0
2026-05-30,T_GLNKW-1,EDF Energy Customers Limited,7.7,312.0
2026-05-30,T_GORDW-2,SSE Generation Ltd,60.3,937.0
2026-05-30,T_HALSW-1,SP Renewables (UK) Limited,32.3,365.0
2026-05-30,T_KENNW-1,Kennoxhead Wind Farm Limited,76.9,2416.0
2026-05-30,T_KPMRW-1,OnPath Energy Limited,9.5,582.0
2026-05-30,T_KYPEW-1,Kype Extension Wind Farm Ltd,26.4,767.0
2026-05-30,T_LIMKW-1,Limekiln Extension Ltd,217.3,6520.0
2026-05-30,T_MOWEO-1,Moray Offshore Wind East Ltd,1066.8,10653.0
2026-05-30,T_MOWEO-2,Moray Offshore Wind East Ltd,574.5,3822.0
2026-05-30,T_MOWEO-3,Moray Offshore Wind East Ltd,1029.4,11229.0
2026-05-30,T_MOWWO-1,Moray Offshore Wind West Ltd,439.5,9958.0
2026-05-30,T_MOWWO-2,Moray Offshore Wind West Ltd,611.4,13878.0
2026-05-30,T_MOWWO-3,Moray Offshore Wind West Ltd,205.3,4566.0
2026-05-30,T_MOWWO-4,Moray Offshore Wind West Ltd,101.9,3734.0
2026-05-30,T_NOKYW-1,North Kyle Wind farm Ltd,61.3,1686.0
2026-05-30,T_NOKYW-2,North Kyle Wind farm Ltd,101.0,2776.0
2026-05-30,T_SAKNW-1,Sandy Knowe Wind Farm Ltd,28.0,1120.0
2026-05-30,T_SGRWO-3,Seagreen Wind Energy Limited,294.1,4135.0
2026-05-30,T_SGRWO-4,Seagreen Wind Energy Limited,233.6,3285.0
2026-05-30,T_SGRWO-5,Seagreen Wind Energy Limited,241.2,3391.0
2026-05-30,T_SGRWO-6,Seagreen Wind Energy Limited,331.1,4656.0
2026-05-30,T_SOKYW-1,South Kyle Wind Farm Limited,156.5,6260.0
2026-05-30,T_TWSHW-1,Twentyshilling Limited,56.2,1584.0
2026-05-30,T_VKNGW-1,Viking Energy Wind Farm LLP,607.6,8926.0
2026-05-30,T_VKNGW-2,Viking Energy Wind Farm LLP,632.4,9290.0
2026-05-30,T_VKNGW-3,Viking Energy Wind Farm LLP,404.9,5948.0
2026-05-30,T_VKNGW-4,Viking Energy Wind Farm LLP,369.3,5425.0
2026-05-30,T_WDRGW-1,Windy Rig Wind Farm Limited,69.7,2000.0
2026-05-31,T_SGRWO-6,Seagreen Wind Energy Limited,155.7,2190.0
2026-06-01,T_GRGBW-3,Greater Gabbard Offshore Winds,27.4,4554.0
2026-06-01,T_LARYW-4,London Array Limited,3.1,553.0
2026-06-02,T_GRGBW-1,Greater Gabbard Offshore Winds,29.5,4906.0
2026-06-03,E_BTUIW-2,SP Renewables (UK) Limited,0.9,81.0
2026-06-03,E_BTUIW-3,SP Renewables (UK) Limited,84.4,925.0
2026-06-03,T_CUMHW-1,Uniper UK Limited,20.2,306.0
2026-06-03,T_DOREW-1,Dorenell Windfarm Limited,134.4,1675.0
2026-06-03,T_DOREW-2,Dorenell Windfarm Limited,3.1,16.0
2026-06-03,T_GORDW-2,SSE Generation Ltd,31.9,495.0
2026-06-03,T_HALSW-1,SP Renewables (UK) Limited,119.1,1348.0
2026-06-03,T_HOWBO-1,Breesea Limited,842.5,28754.0
2026-06-03,T_HOWBO-2,Sonningmay Wind Limited,286.7,6533.0
2026-06-03,T_HOWBO-3,Soundmark Wind Limited,66.9,1909.0
2026-06-03,T_MOWEO-1,Moray Offshore Wind East Ltd,1138.4,4507.0
2026-06-03,T_MOWEO-2,Moray Offshore Wind East Ltd,845.2,2898.0
2026-06-03,T_MOWEO-3,Moray Offshore Wind East Ltd,1026.5,4210.0
2026-06-03,T_MOWWO-1,Moray Offshore Wind West Ltd,34.0,949.0
2026-06-03,T_MOWWO-2,Moray Offshore Wind West Ltd,427.4,11896.0
2026-06-03,T_MOWWO-3,Moray Offshore Wind West Ltd,71.0,2047.0
2026-06-03,T_MOWWO-4,Moray Offshore Wind West Ltd,317.5,11635.0
2026-06-03,T_NOKYW-1,North Kyle Wind farm Ltd,112.2,3086.0
2026-06-03,T_NOKYW-2,North Kyle Wind farm Ltd,177.5,4882.0
2026-06-03,T_SGRWO-3,Seagreen Wind Energy Limited,584.7,8268.0
2026-06-03,T_SGRWO-4,Seagreen Wind Energy Limited,754.6,10670.0
2026-06-03,T_SGRWO-5,Seagreen Wind Energy Limited,480.1,6788.0
2026-06-03,T_SGRWO-6,Seagreen Wind Energy Limited,3265.7,46177.0
2026-06-03,T_VKNGW-1,Viking Energy Wind Farm LLP,30.6,449.0
2026-06-03,T_VKNGW-2,Viking Energy Wind Farm LLP,23.5,346.0
2026-06-03,T_VKNGW-3,Viking Energy Wind Farm LLP,19.5,286.0
2026-06-03,T_VKNGW-4,Viking Energy Wind Farm LLP,18.6,273.0
2026-06-04,E_BLARW-1,Erova Energy Limited,183.9,7187.0
2026-06-04,E_BTUIW-3,SP Renewables (UK) Limited,553.9,6071.0
2026-06-04,E_GRGRW-1,Evolve Energy Supply Limited,190.0,13301.0
2026-06-04,E_HRHLW-1,SP Renewables (UK) Limited,47.8,3830.0
2026-06-04,T_AFTOW-1,Afton Wind Farm Limited,84.0,7143.0
2026-06-04,T_BENBW-1,Benbrack Wind Farm Limited,467.2,3737.0
2026-06-04,T_BHLAW-1,SSE Generation Ltd,100.4,8618.0
2026-06-04,T_BLLA-1,SP Renewables (UK) Limited,108.4,9696.0
2026-06-04,T_BLLA-2,SP Renewables (UK) Limited,115.8,9287.0
2026-06-04,T_BROCW-1,Smartestenergy Limited,288.6,11254.0
2026-06-04,T_CGTHW-1,Corriegarth Wind Energy LTD,38.2,3083.0
2026-06-04,T_CLDCW-1,Clyde Windfarm (Scotland) Ltd,246.5,24361.0
2026-06-04,T_CLDNW-1,Clyde Windfarm (Scotland) Ltd,217.8,20240.0
2026-06-04,T_CLDSW-1,Clyde Windfarm (Scotland) Ltd,239.9,23123.0
2026-06-04,T_CRDEW-1,EDF Energy Customers Limited,121.0,6531.0
2026-06-04,T_CRDEW-2,EDF Energy Customers Limited,125.5,6774.0
2026-06-04,T_CREAW-1,Creag Riabhach Wind Farm Ltd,183.3,10631.0
2026-06-04,T_CRGHW-1,Statkraft Markets Gmbh,155.1,11939.0
2026-06-04,T_CUMHW-1,Uniper UK Limited,342.7,5196.0
2026-06-04,T_DALQW-1,Statkraft Markets Gmbh,296.1,18063.0
2026-06-04,T_DOREW-1,Dorenell Windfarm Limited,355.4,11393.0
2026-06-04,T_DOREW-2,Dorenell Windfarm Limited,217.6,6849.0
2026-06-04,T_DOUGW-1,Erova Energy Limited,259.7,7792.0
2026-06-04,T_DRSLW-1,SP Renewables (UK) Limited,34.8,2792.0
2026-06-04,T_EAAO-1,East Anglia One Limited,338.3,50821.0
2026-06-04,T_EWHLW-1,SP Renewables (UK) Limited,16.0,1279.0
2026-06-04,T_GLNKW-1,EDF Energy Customers Limited,74.0,2988.0
2026-06-04,T_GNAPW-1,SP Renewables (UK) Limited,21.3,1704.0
2026-06-04,T_GNFSW-1,Gunfleet Sands Limited,53.1,7586.0
2026-06-04,T_GNFSW-2,Gunfleet Sands II Limited,34.2,4893.0
2026-06-04,T_GORDW-1,SSE Generation Ltd,35.8,3011.0
2026-06-04,T_GORDW-2,SSE Generation Ltd,86.9,1350.0
2026-06-04,T_GRIFW-2,Griffin Wind Farm Ltd,126.3,11467.0
2026-06-04,T_HALSW-1,SP Renewables (UK) Limited,65.5,742.0
2026-06-04,T_HOWBO-1,Breesea Limited,2966.3,162256.0
2026-06-04,T_HOWBO-2,Sonningmay Wind Limited,3858.8,196658.0
2026-06-04,T_HOWBO-3,Soundmark Wind Limited,1986.4,119901.0
2026-06-04,T_HRSTW-1,SP Renewables (UK) Limited,281.8,25102.0
2026-06-04,T_KENNW-1,Kennoxhead Wind Farm Limited,533.1,17837.0
2026-06-04,T_KLGLW-1,SP Renewables (UK) Limited,685.6,54917.0
2026-06-04,T_KPMRW-1,OnPath Energy Limited,240.7,13531.0
2026-06-04,T_KYPEW-1,Kype Extension Wind Farm Ltd,494.7,14347.0
2026-06-04,T_LIMKW-1,Limekiln Extension Ltd,317.6,9528.0
2026-06-04,T_MIDMW-1,OnPath Energy Limited,78.6,4429.0
2026-06-04,T_MOWEO-1,Moray Offshore Wind East Ltd,514.0,12283.0
2026-06-04,T_MOWEO-2,Moray Offshore Wind East Ltd,174.2,4522.0
2026-06-04,T_MOWEO-3,Moray Offshore Wind East Ltd,395.5,9391.0
2026-06-04,T_MOWWO-1,Moray Offshore Wind West Ltd,653.6,17452.0
2026-06-04,T_MOWWO-2,Moray Offshore Wind West Ltd,993.7,26311.0
2026-06-04,T_MOWWO-3,Moray Offshore Wind West Ltd,338.2,9156.0
2026-06-04,T_MOWWO-4,Moray Offshore Wind West Ltd,794.9,29134.0
2026-06-04,T_MYGPW-1,Minnygap Energy Limited,87.0,6611.0
2026-06-04,T_NNGAO-2,Neart Na Gaoithe Offshore Wind,666.7,58757.0
2026-06-04,T_NOKYW-1,North Kyle Wind farm Ltd,1201.1,33031.0
2026-06-04,T_NOKYW-2,North Kyle Wind farm Ltd,1164.6,32025.0
2026-06-04,T_PNYCW-1,Pen y Cymoedd Wind Farm LTD,389.9,37427.0
2026-06-04,T_SAKNW-1,Sandy Knowe Wind Farm Ltd,777.1,31086.0
2026-06-04,T_SGRWO-3,Seagreen Wind Energy Limited,1161.1,16418.0
2026-06-04,T_SGRWO-4,Seagreen Wind Energy Limited,1069.6,15124.0
2026-06-04,T_SGRWO-5,Seagreen Wind Energy Limited,1122.5,15873.0
2026-06-04,T_SGRWO-6,Seagreen Wind Energy Limited,4117.5,58222.0
2026-06-04,T_SOKYW-1,South Kyle Wind Farm Limited,863.7,34550.0
2026-06-04,T_STLGW-1,Stronelairg Windfarm Limited,66.9,5739.0
2026-06-04,T_STLGW-2,Stronelairg Windfarm Limited,81.9,7034.0
2026-06-04,T_STLGW-3,Stronelairg Windfarm Limited,83.2,7140.0
2026-06-04,T_TKNEW-1,Triton Knoll Offshore Wind,217.3,31476.0
2026-06-04,T_TKNWW-1,Triton Knoll Offshore Wind,192.0,27682.0
2026-06-04,T_TWSHW-1,Twentyshilling Limited,331.3,9328.0
2026-06-04,T_VKNGW-1,Viking Energy Wind Farm LLP,947.0,13912.0
2026-06-04,T_VKNGW-2,Viking Energy Wind Farm LLP,804.0,11811.0
2026-06-04,T_VKNGW-3,Viking Energy Wind Farm LLP,709.4,10421.0
2026-06-04,T_VKNGW-4,Viking Energy Wind Farm LLP,728.0,10694.0
2026-06-04,T_WDRGW-1,Windy Rig Wind Farm Limited,266.2,7639.0
2026-06-04,T_WHILW-1,SP Renewables (UK) Limited,561.9,50697.0
2026-06-04,T_WHILW-2,SP Renewables (UK) Limited,270.5,24163.0
2026-06-04,T_WISTW-2,BROCKLOCH RIG WINDFARM LTD,120.7,9718.0
2026-06-05,E_BABAW-1,Statkraft Markets Gmbh,53.4,4382.0
2026-06-05,E_BLARW-1,Erova Energy Limited,98.6,2944.0
2026-06-05,E_BTUIW-3,SP Renewables (UK) Limited,413.1,4527.0
2026-06-05,T_BDCHW-1,RWE Generation UK plc,10.0,834.0
2026-06-05,T_BENBW-1,Benbrack Wind Farm Limited,57.7,461.0
2026-06-05,T_BHLAW-1,SSE Generation Ltd,81.0,6951.0
2026-06-05,T_BROCW-1,Smartestenergy Limited,64.9,2531.0
2026-06-05,T_CGTHW-1,Corriegarth Wind Energy LTD,20.6,1663.0
2026-06-05,T_CRDEW-1,EDF Energy Customers Limited,18.3,988.0
2026-06-05,T_CRDEW-2,EDF Energy Customers Limited,18.3,988.0
2026-06-05,T_CRGHW-1,Statkraft Markets Gmbh,153.8,11842.0
2026-06-05,T_CUMHW-1,Uniper UK Limited,105.4,1598.0
2026-06-05,T_DALQW-1,Statkraft Markets Gmbh,43.7,2669.0
2026-06-05,T_DOREW-1,Dorenell Windfarm Limited,971.1,34415.0
2026-06-05,T_DOREW-2,Dorenell Windfarm Limited,753.3,24905.0
2026-06-05,T_DOUGW-1,Erova Energy Limited,60.6,1819.0
2026-06-05,T_DRSLW-1,SP Renewables (UK) Limited,62.8,5033.0
2026-06-05,T_EDINW-1,Vattenfall Wind Power Ltd,33.2,3653.0
2026-06-05,T_GLNKW-1,EDF Energy Customers Limited,299.1,12082.0
2026-06-05,T_GORDW-2,SSE Generation Ltd,245.6,3816.0
2026-06-05,T_GRIFW-2,Griffin Wind Farm Ltd,234.3,21268.0
2026-06-05,T_HALSW-1,SP Renewables (UK) Limited,186.3,2109.0
2026-06-05,T_KENNW-1,Kennoxhead Wind Farm Limited,108.6,3411.0
2026-06-05,T_KLGLW-1,SP Renewables (UK) Limited,217.5,17424.0
2026-06-05,T_KPMRW-1,OnPath Energy Limited,74.0,5892.0
2026-06-05,T_KYPEW-1,Kype Extension Wind Farm Ltd,166.5,4827.0
2026-06-05,T_LIMKW-1,Limekiln Extension Ltd,650.8,19523.0
2026-06-05,T_MOWEO-1,Moray Offshore Wind East Ltd,2487.2,45035.0
2026-06-05,T_MOWEO-2,Moray Offshore Wind East Ltd,1736.6,30923.0
2026-06-05,T_MOWEO-3,Moray Offshore Wind East Ltd,2160.1,39553.0
2026-06-05,T_MOWWO-1,Moray Offshore Wind West Ltd,1713.3,43007.0
2026-06-05,T_MOWWO-2,Moray Offshore Wind West Ltd,2075.1,52351.0
2026-06-05,T_MOWWO-3,Moray Offshore Wind West Ltd,1285.1,32077.0
2026-06-05,T_MOWWO-4,Moray Offshore Wind West Ltd,2094.8,76775.0
2026-06-05,T_NOKYW-1,North Kyle Wind farm Ltd,285.9,7863.0
2026-06-05,T_NOKYW-2,North Kyle Wind farm Ltd,277.4,7630.0
2026-06-05,T_SAKNW-1,Sandy Knowe Wind Farm Ltd,134.9,5398.0
2026-06-05,T_SGRWO-1,Seagreen Wind Energy Limited,32.2,455.0
2026-06-05,T_SGRWO-3,Seagreen Wind Energy Limited,1294.8,18308.0
2026-06-05,T_SGRWO-4,Seagreen Wind Energy Limited,1318.8,18648.0
2026-06-05,T_SGRWO-5,Seagreen Wind Energy Limited,1007.6,14247.0
2026-06-05,T_SGRWO-6,Seagreen Wind Energy Limited,4660.0,65892.0
2026-06-05,T_SOKYW-1,South Kyle Wind Farm Limited,135.4,5417.0
2026-06-05,T_STRNW-1,Strathy Wind Farm Limited,86.7,7290.0
2026-06-05,T_TWSHW-1,Twentyshilling Limited,18.0,507.0
2026-06-05,T_VKNGW-1,Viking Energy Wind Farm LLP,809.3,11889.0
2026-06-05,T_VKNGW-2,Viking Energy Wind Farm LLP,862.2,12666.0
2026-06-05,T_VKNGW-3,Viking Energy Wind Farm LLP,692.1,10167.0
2026-06-05,T_VKNGW-4,Viking Energy Wind Farm LLP,804.3,11815.0
2026-06-05,T_WDRGW-1,Windy Rig Wind Farm Limited,102.2,2932.0
2026-06-05,T_WHILW-1,SP Renewables (UK) Limited,2.1,191.0
2026-06-05,T_WISTW-2,BROCKLOCH RIG WINDFARM LTD,62.9,5066.0
2026-06-06,E_BTUIW-3,SP Renewables (UK) Limited,80.8,885.0
2026-06-06,T_BENBW-1,Benbrack Wind Farm Limited,138.4,1107.0
2026-06-06,T_BROCW-1,Smartestenergy Limited,23.3,909.0
2026-06-06,T_CUMHW-1,Uniper UK Limited,30.2,457.0
2026-06-06,T_DOREW-1,Dorenell Windfarm Limited,142.5,442.0
2026-06-06,T_DOUGW-1,Erova Energy Limited,26.6,799.0
2026-06-06,T_GLNKW-1,EDF Energy Customers Limited,60.1,2428.0
2026-06-06,T_GORDW-2,SSE Generation Ltd,147.5,2294.0
2026-06-06,T_GRGBW-1,Greater Gabbard Offshore Winds,0.9,144.0
2026-06-06,T_GRGBW-2,Greater Gabbard Offshore Winds,0.8,129.0
2026-06-06,T_HALSW-1,SP Renewables (UK) Limited,324.2,3670.0
2026-06-06,T_HOWBO-1,Breesea Limited,204.9,10027.0
2026-06-06,T_HOWBO-2,Sonningmay Wind Limited,307.5,10467.0
2026-06-06,T_HOWBO-3,Soundmark Wind Limited,252.4,10821.0
2026-06-06,T_KENNW-1,Kennoxhead Wind Farm Limited,30.3,952.0
2026-06-06,T_KYPEW-1,Kype Extension Wind Farm Ltd,48.3,1402.0
2026-06-06,T_LIMKW-1,Limekiln Extension Ltd,173.9,5216.0
2026-06-06,T_MOWEO-1,Moray Offshore Wind East Ltd,1844.3,14444.0
2026-06-06,T_MOWEO-2,Moray Offshore Wind East Ltd,1259.1,6732.0
2026-06-06,T_MOWEO-3,Moray Offshore Wind East Ltd,1100.9,1213.0
2026-06-06,T_MOWWO-1,Moray Offshore Wind West Ltd,792.9,21734.0
2026-06-06,T_MOWWO-2,Moray Offshore Wind West Ltd,838.2,23640.0
2026-06-06,T_MOWWO-3,Moray Offshore Wind West Ltd,565.7,15658.0
2026-06-06,T_MOWWO-4,Moray Offshore Wind West Ltd,912.1,33428.0
2026-06-06,T_NOKYW-1,North Kyle Wind farm Ltd,153.6,4225.0
2026-06-06,T_NOKYW-2,North Kyle Wind farm Ltd,148.0,4069.0
2026-06-06,T_SAKNW-1,Sandy Knowe Wind Farm Ltd,34.0,1359.0
2026-06-06,T_SGRWO-1,Seagreen Wind Energy Limited,1443.5,20412.0
2026-06-06,T_SGRWO-2,Seagreen Wind Energy Limited,314.5,4447.0
2026-06-06,T_SGRWO-3,Seagreen Wind Energy Limited,554.2,7837.0
2026-06-06,T_SGRWO-4,Seagreen Wind Energy Limited,544.7,7702.0
2026-06-06,T_SGRWO-5,Seagreen Wind Energy Limited,299.0,4228.0
2026-06-06,T_SGRWO-6,Seagreen Wind Energy Limited,1095.7,15494.0
2026-06-06,T_SOKYW-1,South Kyle Wind Farm Limited,96.8,3872.0
2026-06-06,T_TWSHW-1,Twentyshilling Limited,55.5,1562.0
2026-06-06,T_VKNGW-1,Viking Energy Wind Farm LLP,1034.4,15205.0
2026-06-06,T_VKNGW-2,Viking Energy Wind Farm LLP,530.7,7801.0
2026-06-06,T_VKNGW-3,Viking Energy Wind Farm LLP,829.6,12195.0
2026-06-06,T_VKNGW-4,Viking Energy Wind Farm LLP,699.0,10275.0
2026-06-06,T_WDRGW-1,Windy Rig Wind Farm Limited,110.1,3160.0
2026-06-07,2__PENEC001,Eneco Energy Trade,18.5,1799.0
2026-06-07,2__PSTAT001,Statkraft Markets Gmbh,63.6,5770.0
2026-06-07,C__PSTAT011,Statkraft Markets Gmbh,320.5,24040.0
2026-06-07,E_ABRTW-1,Npower Commercial Gas Limited,32.1,2924.0
2026-06-07,E_ASLVW-1,Npower Commercial Gas Limited,23.3,2123.0
2026-06-07,E_BABAW-1,Statkraft Markets Gmbh,53.5,4388.0
2026-06-07,E_BETHW-1,SP Renewables (UK) Limited,21.9,1942.0
2026-06-07,E_BLARW-1,Erova Energy Limited,9.3,258.0
2026-06-07,E_BRDUW-1,Erova Energy Limited,41.3,4052.0
2026-06-07,E_BTUIW-2,SP Renewables (UK) Limited,32.5,2888.0
2026-06-07,E_BTUIW-3,SP Renewables (UK) Limited,473.6,5191.0
2026-06-07,E_CLDRW-1,Vattenfall Energy Trading,22.8,2095.0
2026-06-07,E_GRGRW-1,Evolve Energy Supply Limited,244.1,17084.0
2026-06-07,E_HLTWW-1,ScottishPower Energy Retail,12.5,1293.0
2026-06-07,E_HRHLW-1,SP Renewables (UK) Limited,138.6,11112.0
2026-06-07,E_MOYEW-1,Eneco Energy Trade,22.5,2070.0
2026-06-07,E_TULWW-1,Eneco Energy Trade,37.8,3360.0
2026-06-07,E_TULWW-2,Eneco Energy Trade,48.6,4329.0
2026-06-07,T_ARCHW-1,SP Renewables (UK) Limited,459.8,40781.0
2026-06-07,T_BDCHW-1,RWE Generation UK plc,3.9,248.0
2026-06-07,T_BEINW-1,Beinneun Wind Farm Ltd,37.1,3631.0
2026-06-07,T_BENBW-1,Benbrack Wind Farm Limited,402.9,3223.0
2026-06-07,T_BHLAW-1,SSE Generation Ltd,317.5,27261.0
2026-06-07,T_BLLA-1,SP Renewables (UK) Limited,116.0,10368.0
2026-06-07,T_BROCW-1,Smartestenergy Limited,404.3,15768.0
2026-06-07,T_CGTHW-1,Corriegarth Wind Energy LTD,249.4,20127.0
2026-06-07,T_CRDEW-1,EDF Energy Customers Limited,290.3,15674.0
2026-06-07,T_CRDEW-2,EDF Energy Customers Limited,286.0,15445.0
2026-06-07,T_CREAW-1,Creag Riabhach Wind Farm Ltd,161.8,9383.0
2026-06-07,T_CRYRW-2,Eneco Energy Trade,64.1,5779.0
2026-06-07,T_CUMHW-1,Uniper UK Limited,545.8,8274.0
2026-06-07,T_DALQW-1,Statkraft Markets Gmbh,381.0,23242.0
2026-06-07,T_DNLWW-1,SP Renewables (UK) Limited,58.2,5166.0
2026-06-07,T_DOREW-1,Dorenell Windfarm Limited,210.8,6548.0
2026-06-07,T_DOREW-2,Dorenell Windfarm Limited,185.8,5893.0
2026-06-07,T_DOUGW-1,Erova Energy Limited,421.8,12655.0
2026-06-07,T_DRSLW-1,SP Renewables (UK) Limited,367.7,29482.0
2026-06-07,T_DUNGW-1,Dunmaglass Wind Farm Limited,303.8,27694.0
2026-06-07,T_EDINW-1,Vattenfall Wind Power Ltd,144.5,15895.0
2026-06-07,T_EWHLW-1,SP Renewables (UK) Limited,250.1,20056.0
2026-06-07,T_FARR-1,Smartestenergy Limited,46.0,4227.0
2026-06-07,T_GLNKW-1,EDF Energy Customers Limited,304.3,12292.0
2026-06-07,T_GLWSW-1,GALAWHISTLE WIND FARM,198.1,17647.0
2026-06-07,T_GNAPW-1,SP Renewables (UK) Limited,85.3,6842.0
2026-06-07,T_GORDW-1,SSE Generation Ltd,225.6,18984.0
2026-06-07,T_GORDW-2,SSE Generation Ltd,44.7,695.0
2026-06-07,T_HALSW-1,SP Renewables (UK) Limited,223.8,2533.0
2026-06-07,T_HOWBO-2,Sonningmay Wind Limited,6.0,180.0
2026-06-07,T_HOWBO-3,Soundmark Wind Limited,2.3,68.0
2026-06-07,T_HRSTW-1,SP Renewables (UK) Limited,676.2,60224.0
2026-06-07,T_KENNW-1,Kennoxhead Wind Farm Limited,494.2,16686.0
2026-06-07,T_KILBW-1,Kilbraur Wind Energy Ltd,12.3,1172.0
2026-06-07,T_KLGLW-1,SP Renewables (UK) Limited,1866.4,149499.0
2026-06-07,T_KPMRW-1,OnPath Energy Limited,363.1,16618.0
2026-06-07,T_KYPEW-1,Kype Extension Wind Farm Ltd,541.7,15710.0
2026-06-07,T_LCLTW-1,Eneco Energy Trade,167.5,14908.0
2026-06-07,T_LIMKW-1,Limekiln Extension Ltd,459.6,13789.0
2026-06-07,T_MIDMW-1,OnPath Energy Limited,230.8,10358.0
2026-06-07,T_MKHLW-1,SP Renewables (UK) Limited,196.5,17440.0
2026-06-07,T_MOWEO-1,Moray Offshore Wind East Ltd,574.9,6808.0
2026-06-07,T_MOWEO-2,Moray Offshore Wind East Ltd,221.6,3117.0
2026-06-07,T_MOWEO-3,Moray Offshore Wind East Ltd,501.8,5784.0
2026-06-07,T_MOWWO-1,Moray Offshore Wind West Ltd,768.1,22316.0
2026-06-07,T_MOWWO-2,Moray Offshore Wind West Ltd,967.0,28308.0
2026-06-07,T_MOWWO-3,Moray Offshore Wind West Ltd,507.6,15126.0
2026-06-07,T_MOWWO-4,Moray Offshore Wind West Ltd,911.5,33406.0
2026-06-07,T_MYGPW-1,Minnygap Energy Limited,224.3,17047.0
2026-06-07,T_NNGAO-2,Neart Na Gaoithe Offshore Wind,1088.3,75665.0
2026-06-07,T_NOKYW-1,North Kyle Wind farm Ltd,756.0,20791.0
2026-06-07,T_NOKYW-2,North Kyle Wind farm Ltd,746.8,20536.0
2026-06-07,T_SAKNW-1,Sandy Knowe Wind Farm Ltd,679.7,27188.0
2026-06-07,T_SGRWO-1,Seagreen Wind Energy Limited,3770.0,53308.0
2026-06-07,T_SGRWO-2,Seagreen Wind Energy Limited,993.2,14044.0
2026-06-07,T_SGRWO-3,Seagreen Wind Energy Limited,1931.9,27318.0
2026-06-07,T_SGRWO-4,Seagreen Wind Energy Limited,1865.6,26379.0
2026-06-07,T_SGRWO-5,Seagreen Wind Energy Limited,1063.0,15031.0
2026-06-07,T_SGRWO-6,Seagreen Wind Energy Limited,4788.6,67710.0
2026-06-07,T_SOKYW-1,South Kyle Wind Farm Limited,1881.8,75272.0
2026-06-07,T_STLGW-1,Stronelairg Windfarm Limited,285.0,24467.0
2026-06-07,T_STLGW-2,Stronelairg Windfarm Limited,364.7,31302.0
2026-06-07,T_STLGW-3,Stronelairg Windfarm Limited,298.8,25652.0
2026-06-07,T_STRNW-1,Strathy Wind Farm Limited,116.7,9816.0
2026-06-07,T_TWSHW-1,Twentyshilling Limited,442.6,12463.0
2026-06-07,T_VKNGW-1,Viking Energy Wind Farm LLP,249.2,3663.0
2026-06-07,T_VKNGW-2,Viking Energy Wind Farm LLP,227.0,3336.0
2026-06-07,T_VKNGW-3,Viking Energy Wind Farm LLP,249.4,3667.0
2026-06-07,T_VKNGW-4,Viking Energy Wind Farm LLP,321.5,4727.0
2026-06-07,T_WDRGW-1,Windy Rig Wind Farm Limited,590.4,16945.0
2026-06-07,T_WHILW-1,SP Renewables (UK) Limited,328.2,29607.0
2026-06-07,T_WHILW-2,SP Renewables (UK) Limited,213.3,19048.0
2026-06-07,T_WISTW-2,BROCKLOCH RIG WINDFARM LTD,356.7,30746.0
2026-06-08,E_BLARW-1,Erova Energy Limited,4.5,125.0
2026-06-08,E_BTUIW-3,SP Renewables (UK) Limited,71.5,783.0
2026-06-08,T_BENBW-1,Benbrack Wind Farm Limited,86.4,691.0
2026-06-08,T_BROCW-1,Smartestenergy Limited,0.2,9.0
2026-06-08,T_CREAW-1,Creag Riabhach Wind Farm Ltd,11.3,657.0
2026-06-08,T_CUMHW-1,Uniper UK Limited,30.2,458.0
2026-06-08,T_DOREW-1,Dorenell Windfarm Limited,34.4,223.0
2026-06-08,T_DOREW-2,Dorenell Windfarm Limited,7.8,170.0
2026-06-08,T_DOUGW-1,Erova Energy Limited,15.6,468.0
2026-06-08,T_EDINW-1,Vattenfall Wind Power Ltd,14.8,1631.0
2026-06-08,T_KENNW-1,Kennoxhead Wind Farm Limited,0.5,17.0
2026-06-08,T_KPMRW-1,OnPath Energy Limited,23.8,926.0
2026-06-08,T_KYPEW-1,Kype Extension Wind Farm Ltd,0.7,20.0
2026-06-08,T_LIMKW-1,Limekiln Extension Ltd,0.0,0.0
2026-06-08,T_MIDMW-1,OnPath Energy Limited,5.5,83.0
2026-06-08,T_MOWEO-1,Moray Offshore Wind East Ltd,1123.8,7017.0
2026-06-08,T_MOWEO-2,Moray Offshore Wind East Ltd,405.0,1050.0
2026-06-08,T_MOWEO-3,Moray Offshore Wind East Ltd,1143.4,6193.0
2026-06-08,T_MOWWO-1,Moray Offshore Wind West Ltd,119.6,2755.0
2026-06-08,T_MOWWO-2,Moray Offshore Wind West Ltd,104.7,2642.0
2026-06-08,T_MOWWO-3,Moray Offshore Wind West Ltd,11.8,264.0
2026-06-08,T_MOWWO-4,Moray Offshore Wind West Ltd,78.8,2887.0
2026-06-08,T_NOKYW-1,North Kyle Wind farm Ltd,0.5,14.0
2026-06-08,T_NOKYW-2,North Kyle Wind farm Ltd,61.2,1684.0
2026-06-08,T_SAKNW-1,Sandy Knowe Wind Farm Ltd,0.2,7.0
2026-06-08,T_SGRWO-1,Seagreen Wind Energy Limited,1833.3,25923.0
2026-06-08,T_SGRWO-2,Seagreen Wind Energy Limited,288.0,4073.0
2026-06-08,T_SGRWO-3,Seagreen Wind Energy Limited,400.2,5658.0
2026-06-08,T_SGRWO-4,Seagreen Wind Energy Limited,353.3,4996.0
2026-06-08,T_SGRWO-5,Seagreen Wind Energy Limited,113.9,1610.0
2026-06-08,T_SGRWO-6,Seagreen Wind Energy Limited,2790.0,39450.0
2026-06-08,T_SOKYW-1,South Kyle Wind Farm Limited,23.3,934.0
2026-06-08,T_STLGW-1,Stronelairg Windfarm Limited,85.5,7344.0
2026-06-08,T_STLGW-2,Stronelairg Windfarm Limited,88.1,7565.0
2026-06-08,T_VKNGW-1,Viking Energy Wind Farm LLP,205.3,3017.0
2026-06-08,T_VKNGW-2,Viking Energy Wind Farm LLP,197.0,2896.0
2026-06-08,T_VKNGW-3,Viking Energy Wind Farm LLP,127.7,1877.0
2026-06-08,T_VKNGW-4,Viking Energy Wind Farm LLP,181.5,2668.0
2026-06-09,C__PSTAT011,Statkraft Markets Gmbh,4.1,311.0
2026-06-09,E_BLARW-1,Erova Energy Limited,10.2,330.0
2026-06-09,E_BTUIW-3,SP Renewables (UK) Limited,38.0,416.0
2026-06-09,E_GRGRW-1,Evolve Energy Supply Limited,1.8,127.0
2026-06-09,T_AKGLW-3,AIK2A Sustainable Energy Ltd,22.4,1117.0
2026-06-09,T_BENBW-1,Benbrack Wind Farm Limited,92.0,736.0
2026-06-09,T_BROCW-1,Smartestenergy Limited,33.2,1293.0
2026-06-09,T_CRDEW-1,EDF Energy Customers Limited,15.7,850.0
2026-06-09,T_CRDEW-2,EDF Energy Customers Limited,10.5,566.0
2026-06-09,T_CREAW-1,Creag Riabhach Wind Farm Ltd,7.0,405.0
2026-06-09,T_DOREW-1,Dorenell Windfarm Limited,19.9,1012.0
2026-06-09,T_DOREW-2,Dorenell Windfarm Limited,13.3,681.0
2026-06-09,T_DOUGW-1,Erova Energy Limited,15.1,453.0
2026-06-09,T_EAAO-1,East Anglia One Limited,159.2,18531.0
2026-06-09,T_EAAO-2,East Anglia One Limited,126.2,14697.0
2026-06-09,T_GLNKW-1,EDF Energy Customers Limited,13.8,557.0
2026-06-09,T_GORDW-2,SSE Generation Ltd,8.6,133.0
2026-06-09,T_HALSW-1,SP Renewables (UK) Limited,8.0,90.0
2026-06-09,T_HOWBO-1,Breesea Limited,901.5,14461.0
2026-06-09,T_HOWBO-2,Sonningmay Wind Limited,844.5,14854.0
2026-06-09,T_HOWBO-3,Soundmark Wind Limited,866.2,14452.0
2026-06-09,T_KENNW-1,Kennoxhead Wind Farm Limited,36.8,1155.0
2026-06-09,T_KPMRW-1,OnPath Energy Limited,5.5,407.0
2026-06-09,T_KYPEW-1,Kype Extension Wind Farm Ltd,50.3,1458.0
2026-06-09,T_LIMKW-1,Limekiln Extension Ltd,89.8,2695.0
2026-06-09,T_MIDMW-1,OnPath Energy Limited,6.3,475.0
2026-06-09,T_MOWEO-1,Moray Offshore Wind East Ltd,232.7,9316.0
2026-06-09,T_MOWEO-2,Moray Offshore Wind East Ltd,19.1,593.0
2026-06-09,T_MOWEO-3,Moray Offshore Wind East Ltd,156.3,6035.0
2026-06-09,T_MOWWO-1,Moray Offshore Wind West Ltd,72.7,2019.0
2026-06-09,T_MOWWO-2,Moray Offshore Wind West Ltd,88.0,2434.0
2026-06-09,T_MOWWO-3,Moray Offshore Wind West Ltd,53.7,1498.0
2026-06-09,T_MOWWO-4,Moray Offshore Wind West Ltd,81.7,2995.0
2026-06-09,T_NOKYW-1,North Kyle Wind farm Ltd,53.3,1466.0
2026-06-09,T_NOKYW-2,North Kyle Wind farm Ltd,60.1,1652.0
2026-06-09,T_PNYCW-1,Pen y Cymoedd Wind Farm LTD,327.5,31439.0
2026-06-09,T_SAKNW-1,Sandy Knowe Wind Farm Ltd,36.6,1465.0
2026-06-09,T_SGRWO-1,Seagreen Wind Energy Limited,328.2,4627.0
2026-06-09,T_SGRWO-2,Seagreen Wind Energy Limited,55.4,781.0
2026-06-09,T_SGRWO-6,Seagreen Wind Energy Limited,596.6,8412.0
2026-06-09,T_SOKYW-1,South Kyle Wind Farm Limited,131.6,5264.0
2026-06-09,T_TWSHW-1,Twentyshilling Limited,26.6,749.0
2026-06-09,T_WDRGW-1,Windy Rig Wind Farm Limited,35.0,1005.0
2026-06-10,T_HALSW-1,SP Renewables (UK) Limited,6.0,68.0
2026-06-10,T_MOWEO-1,Moray Offshore Wind East Ltd,58.1,0.0
2026-06-10,T_MOWEO-2,Moray Offshore Wind East Ltd,44.7,0.0
2026-06-10,T_MOWEO-3,Moray Offshore Wind East Ltd,71.2,0.0
2026-06-10,T_SGRWO-1,Seagreen Wind Energy Limited,142.1,2003.0
2026-06-10,T_SGRWO-6,Seagreen Wind Energy Limited,138.9,1958.0
2026-06-10,T_VKNGW-1,Viking Energy Wind Farm LLP,86.9,1277.0
2026-06-10,T_VKNGW-2,Viking Energy Wind Farm LLP,66.0,970.0
2026-06-10,T_VKNGW-3,Viking Energy Wind Farm LLP,21.0,309.0
2026-06-10,T_VKNGW-4,Viking Energy Wind Farm LLP,31.8,467.0
2026-06-11,E_BTUIW-3,SP Renewables (UK) Limited,336.4,3687.0
2026-06-11,T_BENBW-1,Benbrack Wind Farm Limited,138.1,1105.0
2026-06-11,T_CRGHW-1,Statkraft Markets Gmbh,110.3,8494.0
2026-06-11,T_CRYRW-2,Eneco Energy Trade,21.4,1928.0
2026-06-11,T_DOREW-1,Dorenell Windfarm Limited,54.5,1857.0
2026-06-11,T_DOREW-2,Dorenell Windfarm Limited,36.3,1237.0
2026-06-11,T_DOUGW-1,Erova Energy Limited,14.3,430.0
2026-06-11,T_GANW-11,Galloper Offshore WindFarm Ltd,2.6,439.0
2026-06-11,T_GORDW-2,SSE Generation Ltd,11.1,172.0
2026-06-11,T_GRGBW-3,Greater Gabbard Offshore Winds,54.3,9042.0
2026-06-11,T_HALSW-1,SP Renewables (UK) Limited,30.0,340.0
2026-06-11,T_KENNW-1,Kennoxhead Wind Farm Limited,34.9,1097.0
2026-06-11,T_KYPEW-1,Kype Extension Wind Farm Ltd,26.7,775.0
2026-06-11,T_MOWEO-1,Moray Offshore Wind East Ltd,1406.7,8939.0
2026-06-11,T_MOWEO-2,Moray Offshore Wind East Ltd,1145.3,7152.0
2026-06-11,T_MOWEO-3,Moray Offshore Wind East Ltd,1253.6,6551.0
2026-06-11,T_MOWWO-1,Moray Offshore Wind West Ltd,79.4,1990.0
2026-06-11,T_MOWWO-2,Moray Offshore Wind West Ltd,112.2,2809.0
2026-06-11,T_MOWWO-3,Moray Offshore Wind West Ltd,60.1,1505.0
2026-06-11,T_MOWWO-4,Moray Offshore Wind West Ltd,111.7,4093.0
2026-06-11,T_NOKYW-1,North Kyle Wind farm Ltd,72.9,2004.0
2026-06-11,T_NOKYW-2,North Kyle Wind farm Ltd,60.8,1673.0
2026-06-11,T_SGRWO-1,Seagreen Wind Energy Limited,1270.8,17918.0
2026-06-11,T_SGRWO-2,Seagreen Wind Energy Limited,62.1,875.0
2026-06-11,T_SGRWO-6,Seagreen Wind Energy Limited,1164.8,16423.0
2026-06-11,T_SOKYW-1,South Kyle Wind Farm Limited,84.5,3381.0
2026-06-11,T_TWSHW-1,Twentyshilling Limited,17.9,505.0
2026-06-11,T_VKNGW-2,Viking Energy Wind Farm LLP,305.3,4487.0
2026-06-11,T_VKNGW-3,Viking Energy Wind Farm LLP,290.5,4271.0
2026-06-11,T_VKNGW-4,Viking Energy Wind Farm LLP,8.3,122.0
2026-06-11,T_WDRGW-1,Windy Rig Wind Farm Limited,21.0,604.0
2026-06-12,2__PSTAT001,Statkraft Markets Gmbh,95.7,8679.0
2026-06-12,C__PSTAT011,Statkraft Markets Gmbh,514.2,38566.0
2026-06-12,E_BABAW-1,Statkraft Markets Gmbh,154.3,12656.0
2026-06-12,E_BETHW-1,SP Renewables (UK) Limited,33.2,2947.0
2026-06-12,E_BLARW-1,Erova Energy Limited,364.9,15879.0
2026-06-12,E_BTUIW-2,SP Renewables (UK) Limited,165.6,14700.0
2026-06-12,E_BTUIW-3,SP Renewables (UK) Limited,867.3,9505.0
2026-06-12,E_CLFLW-1,SP Renewables (UK) Limited,4.2,377.0
2026-06-12,E_GRGRW-1,Evolve Energy Supply Limited,456.6,31961.0
2026-06-12,T_AKGLW-2,Aikengall 2 CWCL,136.4,11869.0
2026-06-12,T_AKGLW-3,AIK2A Sustainable Energy Ltd,735.5,36699.0
2026-06-12,T_ARCHW-1,SP Renewables (UK) Limited,485.7,43080.0
2026-06-12,T_BEINW-1,Beinneun Wind Farm Ltd,171.5,16803.0
2026-06-12,T_BENBW-1,Benbrack Wind Farm Limited,524.3,4194.0
2026-06-12,T_BHLAW-1,SSE Generation Ltd,301.7,25911.0
2026-06-12,T_BLLA-2,SP Renewables (UK) Limited,536.2,42995.0
2026-06-12,T_BROCW-1,Smartestenergy Limited,504.3,19668.0
2026-06-12,T_CGTHW-1,Corriegarth Wind Energy LTD,409.1,33015.0
2026-06-12,T_CLDCW-1,Clyde Windfarm (Scotland) Ltd,176.8,17471.0
2026-06-12,T_CLDNW-1,Clyde Windfarm (Scotland) Ltd,201.3,18709.0
2026-06-12,T_CLDSW-1,Clyde Windfarm (Scotland) Ltd,127.5,12289.0
2026-06-12,T_CRDEW-1,EDF Energy Customers Limited,220.2,11889.0
2026-06-12,T_CRDEW-2,EDF Energy Customers Limited,220.2,11889.0
2026-06-12,T_CREAW-1,Creag Riabhach Wind Farm Ltd,622.5,36106.0
2026-06-12,T_CRGHW-1,Statkraft Markets Gmbh,599.2,46141.0
2026-06-12,T_CRMLW-1,EDF Energy Customers Limited,187.0,16083.0
2026-06-12,T_CRYRW-2,Eneco Energy Trade,1958.8,176686.0
2026-06-12,T_CUMHW-1,Uniper UK Limited,11.9,414.0
2026-06-12,T_DNLWW-1,SP Renewables (UK) Limited,59.1,5243.0
2026-06-12,T_DOREW-1,Dorenell Windfarm Limited,1188.7,66802.0
2026-06-12,T_DOREW-2,Dorenell Windfarm Limited,986.5,54930.0
2026-06-12,T_DOUGW-1,Erova Energy Limited,535.6,16067.0
2026-06-12,T_DRSLW-1,SP Renewables (UK) Limited,555.2,44517.0
2026-06-12,T_DUNGW-1,Dunmaglass Wind Farm Limited,318.3,29018.0
2026-06-12,T_EDINW-1,Vattenfall Wind Power Ltd,23.3,2558.0
2026-06-12,T_EWHLW-1,SP Renewables (UK) Limited,275.3,22074.0
2026-06-12,T_FALGW-1,Fallago Rig Wind Farm Limited,32.5,2747.0
2026-06-12,T_FARR-1,Smartestenergy Limited,148.0,13619.0
2026-06-12,T_GLNKW-1,EDF Energy Customers Limited,675.5,27290.0
2026-06-12,T_GORDW-1,SSE Generation Ltd,201.0,16918.0
2026-06-12,T_GORDW-2,SSE Generation Ltd,368.8,5735.0
2026-06-12,T_GRGBW-1,Greater Gabbard Offshore Winds,0.3,44.0
2026-06-12,T_GRIFW-1,Griffin Wind Farm Ltd,188.2,17088.0
2026-06-12,T_GRIFW-2,Griffin Wind Farm Ltd,401.7,36467.0
2026-06-12,T_HALSW-1,SP Renewables (UK) Limited,231.4,2620.0
2026-06-12,T_HOWBO-1,Breesea Limited,654.2,43847.0
2026-06-12,T_HOWBO-2,Sonningmay Wind Limited,754.0,48192.0
2026-06-12,T_HOWBO-3,Soundmark Wind Limited,767.0,47855.0
2026-06-12,T_HRSTW-1,SP Renewables (UK) Limited,340.7,30346.0
2026-06-12,T_KENNW-1,Kennoxhead Wind Farm Limited,857.0,29207.0
2026-06-12,T_KPMRW-1,OnPath Energy Limited,414.4,26529.0
2026-06-12,T_KYPEW-1,Kype Extension Wind Farm Ltd,771.9,22385.0
2026-06-12,T_LCLTW-1,Eneco Energy Trade,167.3,14891.0
2026-06-12,T_LIMKW-1,Limekiln Extension Ltd,1154.7,34640.0
2026-06-12,T_MIDMW-1,OnPath Energy Limited,199.2,12693.0
2026-06-12,T_MILWW-1,Millennium Wind Energy Ltd,11.4,998.0
2026-06-12,T_MKHLW-1,SP Renewables (UK) Limited,64.3,5705.0
2026-06-12,T_MOWEO-1,Moray Offshore Wind East Ltd,2823.0,108629.0
2026-06-12,T_MOWEO-2,Moray Offshore Wind East Ltd,3004.5,120846.0
2026-06-12,T_MOWEO-3,Moray Offshore Wind East Ltd,3311.2,128857.0
2026-06-12,T_MOWWO-1,Moray Offshore Wind West Ltd,2739.6,74436.0
2026-06-12,T_MOWWO-2,Moray Offshore Wind West Ltd,2605.4,70798.0
2026-06-12,T_MOWWO-3,Moray Offshore Wind West Ltd,2178.4,59055.0
2026-06-12,T_MOWWO-4,Moray Offshore Wind West Ltd,3626.5,132910.0
2026-06-12,T_MYGPW-1,Minnygap Energy Limited,186.7,14185.0
2026-06-12,T_NNGAO-1,Neart Na Gaoithe Offshore Wind,1415.0,150859.0
2026-06-12,T_NNGAO-2,Neart Na Gaoithe Offshore Wind,1305.3,136881.0
2026-06-12,T_NOKYW-1,North Kyle Wind farm Ltd,1490.3,34377.0
2026-06-12,T_NOKYW-2,North Kyle Wind farm Ltd,1479.7,34086.0
2026-06-12,T_PNYCW-1,Pen y Cymoedd Wind Farm LTD,21.3,2048.0
2026-06-12,T_SAKNW-1,Sandy Knowe Wind Farm Ltd,1141.2,45646.0
2026-06-12,T_SGRWO-1,Seagreen Wind Energy Limited,5948.2,83870.0
2026-06-12,T_SGRWO-2,Seagreen Wind Energy Limited,989.7,13955.0
2026-06-12,T_SGRWO-3,Seagreen Wind Energy Limited,1081.7,15252.0
2026-06-12,T_SGRWO-4,Seagreen Wind Energy Limited,924.6,13036.0
2026-06-12,T_SGRWO-5,Seagreen Wind Energy Limited,507.8,7160.0
2026-06-12,T_SGRWO-6,Seagreen Wind Energy Limited,7540.1,106315.0
2026-06-12,T_SOKYW-1,South Kyle Wind Farm Limited,2599.6,103982.0
2026-06-12,T_STLGW-1,Stronelairg Windfarm Limited,394.8,33887.0
2026-06-12,T_STLGW-2,Stronelairg Windfarm Limited,549.4,47163.0
2026-06-12,T_STLGW-3,Stronelairg Windfarm Limited,422.9,36306.0
2026-06-12,T_STRNW-1,Strathy Wind Farm Limited,186.3,15676.0
2026-06-12,T_VKNGW-1,Viking Energy Wind Farm LLP,972.0,14290.0
2026-06-12,T_VKNGW-2,Viking Energy Wind Farm LLP,1005.1,14776.0
2026-06-12,T_VKNGW-3,Viking Energy Wind Farm LLP,870.2,12792.0
2026-06-12,T_VKNGW-4,Viking Energy Wind Farm LLP,859.4,12634.0
2026-06-12,T_WDRGW-1,Windy Rig Wind Farm Limited,696.6,19992.0
2026-06-12,T_WHILW-1,SP Renewables (UK) Limited,2324.8,209740.0
2026-06-12,T_WISTW-2,BROCKLOCH RIG WINDFARM LTD,331.6,28583.0
2026-06-12,T_WLNYO-2,Walney Offshore Windfarms Ltd,9.5,1772.0
2026-06-12,T_WLNYO-3,Walney Extension Ltd,18.5,4053.0
2026-06-12,T_WLNYO-4,Walney Extension Ltd,31.8,6966.0
2026-06-12,T_WLNYW-1,Walney Offshore Windfarms Ltd,11.8,2189.0
2026-06-13,C__PSTAT011,Statkraft Markets Gmbh,693.4,52006.0
2026-06-13,E_ASHWW-1,Statkraft Markets Gmbh,30.6,2994.0
2026-06-13,E_BABAW-1,Statkraft Markets Gmbh,166.5,13653.0
2026-06-13,E_BLARW-1,Erova Energy Limited,197.6,16553.0
2026-06-13,E_BTUIW-2,SP Renewables (UK) Limited,216.0,19171.0
2026-06-13,E_BTUIW-3,SP Renewables (UK) Limited,515.2,5646.0
2026-06-13,E_GRGRW-1,Evolve Energy Supply Limited,344.9,24140.0
2026-06-13,E_HLTWW-1,ScottishPower Energy Retail,31.8,3280.0
2026-06-13,E_HRHLW-1,SP Renewables (UK) Limited,122.0,9787.0
2026-06-13,T_ARCHW-1,SP Renewables (UK) Limited,566.3,50227.0
2026-06-13,T_BEINW-1,Beinneun Wind Farm Ltd,34.3,3358.0
2026-06-13,T_BENBW-1,Benbrack Wind Farm Limited,238.7,1910.0
2026-06-13,T_BHLAW-1,SSE Generation Ltd,389.8,33480.0
2026-06-13,T_BLKWW-1,Blackcraig Wind Farm Limited,52.6,6159.0
2026-06-13,T_BLLA-2,SP Renewables (UK) Limited,163.9,13143.0
2026-06-13,T_BOWLW-1,Barrow Offshore Wind Limited,48.3,4410.0
2026-06-13,T_BROCW-1,Smartestenergy Limited,367.2,14320.0
2026-06-13,T_CGTHW-1,Corriegarth Wind Energy LTD,267.7,21605.0
2026-06-13,T_CLDCW-1,Clyde Windfarm (Scotland) Ltd,648.3,64075.0
2026-06-13,T_CLDNW-1,Clyde Windfarm (Scotland) Ltd,674.1,62653.0
2026-06-13,T_CLDSW-1,Clyde Windfarm (Scotland) Ltd,452.0,43582.0
2026-06-13,T_CRDEW-1,EDF Energy Customers Limited,87.8,4743.0
2026-06-13,T_CRDEW-2,EDF Energy Customers Limited,87.8,4743.0
2026-06-13,T_CREAW-1,Creag Riabhach Wind Farm Ltd,345.6,20042.0
2026-06-13,T_CRGHW-1,Statkraft Markets Gmbh,388.2,29891.0
2026-06-13,T_CRMLW-1,EDF Energy Customers Limited,69.1,5942.0
2026-06-13,T_CRYRW-2,Eneco Energy Trade,344.3,31054.0
2026-06-13,T_CRYRW-3,Eneco Energy Trade,216.7,23661.0
2026-06-13,T_CUMHW-1,Uniper UK Limited,421.3,14614.0
2026-06-13,T_DOREW-1,Dorenell Windfarm Limited,286.2,18226.0
2026-06-13,T_DOREW-2,Dorenell Windfarm Limited,203.5,13384.0
2026-06-13,T_DOUGW-1,Erova Energy Limited,378.6,11357.0
2026-06-13,T_DRSLW-1,SP Renewables (UK) Limited,687.3,55111.0
2026-06-13,T_DUNGW-1,Dunmaglass Wind Farm Limited,434.0,39569.0
2026-06-13,T_EDINW-1,Vattenfall Wind Power Ltd,7.8,857.0
2026-06-13,T_EWHLW-1,SP Renewables (UK) Limited,96.4,7728.0
2026-06-13,T_FARR-1,Smartestenergy Limited,40.8,3752.0
2026-06-13,T_GLNKW-1,EDF Energy Customers Limited,626.9,25326.0
2026-06-13,T_GORDW-1,SSE Generation Ltd,387.2,32592.0
2026-06-13,T_GORDW-2,SSE Generation Ltd,223.5,3480.0
2026-06-13,T_GRIFW-1,Griffin Wind Farm Ltd,195.9,17778.0
2026-06-13,T_GRIFW-2,Griffin Wind Farm Ltd,230.1,20881.0
2026-06-13,T_HAHAW-1,HAGSHAW HILL REPOWERING LTD,68.1,790.0
2026-06-13,T_HALSW-1,SP Renewables (UK) Limited,406.9,4606.0
2026-06-13,T_HOWBO-1,Breesea Limited,438.6,44058.0
2026-06-13,T_HOWBO-2,Sonningmay Wind Limited,250.0,25370.0
2026-06-13,T_HOWBO-3,Soundmark Wind Limited,347.9,34807.0
2026-06-13,T_KENNW-1,Kennoxhead Wind Farm Limited,432.6,18184.0
2026-06-13,T_KILBW-1,Kilbraur Wind Energy Ltd,29.6,2815.0
2026-06-13,T_KLGLW-1,SP Renewables (UK) Limited,1082.7,86722.0
2026-06-13,T_KPMRW-1,OnPath Energy Limited,87.5,10506.0
2026-06-13,T_KYPEW-1,Kype Extension Wind Farm Ltd,420.3,12190.0
2026-06-13,T_LCLTW-1,Eneco Energy Trade,234.4,20864.0
2026-06-13,T_LIMKW-1,Limekiln Extension Ltd,651.4,19543.0
2026-06-13,T_MIDMW-1,OnPath Energy Limited,39.6,4769.0
2026-06-13,T_MKHLW-1,SP Renewables (UK) Limited,93.3,8278.0
2026-06-13,T_MOWEO-1,Moray Offshore Wind East Ltd,2207.9,170271.0
2026-06-13,T_MOWEO-2,Moray Offshore Wind East Ltd,2058.5,149916.0
2026-06-13,T_MOWEO-3,Moray Offshore Wind East Ltd,1774.5,114766.0
2026-06-13,T_MOWWO-1,Moray Offshore Wind West Ltd,3055.3,106025.0
2026-06-13,T_MOWWO-2,Moray Offshore Wind West Ltd,3086.5,107358.0
2026-06-13,T_MOWWO-3,Moray Offshore Wind West Ltd,2184.6,75908.0
2026-06-13,T_MOWWO-4,Moray Offshore Wind West Ltd,2875.2,105374.0
2026-06-13,T_NNGAO-1,Neart Na Gaoithe Offshore Wind,4285.2,689116.0
2026-06-13,T_NNGAO-2,Neart Na Gaoithe Offshore Wind,3447.8,594441.0
2026-06-13,T_NOKYW-1,North Kyle Wind farm Ltd,1570.6,23543.0
2026-06-13,T_NOKYW-2,North Kyle Wind farm Ltd,1269.3,19026.0
2026-06-13,T_PNYCW-1,Pen y Cymoedd Wind Farm LTD,29.0,2783.0
2026-06-13,T_RCBKO-2,Race Bank Wind Farm Ltd,76.2,12949.0
2026-06-13,T_SAKNW-1,Sandy Knowe Wind Farm Ltd,648.9,25957.0
2026-06-13,T_SGRWO-1,Seagreen Wind Energy Limited,3757.1,52975.0
2026-06-13,T_SGRWO-2,Seagreen Wind Energy Limited,733.1,10337.0
2026-06-13,T_SGRWO-3,Seagreen Wind Energy Limited,1953.3,27542.0
2026-06-13,T_SGRWO-4,Seagreen Wind Energy Limited,1582.1,22307.0
2026-06-13,T_SGRWO-5,Seagreen Wind Energy Limited,872.5,12302.0
2026-06-13,T_SGRWO-6,Seagreen Wind Energy Limited,4593.2,64764.0
2026-06-13,T_SOKYW-1,South Kyle Wind Farm Limited,2775.7,111027.0
2026-06-13,T_STLGW-1,Stronelairg Windfarm Limited,769.4,66057.0
2026-06-13,T_STLGW-2,Stronelairg Windfarm Limited,774.7,66507.0
2026-06-13,T_STLGW-3,Stronelairg Windfarm Limited,662.6,56886.0
2026-06-13,T_STRNW-1,Strathy Wind Farm Limited,195.4,16450.0
2026-06-13,T_VKNGW-1,Viking Energy Wind Farm LLP,88.9,1313.0
2026-06-13,T_VKNGW-2,Viking Energy Wind Farm LLP,89.7,1325.0
2026-06-13,T_VKNGW-3,Viking Energy Wind Farm LLP,71.7,1059.0
2026-06-13,T_VKNGW-4,Viking Energy Wind Farm LLP,75.6,1116.0
2026-06-13,T_WDRGW-1,Windy Rig Wind Farm Limited,758.0,21753.0
2026-06-13,T_WHILW-1,SP Renewables (UK) Limited,451.4,40724.0
2026-06-13,T_WISTW-2,BROCKLOCH RIG WINDFARM LTD,307.6,26513.0
2026-06-14,E_BTUIW-3,SP Renewables (UK) Limited,99.3,1089.0
2026-06-14,T_CUMHW-1,Uniper UK Limited,36.9,559.0
2026-06-14,T_DOREW-1,Dorenell Windfarm Limited,293.0,23971.0
2026-06-14,T_DOREW-2,Dorenell Windfarm Limited,186.0,15347.0
2026-06-14,T_GORDW-2,SSE Generation Ltd,31.8,495.0
2026-06-14,T_HALSW-1,SP Renewables (UK) Limited,28.6,324.0
2026-06-14,T_HOWBO-1,Breesea Limited,3077.1,147935.0
2026-06-14,T_HOWBO-2,Sonningmay Wind Limited,3125.8,146780.0
2026-06-14,T_HOWBO-3,Soundmark Wind Limited,3285.1,149984.0
2026-06-14,T_KLGLW-1,SP Renewables (UK) Limited,458.1,36696.0
2026-06-14,T_MOWEO-1,Moray Offshore Wind East Ltd,1436.7,93550.0
2026-06-14,T_MOWEO-2,Moray Offshore Wind East Ltd,1454.4,94040.0
2026-06-14,T_MOWEO-3,Moray Offshore Wind East Ltd,1576.6,101346.0
2026-06-14,T_MOWWO-1,Moray Offshore Wind West Ltd,1217.7,35923.0
2026-06-14,T_MOWWO-2,Moray Offshore Wind West Ltd,1275.9,37610.0
2026-06-14,T_MOWWO-3,Moray Offshore Wind West Ltd,997.5,29451.0
2026-06-14,T_MOWWO-4,Moray Offshore Wind West Ltd,1719.5,63018.0
2026-06-14,T_NOKYW-1,North Kyle Wind farm Ltd,154.5,2316.0
2026-06-14,T_NOKYW-2,North Kyle Wind farm Ltd,154.0,2309.0
2026-06-14,T_SGRWO-1,Seagreen Wind Energy Limited,1556.7,21950.0
2026-06-14,T_SGRWO-3,Seagreen Wind Energy Limited,1100.3,15514.0
2026-06-14,T_SGRWO-4,Seagreen Wind Energy Limited,1029.7,14518.0
2026-06-14,T_SGRWO-5,Seagreen Wind Energy Limited,136.6,1926.0
2026-06-14,T_SGRWO-6,Seagreen Wind Energy Limited,1909.2,26920.0
2026-06-14,T_TKNEW-1,Triton Knoll Offshore Wind,992.8,128113.0
2026-06-14,T_TKNWW-1,Triton Knoll Offshore Wind,878.1,113804.0
2026-06-14,T_VKNGW-1,Viking Energy Wind Farm LLP,504.4,7450.0
2026-06-14,T_VKNGW-2,Viking Energy Wind Farm LLP,818.9,12095.0
2026-06-14,T_VKNGW-3,Viking Energy Wind Farm LLP,762.4,11261.0
2026-06-14,T_VKNGW-4,Viking Energy Wind Farm LLP,659.2,9736.0
2026-06-16,E_BTUIW-3,SP Renewables (UK) Limited,93.0,1020.0
2026-06-16,T_GORDW-2,SSE Generation Ltd,26.2,409.0
2026-06-16,T_HALSW-1,SP Renewables (UK) Limited,101.0,1143.0
2026-06-16,T_MOWEO-1,Moray Offshore Wind East Ltd,2064.6,2309.0
2026-06-16,T_MOWEO-2,Moray Offshore Wind East Ltd,1461.5,674.0
2026-06-16,T_MOWEO-3,Moray Offshore Wind East Ltd,1089.5,281.0
2026-06-16,T_MOWWO-1,Moray Offshore Wind West Ltd,46.9,1195.0
2026-06-16,T_MOWWO-2,Moray Offshore Wind West Ltd,287.5,7341.0
2026-06-16,T_MOWWO-3,Moray Offshore Wind West Ltd,350.5,8986.0
2026-06-16,T_SGRWO-2,Seagreen Wind Energy Limited,59.4,837.0
2026-06-16,T_SGRWO-3,Seagreen Wind Energy Limited,242.9,3422.0
2026-06-16,T_SGRWO-4,Seagreen Wind Energy Limited,198.3,2795.0
2026-06-16,T_SGRWO-5,Seagreen Wind Energy Limited,177.4,2500.0
2026-06-16,T_SGRWO-6,Seagreen Wind Energy Limited,724.5,10208.0
2026-06-16,T_VKNGW-1,Viking Energy Wind Farm LLP,60.5,894.0
2026-06-16,T_VKNGW-2,Viking Energy Wind Farm LLP,55.4,818.0
2026-06-16,T_VKNGW-3,Viking Energy Wind Farm LLP,39.8,588.0
2026-06-16,T_VKNGW-4,Viking Energy Wind Farm LLP,38.8,573.0
2026-06-17,E_BTUIW-3,SP Renewables (UK) Limited,41.5,455.0
2026-06-17,T_AKGLW-3,AIK2A Sustainable Energy Ltd,7.4,371.0
2026-06-17,T_BENBW-1,Benbrack Wind Farm Limited,67.6,541.0
2026-06-17,T_CRGHW-1,Statkraft Markets Gmbh,3.5,270.0
2026-06-17,T_DOREW-1,Dorenell Windfarm Limited,10.2,128.0
2026-06-17,T_DOREW-2,Dorenell Windfarm Limited,9.6,121.0
2026-06-17,T_EDINW-1,Vattenfall Wind Power Ltd,66.9,7361.0
2026-06-17,T_GANW-11,Galloper Offshore WindFarm Ltd,0.9,161.0
2026-06-17,T_GRIFW-1,Griffin Wind Farm Ltd,80.4,7299.0
2026-06-17,T_GRIFW-2,Griffin Wind Farm Ltd,131.1,11895.0
2026-06-17,T_HALSW-1,SP Renewables (UK) Limited,5.9,67.0
2026-06-17,T_MOWEO-1,Moray Offshore Wind East Ltd,153.5,146.0
2026-06-17,T_MOWEO-2,Moray Offshore Wind East Ltd,138.7,141.0
2026-06-17,T_MOWEO-3,Moray Offshore Wind East Ltd,84.5,77.0
2026-06-17,T_SGRWO-1,Seagreen Wind Energy Limited,1331.2,18757.0
2026-06-17,T_SGRWO-2,Seagreen Wind Energy Limited,106.3,1497.0
2026-06-17,T_SGRWO-3,Seagreen Wind Energy Limited,375.2,5287.0
2026-06-17,T_SGRWO-4,Seagreen Wind Energy Limited,678.4,9559.0
2026-06-17,T_SGRWO-5,Seagreen Wind Energy Limited,204.0,2874.0
2026-06-17,T_SGRWO-6,Seagreen Wind Energy Limited,2253.6,31754.0
2026-06-17,T_VKNGW-2,Viking Energy Wind Farm LLP,21.5,318.0
2026-06-17,T_VKNGW-4,Viking Energy Wind Farm LLP,14.9,220.0
2026-06-18,E_BTUIW-3,SP Renewables (UK) Limited,5.7,62.0
2026-06-18,T_EDINW-1,Vattenfall Wind Power Ltd,3.3,361.0
2026-06-18,T_HALSW-1,SP Renewables (UK) Limited,6.6,75.0
2026-06-18,T_MOWEO-1,Moray Offshore Wind East Ltd,322.7,4355.0
2026-06-18,T_MOWEO-2,Moray Offshore Wind East Ltd,167.0,2133.0
2026-06-18,T_MOWEO-3,Moray Offshore Wind East Ltd,299.8,4034.0
2026-06-18,T_SGRWO-1,Seagreen Wind Energy Limited,231.8,3267.0
2026-06-18,T_SGRWO-3,Seagreen Wind Energy Limited,1.7,25.0
2026-06-18,T_SGRWO-4,Seagreen Wind Energy Limited,0.4,5.0
2026-06-18,T_SGRWO-6,Seagreen Wind Energy Limited,168.1,2368.0
2026-06-19,2__PSTAT001,Statkraft Markets Gmbh,85.3,7737.0
2026-06-19,C__PSTAT011,Statkraft Markets Gmbh,216.0,16199.0
2026-06-19,E_BLARW-1,Erova Energy Limited,120.7,3403.0
2026-06-19,E_BTUIW-2,SP Renewables (UK) Limited,15.5,1374.0
2026-06-19,E_BTUIW-3,SP Renewables (UK) Limited,181.9,1993.0
2026-06-19,E_GRGRW-1,Evolve Energy Supply Limited,19.6,1374.0
2026-06-19,E_HRHLW-1,SP Renewables (UK) Limited,23.5,1885.0
2026-06-19,E_MOYEW-1,Eneco Energy Trade,76.9,7075.0
2026-06-19,T_BHLAW-1,SSE Generation Ltd,52.0,4461.0
2026-06-19,T_BROCW-1,Smartestenergy Limited,273.6,10669.0
2026-06-19,T_CGTHW-1,Corriegarth Wind Energy LTD,194.8,15720.0
2026-06-19,T_CLDCW-1,Clyde Windfarm (Scotland) Ltd,351.8,34773.0
2026-06-19,T_CLDNW-1,Clyde Windfarm (Scotland) Ltd,355.7,33062.0
2026-06-19,T_CLDSW-1,Clyde Windfarm (Scotland) Ltd,155.7,15016.0
2026-06-19,T_CRDEW-1,EDF Energy Customers Limited,199.0,10745.0
2026-06-19,T_CRDEW-2,EDF Energy Customers Limited,198.3,10709.0
2026-06-19,T_CRGHW-1,Statkraft Markets Gmbh,58.1,4470.0
2026-06-19,T_CRYRW-2,Eneco Energy Trade,458.9,41393.0
2026-06-19,T_CUMHW-1,Uniper UK Limited,357.3,5417.0
2026-06-19,T_DALQW-1,Statkraft Markets Gmbh,175.3,10694.0
2026-06-19,T_DOREW-1,Dorenell Windfarm Limited,301.5,11352.0
2026-06-19,T_DOREW-2,Dorenell Windfarm Limited,129.0,4967.0
2026-06-19,T_DOUGW-1,Erova Energy Limited,357.1,10712.0
2026-06-19,T_DRSLW-1,SP Renewables (UK) Limited,201.7,16175.0
2026-06-19,T_DUNGW-1,Dunmaglass Wind Farm Limited,202.2,18438.0
2026-06-19,T_GLNKW-1,EDF Energy Customers Limited,313.3,12659.0
2026-06-19,T_GORDW-1,SSE Generation Ltd,95.8,8067.0
2026-06-19,T_GORDW-2,SSE Generation Ltd,150.6,2345.0
2026-06-19,T_GRIFW-1,Griffin Wind Farm Ltd,203.4,18461.0
2026-06-19,T_GRIFW-2,Griffin Wind Farm Ltd,128.7,11683.0
2026-06-19,T_HOWBO-2,Sonningmay Wind Limited,8.0,11.0
2026-06-19,T_HOWBO-3,Soundmark Wind Limited,8.3,11.0
2026-06-19,T_KENNW-1,Kennoxhead Wind Farm Limited,364.5,11452.0
2026-06-19,T_KPMRW-1,OnPath Energy Limited,381.9,21157.0
2026-06-19,T_KYPEW-1,Kype Extension Wind Farm Ltd,491.9,14264.0
2026-06-19,T_LIMKW-1,Limekiln Extension Ltd,464.5,13934.0
2026-06-19,T_MIDMW-1,OnPath Energy Limited,156.9,8688.0
2026-06-19,T_MOWEO-1,Moray Offshore Wind East Ltd,1566.8,43599.0
2026-06-19,T_MOWEO-2,Moray Offshore Wind East Ltd,1485.8,44274.0
2026-06-19,T_MOWEO-3,Moray Offshore Wind East Ltd,1362.8,32042.0
2026-06-19,T_MOWWO-1,Moray Offshore Wind West Ltd,812.0,21917.0
2026-06-19,T_MOWWO-2,Moray Offshore Wind West Ltd,1129.2,30417.0
2026-06-19,T_MOWWO-3,Moray Offshore Wind West Ltd,767.6,20391.0
2026-06-19,T_MOWWO-4,Moray Offshore Wind West Ltd,1373.8,50349.0
2026-06-19,T_MYGPW-1,Minnygap Energy Limited,124.7,9474.0
2026-06-19,T_NNGAO-1,Neart Na Gaoithe Offshore Wind,963.8,90798.0
2026-06-19,T_NNGAO-2,Neart Na Gaoithe Offshore Wind,437.4,40076.0
2026-06-19,T_NOKYW-1,North Kyle Wind farm Ltd,415.5,6229.0
2026-06-19,T_NOKYW-2,North Kyle Wind farm Ltd,376.5,5644.0
2026-06-19,T_SAKNW-1,Sandy Knowe Wind Farm Ltd,397.1,15885.0
2026-06-19,T_SGRWO-1,Seagreen Wind Energy Limited,3322.7,46817.0
2026-06-19,T_SGRWO-2,Seagreen Wind Energy Limited,664.8,9368.0
2026-06-19,T_SGRWO-3,Seagreen Wind Energy Limited,1789.5,25215.0
2026-06-19,T_SGRWO-4,Seagreen Wind Energy Limited,1595.7,22484.0
2026-06-19,T_SGRWO-5,Seagreen Wind Energy Limited,799.6,11266.0
2026-06-19,T_SGRWO-6,Seagreen Wind Energy Limited,4332.4,61043.0
2026-06-19,T_SOKYW-1,South Kyle Wind Farm Limited,892.3,35693.0
2026-06-19,T_STLGW-1,Stronelairg Windfarm Limited,71.6,6151.0
2026-06-19,T_STLGW-2,Stronelairg Windfarm Limited,232.4,19949.0
2026-06-19,T_STLGW-3,Stronelairg Windfarm Limited,200.5,17213.0
2026-06-19,T_TWSHW-1,Twentyshilling Limited,279.6,7875.0
2026-06-19,T_VKNGW-1,Viking Energy Wind Farm LLP,761.0,11240.0
2026-06-19,T_VKNGW-2,Viking Energy Wind Farm LLP,826.1,12201.0
2026-06-19,T_VKNGW-3,Viking Energy Wind Farm LLP,666.9,9851.0
2026-06-19,T_VKNGW-4,Viking Energy Wind Farm LLP,720.1,10636.0
2026-06-19,T_WDRGW-1,Windy Rig Wind Farm Limited,302.7,8687.0
2026-06-19,T_WHILW-1,SP Renewables (UK) Limited,1606.6,144946.0
2026-06-19,T_WHILW-2,SP Renewables (UK) Limited,509.3,45487.0
2026-06-19,T_WISTW-2,BROCKLOCH RIG WINDFARM LTD,238.3,20545.0
2026-06-20,T_DOREW-1,Dorenell Windfarm Limited,59.2,2955.0
2026-06-20,T_DOREW-2,Dorenell Windfarm Limited,48.4,2413.0
2026-06-20,T_EDINW-1,Vattenfall Wind Power Ltd,10.4,1142.0
2026-06-20,T_MOWEO-1,Moray Offshore Wind East Ltd,2248.2,33728.0
2026-06-20,T_MOWEO-2,Moray Offshore Wind East Ltd,1829.1,26182.0
2026-06-20,T_MOWEO-3,Moray Offshore Wind East Ltd,1832.6,26483.0
2026-06-20,T_MOWWO-1,Moray Offshore Wind West Ltd,1653.9,41378.0
2026-06-20,T_MOWWO-2,Moray Offshore Wind West Ltd,2004.6,50226.0
2026-06-20,T_MOWWO-3,Moray Offshore Wind West Ltd,1228.9,29830.0
2026-06-20,T_MOWWO-4,Moray Offshore Wind West Ltd,1207.6,44257.0
2026-06-20,T_SGRWO-1,Seagreen Wind Energy Limited,1999.4,28171.0
2026-06-20,T_SGRWO-2,Seagreen Wind Energy Limited,569.2,8020.0
2026-06-20,T_SGRWO-3,Seagreen Wind Energy Limited,981.7,13832.0
2026-06-20,T_SGRWO-4,Seagreen Wind Energy Limited,327.3,4612.0
2026-06-20,T_SGRWO-5,Seagreen Wind Energy Limited,535.6,7547.0
2026-06-20,T_SGRWO-6,Seagreen Wind Energy Limited,2475.5,34880.0
2026-06-20,T_VKNGW-1,Viking Energy Wind Farm LLP,1177.5,17309.0
2026-06-20,T_VKNGW-2,Viking Energy Wind Farm LLP,1299.6,19105.0
2026-06-20,T_VKNGW-3,Viking Energy Wind Farm LLP,1118.0,16435.0
2026-06-20,T_VKNGW-4,Viking Energy Wind Farm LLP,1138.7,16738.0
2026-06-21,T_MOWEO-1,Moray Offshore Wind East Ltd,70.4,457.0
2026-06-21,T_MOWEO-2,Moray Offshore Wind East Ltd,137.2,941.0
2026-06-21,T_MOWEO-3,Moray Offshore Wind East Ltd,148.9,1049.0
2026-06-21,T_SGRWO-1,Seagreen Wind Energy Limited,2.9,41.0
2026-06-23,T_EDINW-1,Vattenfall Wind Power Ltd,0.5,50.0
2026-06-23,T_GRGBW-3,Greater Gabbard Offshore Winds,0.0,3.0
2026-06-23,T_MOWEO-1,Moray Offshore Wind East Ltd,347.9,327.0
2026-06-23,T_MOWEO-2,Moray Offshore Wind East Ltd,355.0,325.0
2026-06-23,T_MOWEO-3,Moray Offshore Wind East Ltd,443.2,377.0
2026-06-23,T_MOWWO-1,Moray Offshore Wind West Ltd,31.8,97.0
2026-06-23,T_MOWWO-2,Moray Offshore Wind West Ltd,230.1,621.0
2026-06-23,T_MOWWO-3,Moray Offshore Wind West Ltd,1.1,25.0
2026-06-23,T_SGRWO-1,Seagreen Wind Energy Limited,1212.7,16881.0
2026-06-23,T_SGRWO-2,Seagreen Wind Energy Limited,242.7,3378.0
2026-06-23,T_SGRWO-3,Seagreen Wind Energy Limited,530.2,7380.0
2026-06-23,T_SGRWO-4,Seagreen Wind Energy Limited,448.6,6244.0
2026-06-23,T_SGRWO-5,Seagreen Wind Energy Limited,255.7,3559.0
2026-06-23,T_SGRWO-6,Seagreen Wind Energy Limited,1377.1,19169.0
2026-06-23,T_VKNGW-2,Viking Energy Wind Farm LLP,30.1,442.0
2026-06-23,T_VKNGW-3,Viking Energy Wind Farm LLP,22.9,337.0
2026-06-23,T_VKNGW-4,Viking Energy Wind Farm LLP,39.8,585.0
2026-06-24,T_EAAO-1,East Anglia One Limited,90.0,0.0
2026-06-24,T_EAAO-2,East Anglia One Limited,90.7,0.0
2026-06-24,T_MOWEO-1,Moray Offshore Wind East Ltd,354.5,47.0
2026-06-24,T_MOWEO-2,Moray Offshore Wind East Ltd,161.8,42.0
2026-06-24,T_MOWEO-3,Moray Offshore Wind East Ltd,416.5,57.0
2026-06-24,T_NNGAO-1,Neart Na Gaoithe Offshore Wind,121.9,0.0
2026-06-24,T_NNGAO-2,Neart Na Gaoithe Offshore Wind,117.7,0.0
2026-06-24,T_SGRWO-1,Seagreen Wind Energy Limited,44.3,616.0
2026-06-24,T_SGRWO-3,Seagreen Wind Energy Limited,0.3,4.0
2026-06-24,T_SGRWO-4,Seagreen Wind Energy Limited,0.2,3.0
2026-06-24,T_SGRWO-6,Seagreen Wind Energy Limited,58.2,809.0
2026-06-25,T_DOREW-1,Dorenell Windfarm Limited,295.2,1875.0
2026-06-25,T_DOREW-2,Dorenell Windfarm Limited,250.3,1588.0
2026-06-25,T_FALGW-1,Fallago Rig Wind Farm Limited,3.6,305.0
2026-06-25,T_GRGBW-2,Greater Gabbard Offshore Winds,2.7,451.0
2026-06-25,T_KPMRW-1,OnPath Energy Limited,15.5,0.0
2026-06-25,T_MIDMW-1,OnPath Energy Limited,48.8,440.0
2026-06-25,T_MOWEO-1,Moray Offshore Wind East Ltd,982.7,985.0
2026-06-25,T_MOWEO-2,Moray Offshore Wind East Ltd,737.0,751.0
2026-06-25,T_MOWEO-3,Moray Offshore Wind East Ltd,972.9,833.0
2026-06-25,T_MOWWO-1,Moray Offshore Wind West Ltd,224.8,3038.0
2026-06-25,T_MOWWO-2,Moray Offshore Wind West Ltd,337.7,4660.0
2026-06-25,T_MOWWO-3,Moray Offshore Wind West Ltd,202.1,3045.0
2026-06-25,T_MOWWO-4,Moray Offshore Wind West Ltd,261.0,9565.0
2026-06-25,T_NNGAO-1,Neart Na Gaoithe Offshore Wind,467.7,26699.0
2026-06-25,T_NNGAO-2,Neart Na Gaoithe Offshore Wind,13.5,429.0
2026-06-25,T_SGRWO-1,Seagreen Wind Energy Limited,1309.6,18230.0
2026-06-25,T_SGRWO-2,Seagreen Wind Energy Limited,330.9,4606.0
2026-06-25,T_SGRWO-3,Seagreen Wind Energy Limited,736.2,10247.0
2026-06-25,T_SGRWO-4,Seagreen Wind Energy Limited,393.3,5474.0
2026-06-25,T_SGRWO-5,Seagreen Wind Energy Limited,293.0,4079.0
2026-06-25,T_SGRWO-6,Seagreen Wind Energy Limited,1185.3,16499.0
2026-06-26,E_BLARW-1,Erova Energy Limited,55.1,1528.0
2026-06-26,E_BTUIW-3,SP Renewables (UK) Limited,108.1,1185.0
2026-06-26,T_AKGLW-3,AIK2A Sustainable Energy Ltd,26.0,1295.0
2026-06-26,T_ARCHW-1,SP Renewables (UK) Limited,27.5,2442.0
2026-06-26,T_BENBW-1,Benbrack Wind Farm Limited,139.6,0.0
2026-06-26,T_BLLA-2,SP Renewables (UK) Limited,4.7,375.0
2026-06-26,T_BROCW-1,Smartestenergy Limited,35.8,1397.0
2026-06-26,T_CRDEW-1,EDF Energy Customers Limited,11.6,625.0
2026-06-26,T_CRDEW-2,EDF Energy Customers Limited,11.4,613.0
2026-06-26,T_CRGHW-1,Statkraft Markets Gmbh,10.0,770.0
2026-06-26,T_DALQW-1,Statkraft Markets Gmbh,33.6,2053.0
2026-06-26,T_DOREW-1,Dorenell Windfarm Limited,74.9,602.0
2026-06-26,T_DOREW-2,Dorenell Windfarm Limited,72.2,631.0
2026-06-26,T_DOUGW-1,Erova Energy Limited,53.0,1589.0
2026-06-26,T_DRSLW-1,SP Renewables (UK) Limited,19.6,1571.0
2026-06-26,T_EWHLW-1,SP Renewables (UK) Limited,14.7,1177.0
2026-06-26,T_GORDW-2,SSE Generation Ltd,9.8,151.0
2026-06-26,T_HAHAW-1,HAGSHAW HILL REPOWERING LTD,50.7,588.0
2026-06-26,T_HALSW-1,SP Renewables (UK) Limited,8.7,98.0
2026-06-26,T_HRSTW-1,SP Renewables (UK) Limited,27.1,2410.0
2026-06-26,T_KENNW-1,Kennoxhead Wind Farm Limited,71.3,2242.0
2026-06-26,T_KLGLW-1,SP Renewables (UK) Limited,138.4,11089.0
2026-06-26,T_KPMRW-1,OnPath Energy Limited,97.7,1827.0
2026-06-26,T_KYPEW-1,Kype Extension Wind Farm Ltd,68.7,1991.0
2026-06-26,T_LIMKW-1,Limekiln Extension Ltd,27.3,819.0
2026-06-26,T_MIDMW-1,OnPath Energy Limited,95.8,1633.0
2026-06-26,T_MOWEO-1,Moray Offshore Wind East Ltd,498.3,3239.0
2026-06-26,T_MOWEO-2,Moray Offshore Wind East Ltd,560.0,5443.0
2026-06-26,T_MOWEO-3,Moray Offshore Wind East Ltd,595.7,4783.0
2026-06-26,T_MOWWO-1,Moray Offshore Wind West Ltd,142.3,2994.0
2026-06-26,T_MOWWO-2,Moray Offshore Wind West Ltd,140.4,2917.0
2026-06-26,T_MOWWO-3,Moray Offshore Wind West Ltd,83.7,1598.0
2026-06-26,T_MOWWO-4,Moray Offshore Wind West Ltd,142.2,5212.0
2026-06-26,T_MYGPW-1,Minnygap Energy Limited,7.4,565.0
2026-06-26,T_NNGAO-1,Neart Na Gaoithe Offshore Wind,61.0,1209.0
2026-06-26,T_NNGAO-2,Neart Na Gaoithe Offshore Wind,70.1,2905.0
2026-06-26,T_NOKYW-1,North Kyle Wind farm Ltd,134.4,2014.0
2026-06-26,T_NOKYW-2,North Kyle Wind farm Ltd,128.4,1925.0
2026-06-26,T_SAKNW-1,Sandy Knowe Wind Farm Ltd,41.9,1676.0
2026-06-26,T_SGRWO-1,Seagreen Wind Energy Limited,1596.5,22224.0
2026-06-26,T_SGRWO-2,Seagreen Wind Energy Limited,16.6,231.0
2026-06-26,T_SGRWO-3,Seagreen Wind Energy Limited,275.4,3833.0
2026-06-26,T_SGRWO-4,Seagreen Wind Energy Limited,307.9,4286.0
2026-06-26,T_SGRWO-5,Seagreen Wind Energy Limited,44.7,623.0
2026-06-26,T_SGRWO-6,Seagreen Wind Energy Limited,1548.5,21555.0
2026-06-26,T_SOKYW-1,South Kyle Wind Farm Limited,330.3,13211.0
2026-06-26,T_TWSHW-1,Twentyshilling Limited,71.5,2014.0
2026-06-26,T_VKNGW-1,Viking Energy Wind Farm LLP,49.0,717.0
2026-06-26,T_VKNGW-2,Viking Energy Wind Farm LLP,53.8,789.0
2026-06-26,T_VKNGW-3,Viking Energy Wind Farm LLP,36.3,531.0
2026-06-26,T_VKNGW-4,Viking Energy Wind Farm LLP,46.4,679.0
2026-06-26,T_WDRGW-1,Windy Rig Wind Farm Limited,55.3,1588.0
2026-06-26,T_WISTW-2,BROCKLOCH RIG WINDFARM LTD,27.9,2408.0
2026-06-27,2__PSTAT001,Statkraft Markets Gmbh,143.8,13040.0
2026-06-27,C__PSTAT011,Statkraft Markets Gmbh,817.4,61304.0
2026-06-27,E_ABRTW-1,Npower Commercial Gas Limited,151.1,13751.0
2026-06-27,E_ASLVW-1,Npower Commercial Gas Limited,107.2,9755.0
2026-06-27,E_BABAW-1,Statkraft Markets Gmbh,176.2,14720.0
2026-06-27,E_BLARW-1,Erova Energy Limited,396.3,14500.0
2026-06-27,E_BNWKW-1,Eneco Energy Trade,38.1,3388.0
2026-06-27,E_BTUIW-2,SP Renewables (UK) Limited,160.2,14218.0
2026-06-27,E_BTUIW-3,SP Renewables (UK) Limited,870.7,9543.0
2026-06-27,E_CLDRW-1,Vattenfall Energy Trading,140.1,12889.0
2026-06-27,E_GRGRW-1,Evolve Energy Supply Limited,614.4,43011.0
2026-06-27,E_HRHLW-1,SP Renewables (UK) Limited,384.0,30792.0
2026-06-27,E_MOYEW-1,Eneco Energy Trade,171.9,15816.0
2026-06-27,E_TULWW-1,Eneco Energy Trade,78.8,7017.0
2026-06-27,E_TULWW-2,Eneco Energy Trade,83.0,7391.0
2026-06-27,T_AFTOW-1,Afton Wind Farm Limited,105.4,8961.0
2026-06-27,T_AKGLW-2,Aikengall 2 CWCL,153.0,13307.0
2026-06-27,T_AKGLW-3,AIK2A Sustainable Energy Ltd,316.6,15797.0
2026-06-27,T_ARCHW-1,SP Renewables (UK) Limited,612.1,54287.0
2026-06-27,T_BDCHW-1,RWE Generation UK plc,85.1,5712.0
2026-06-27,T_BENBW-1,Benbrack Wind Farm Limited,1123.4,25064.0
2026-06-27,T_BHLAW-1,SSE Generation Ltd,429.8,36826.0
2026-06-27,T_BLLA-2,SP Renewables (UK) Limited,517.4,41493.0
2026-06-27,T_BROCW-1,Smartestenergy Limited,614.7,23973.0
2026-06-27,T_CGTHW-1,Corriegarth Wind Energy LTD,576.4,46518.0
2026-06-27,T_CRDEW-1,EDF Energy Customers Limited,440.8,23802.0
2026-06-27,T_CRDEW-2,EDF Energy Customers Limited,440.5,23785.0
2026-06-27,T_CREAW-1,Creag Riabhach Wind Farm Ltd,183.5,10642.0
2026-06-27,T_CRGHW-1,Statkraft Markets Gmbh,449.5,34615.0
2026-06-27,T_CRMLW-1,EDF Energy Customers Limited,188.4,16201.0
2026-06-27,T_CUMHW-1,Uniper UK Limited,553.3,8389.0
2026-06-27,T_DALQW-1,Statkraft Markets Gmbh,666.4,40650.0
2026-06-27,T_DOREW-1,Dorenell Windfarm Limited,1055.6,30721.0
2026-06-27,T_DOREW-2,Dorenell Windfarm Limited,821.6,24766.0
2026-06-27,T_DOUGW-1,Erova Energy Limited,791.0,23730.0
2026-06-27,T_DRSLW-1,SP Renewables (UK) Limited,669.9,53721.0
2026-06-27,T_DUNGW-1,Dunmaglass Wind Farm Limited,444.0,40392.0
2026-06-27,T_EDINW-1,Vattenfall Wind Power Ltd,259.7,28567.0
2026-06-27,T_EWHLW-1,SP Renewables (UK) Limited,451.5,36202.0
2026-06-27,T_FARR-2,Smartestenergy Limited,119.0,10946.0
2026-06-27,T_GLNKW-1,EDF Energy Customers Limited,860.2,34754.0
2026-06-27,T_GLWSW-1,GALAWHISTLE WIND FARM,389.6,34711.0
2026-06-27,T_GNAPW-1,SP Renewables (UK) Limited,197.8,15862.0
2026-06-27,T_GORDW-1,SSE Generation Ltd,527.0,44264.0
2026-06-27,T_GORDW-2,SSE Generation Ltd,369.1,5673.0
2026-06-27,T_GRIFW-1,Griffin Wind Farm Ltd,374.1,33885.0
2026-06-27,T_GRIFW-2,Griffin Wind Farm Ltd,362.8,32855.0
2026-06-27,T_HAHAW-1,HAGSHAW HILL REPOWERING LTD,533.9,6193.0
2026-06-27,T_HALSW-1,SP Renewables (UK) Limited,362.2,4100.0
2026-06-27,T_HRSTW-1,SP Renewables (UK) Limited,129.5,11535.0
2026-06-27,T_KENNW-1,Kennoxhead Wind Farm Limited,1018.0,39566.0
2026-06-27,T_KLGLW-1,SP Renewables (UK) Limited,3698.8,296275.0
2026-06-27,T_KPMRW-1,OnPath Energy Limited,1021.9,47675.0
2026-06-27,T_KYPEW-1,Kype Extension Wind Farm Ltd,1211.5,35134.0
2026-06-27,T_LCLTW-1,Eneco Energy Trade,120.6,10737.0
2026-06-27,T_LIMKW-1,Limekiln Extension Ltd,1300.6,39018.0
2026-06-27,T_MIDMW-1,OnPath Energy Limited,638.1,29598.0
2026-06-27,T_MKHLW-1,SP Renewables (UK) Limited,270.5,24009.0
2026-06-27,T_MOWEO-1,Moray Offshore Wind East Ltd,3608.6,60647.0
2026-06-27,T_MOWEO-2,Moray Offshore Wind East Ltd,3240.4,54271.0
2026-06-27,T_MOWEO-3,Moray Offshore Wind East Ltd,3557.4,61615.0
2026-06-27,T_MOWWO-1,Moray Offshore Wind West Ltd,2537.7,64443.0
2026-06-27,T_MOWWO-2,Moray Offshore Wind West Ltd,2588.4,66198.0
2026-06-27,T_MOWWO-3,Moray Offshore Wind West Ltd,1916.5,47519.0
2026-06-27,T_MOWWO-4,Moray Offshore Wind West Ltd,3513.6,128773.0
2026-06-27,T_MYGPW-1,Minnygap Energy Limited,398.1,30253.0
2026-06-27,T_NNGAO-1,Neart Na Gaoithe Offshore Wind,1470.1,103129.0
2026-06-27,T_NNGAO-2,Neart Na Gaoithe Offshore Wind,2168.3,197002.0
2026-06-27,T_NOKYW-1,North Kyle Wind farm Ltd,2146.1,32170.0
2026-06-27,T_NOKYW-2,North Kyle Wind farm Ltd,2121.0,31794.0
2026-06-27,T_SAKNW-1,Sandy Knowe Wind Farm Ltd,1651.3,66050.0
2026-06-27,T_SANQW-1,SANQUHAR CWCL,153.0,13695.0
2026-06-27,T_SGRWO-1,Seagreen Wind Energy Limited,4490.3,62505.0
2026-06-27,T_SGRWO-2,Seagreen Wind Energy Limited,1294.5,18020.0
2026-06-27,T_SGRWO-3,Seagreen Wind Energy Limited,2229.2,31031.0
2026-06-27,T_SGRWO-4,Seagreen Wind Energy Limited,2109.5,29364.0
2026-06-27,T_SGRWO-5,Seagreen Wind Energy Limited,1279.2,17807.0
2026-06-27,T_SGRWO-6,Seagreen Wind Energy Limited,5104.5,71054.0
2026-06-27,T_SOKYW-1,South Kyle Wind Farm Limited,4012.1,160484.0
2026-06-27,T_STLGW-1,Stronelairg Windfarm Limited,543.0,46511.0
2026-06-27,T_STLGW-2,Stronelairg Windfarm Limited,784.9,67239.0
2026-06-27,T_STLGW-3,Stronelairg Windfarm Limited,494.4,42352.0
2026-06-27,T_STRNW-1,Strathy Wind Farm Limited,245.6,20628.0
2026-06-27,T_TWSHW-1,Twentyshilling Limited,727.9,20498.0
2026-06-27,T_VKNGW-1,Viking Energy Wind Farm LLP,1042.4,15198.0
2026-06-27,T_VKNGW-2,Viking Energy Wind Farm LLP,945.8,13790.0
2026-06-27,T_VKNGW-3,Viking Energy Wind Farm LLP,797.8,11632.0
2026-06-27,T_VKNGW-4,Viking Energy Wind Farm LLP,761.5,11102.0
2026-06-27,T_WDRGW-1,Windy Rig Wind Farm Limited,909.4,26101.0
2026-06-27,T_WHILW-1,SP Renewables (UK) Limited,1176.6,106154.0
2026-06-27,T_WISTW-2,BROCKLOCH RIG WINDFARM LTD,615.1,53020.0
2026-06-28,2__PENEC001,Eneco Energy Trade,121.1,11749.0
2026-06-28,2__PSTAT001,Statkraft Markets Gmbh,292.9,26567.0
2026-06-28,C__PSTAT011,Statkraft Markets Gmbh,507.6,38069.0
2026-06-28,E_ABRTW-1,Npower Commercial Gas Limited,64.9,5905.0
2026-06-28,E_ASHWW-1,Statkraft Markets Gmbh,73.4,7183.0
2026-06-28,E_ASLVW-1,Npower Commercial Gas Limited,6.0,550.0
2026-06-28,E_BABAW-1,Statkraft Markets Gmbh,193.9,16302.0
2026-06-28,E_BLARW-1,Erova Energy Limited,27.2,754.0
2026-06-28,E_BNWKW-1,Eneco Energy Trade,138.2,12299.0
2026-06-28,E_BRDUW-1,Erova Energy Limited,151.9,14885.0
2026-06-28,E_BTUIW-2,SP Renewables (UK) Limited,106.5,9453.0
2026-06-28,E_BTUIW-3,SP Renewables (UK) Limited,637.3,6985.0
2026-06-28,E_CLDRW-1,Vattenfall Energy Trading,106.5,9795.0
2026-06-28,E_GRGRW-1,Evolve Energy Supply Limited,414.3,28998.0
2026-06-28,E_HRHLW-1,SP Renewables (UK) Limited,0.3,23.0
2026-06-28,E_MOYEW-1,Eneco Energy Trade,232.1,21356.0
2026-06-28,E_TULWW-1,Eneco Energy Trade,99.6,8865.0
2026-06-28,E_TULWW-2,Eneco Energy Trade,145.9,12989.0
2026-06-28,T_AKGLW-2,Aikengall 2 CWCL,5.2,455.0
2026-06-28,T_AKGLW-3,AIK2A Sustainable Energy Ltd,166.9,8330.0
2026-06-28,T_BDCHW-1,RWE Generation UK plc,0.2,19.0
2026-06-28,T_BEINW-1,Beinneun Wind Farm Ltd,106.2,10408.0
2026-06-28,T_BENBW-1,Benbrack Wind Farm Limited,29.6,0.0
2026-06-28,T_BHLAW-1,SSE Generation Ltd,1031.4,88379.0
2026-06-28,T_BLLA-2,SP Renewables (UK) Limited,449.5,36048.0
2026-06-28,T_BOWLW-1,Barrow Offshore Wind Limited,104.8,9567.0
2026-06-28,T_BROCW-1,Smartestenergy Limited,359.1,14007.0
2026-06-28,T_CGTHW-1,Corriegarth Wind Energy LTD,107.3,8657.0
2026-06-28,T_CLDCW-1,Clyde Windfarm (Scotland) Ltd,414.9,40927.0
2026-06-28,T_CLDNW-1,Clyde Windfarm (Scotland) Ltd,385.1,35721.0
2026-06-28,T_CLDSW-1,Clyde Windfarm (Scotland) Ltd,397.2,38227.0
2026-06-28,T_CRDEW-1,EDF Energy Customers Limited,270.9,14631.0
2026-06-28,T_CRDEW-2,EDF Energy Customers Limited,271.4,14654.0
2026-06-28,T_CREAW-1,Creag Riabhach Wind Farm Ltd,114.8,6659.0
2026-06-28,T_CRGHW-1,Statkraft Markets Gmbh,294.5,22680.0
2026-06-28,T_CRMLW-1,EDF Energy Customers Limited,592.3,50942.0
2026-06-28,T_CRYRW-2,Eneco Energy Trade,587.2,52967.0
2026-06-28,T_CUMHW-1,Uniper UK Limited,561.1,8506.0
2026-06-28,T_DALQW-1,Statkraft Markets Gmbh,458.5,27971.0
2026-06-28,T_DOREW-1,Dorenell Windfarm Limited,214.3,6463.0
2026-06-28,T_DOREW-2,Dorenell Windfarm Limited,191.1,5764.0
2026-06-28,T_DOUGW-1,Erova Energy Limited,305.4,9161.0
2026-06-28,T_DRSLW-1,SP Renewables (UK) Limited,354.1,28393.0
2026-06-28,T_DUNGW-1,Dunmaglass Wind Farm Limited,929.1,84521.0
2026-06-28,T_EDINW-1,Vattenfall Wind Power Ltd,481.5,52960.0
2026-06-28,T_EWHLW-1,SP Renewables (UK) Limited,346.4,27777.0
2026-06-28,T_FALGW-1,Fallago Rig Wind Farm Limited,13.5,1144.0
2026-06-28,T_FARR-1,Smartestenergy Limited,133.4,12275.0
2026-06-28,T_FARR-2,Smartestenergy Limited,93.3,8583.0
2026-06-28,T_GLNKW-1,EDF Energy Customers Limited,692.2,27964.0
2026-06-28,T_GLWSW-1,GALAWHISTLE WIND FARM,320.7,28574.0
2026-06-28,T_GORDW-1,SSE Generation Ltd,639.4,53707.0
2026-06-28,T_GORDW-2,SSE Generation Ltd,242.8,3732.0
2026-06-28,T_GRIFW-1,Griffin Wind Farm Ltd,471.3,42688.0
2026-06-28,T_GRIFW-2,Griffin Wind Farm Ltd,404.3,36615.0
2026-06-28,T_HAHAW-1,HAGSHAW HILL REPOWERING LTD,28.5,330.0
2026-06-28,T_HALSW-1,SP Renewables (UK) Limited,289.1,3272.0
2026-06-28,T_HOWBO-1,Breesea Limited,776.1,73447.0
2026-06-28,T_HOWBO-2,Sonningmay Wind Limited,886.8,84240.0
2026-06-28,T_HOWBO-3,Soundmark Wind Limited,1056.4,100202.0
2026-06-28,T_KENNW-1,Kennoxhead Wind Farm Limited,544.1,25238.0
2026-06-28,T_KILBW-1,Kilbraur Wind Energy Ltd,53.5,5081.0
2026-06-28,T_KLGLW-1,SP Renewables (UK) Limited,1570.6,125808.0
2026-06-28,T_KPMRW-1,OnPath Energy Limited,24.9,1306.0
2026-06-28,T_KYPEW-1,Kype Extension Wind Farm Ltd,783.4,22719.0
2026-06-28,T_LCLTW-1,Eneco Energy Trade,661.6,58882.0
2026-06-28,T_LIMKW-1,Limekiln Extension Ltd,1327.0,39809.0
2026-06-28,T_MIDMW-1,OnPath Energy Limited,17.1,900.0
2026-06-28,T_MKHLW-1,SP Renewables (UK) Limited,142.4,12635.0
2026-06-28,T_MOWEO-1,Moray Offshore Wind East Ltd,4051.0,113862.0
2026-06-28,T_MOWEO-2,Moray Offshore Wind East Ltd,3583.3,97034.0
2026-06-28,T_MOWEO-3,Moray Offshore Wind East Ltd,3913.2,109567.0
2026-06-28,T_MOWWO-1,Moray Offshore Wind West Ltd,3441.6,94949.0
2026-06-28,T_MOWWO-2,Moray Offshore Wind West Ltd,3303.2,91349.0
2026-06-28,T_MOWWO-3,Moray Offshore Wind West Ltd,2361.5,64129.0
2026-06-28,T_MOWWO-4,Moray Offshore Wind West Ltd,4211.7,154358.0
2026-06-28,T_MYGPW-1,Minnygap Energy Limited,149.6,11370.0
2026-06-28,T_NNGAO-1,Neart Na Gaoithe Offshore Wind,1233.6,101174.0
2026-06-28,T_NNGAO-2,Neart Na Gaoithe Offshore Wind,784.3,71104.0
2026-06-28,T_NOKYW-1,North Kyle Wind farm Ltd,88.3,1324.0
2026-06-28,T_NOKYW-2,North Kyle Wind farm Ltd,87.9,1317.0
2026-06-28,T_PNYCW-1,Pen y Cymoedd Wind Farm LTD,613.3,58875.0
2026-06-28,T_SAKNW-1,Sandy Knowe Wind Farm Ltd,820.4,32816.0
2026-06-28,T_SANQW-1,SANQUHAR CWCL,3.0,269.0
2026-06-28,T_SGRWO-1,Seagreen Wind Energy Limited,5248.2,73054.0
2026-06-28,T_SGRWO-2,Seagreen Wind Energy Limited,1443.4,20093.0
2026-06-28,T_SGRWO-3,Seagreen Wind Energy Limited,2429.8,33822.0
2026-06-28,T_SGRWO-4,Seagreen Wind Energy Limited,2471.9,34408.0
2026-06-28,T_SGRWO-5,Seagreen Wind Energy Limited,1396.6,19440.0
2026-06-28,T_SGRWO-6,Seagreen Wind Energy Limited,5942.5,82720.0
2026-06-28,T_SOKYW-1,South Kyle Wind Farm Limited,1637.5,65501.0
2026-06-28,T_STLGW-1,Stronelairg Windfarm Limited,890.7,76297.0
2026-06-28,T_STLGW-2,Stronelairg Windfarm Limited,1046.7,89660.0
2026-06-28,T_STLGW-3,Stronelairg Windfarm Limited,847.8,72624.0
2026-06-28,T_STRNW-1,Strathy Wind Farm Limited,529.0,44423.0
2026-06-28,T_TDBNW-1,SSE Generation Ltd,28.4,2665.0
2026-06-28,T_TKNEW-1,Triton Knoll Offshore Wind,62.9,10553.0
2026-06-28,T_TKNWW-1,Triton Knoll Offshore Wind,4.2,706.0
2026-06-28,T_TWSHW-1,Twentyshilling Limited,276.6,7789.0
2026-06-28,T_VKNGW-1,Viking Energy Wind Farm LLP,407.2,5938.0
2026-06-28,T_VKNGW-2,Viking Energy Wind Farm LLP,361.8,5275.0
2026-06-28,T_VKNGW-3,Viking Energy Wind Farm LLP,258.9,3775.0
2026-06-28,T_VKNGW-4,Viking Energy Wind Farm LLP,247.0,3602.0
2026-06-28,T_WDRGW-1,Windy Rig Wind Farm Limited,584.6,16779.0
2026-06-28,T_WHILW-1,SP Renewables (UK) Limited,2179.0,196586.0
2026-06-28,T_WISTW-2,BROCKLOCH RIG WINDFARM LTD,527.0,45431.0
2026-06-29,2__PSTAT001,Statkraft Markets Gmbh,1.0,94.0
2026-06-29,C__PSTAT011,Statkraft Markets Gmbh,425.6,31921.0
2026-06-29,E_BABAW-1,Statkraft Markets Gmbh,242.8,20419.0
2026-06-29,E_BTUIW-3,SP Renewables (UK) Limited,265.5,2910.0
2026-06-29,E_GRGRW-1,Evolve Energy Supply Limited,372.8,26095.0
2026-06-29,E_MOYEW-1,Eneco Energy Trade,98.5,9060.0
2026-06-29,T_BHLAW-1,SSE Generation Ltd,427.6,36641.0
2026-06-29,T_CGTHW-1,Corriegarth Wind Energy LTD,208.7,16839.0
2026-06-29,T_CRDEW-1,EDF Energy Customers Limited,20.2,1089.0
2026-06-29,T_CREAW-1,Creag Riabhach Wind Farm Ltd,35.0,2027.0
2026-06-29,T_CRGHW-1,Statkraft Markets Gmbh,13.4,1029.0
2026-06-29,T_CRMLW-1,EDF Energy Customers Limited,562.8,48402.0
2026-06-29,T_CUMHW-1,Uniper UK Limited,18.6,282.0
2026-06-29,T_DOREW-1,Dorenell Windfarm Limited,550.5,17477.0
2026-06-29,T_DOREW-2,Dorenell Windfarm Limited,1079.6,33894.0
2026-06-29,T_DUNGW-1,Dunmaglass Wind Farm Limited,638.6,58097.0
2026-06-29,T_EDINW-1,Vattenfall Wind Power Ltd,223.5,24587.0
2026-06-29,T_GLNKW-1,EDF Energy Customers Limited,687.3,27766.0
2026-06-29,T_GORDW-1,SSE Generation Ltd,679.4,57064.0
2026-06-29,T_GORDW-2,SSE Generation Ltd,399.0,6133.0
2026-06-29,T_GRIFW-1,Griffin Wind Farm Ltd,138.0,12496.0
2026-06-29,T_GRIFW-2,Griffin Wind Farm Ltd,188.9,17108.0
2026-06-29,T_HALSW-1,SP Renewables (UK) Limited,354.4,4012.0
2026-06-29,T_KPMRW-1,OnPath Energy Limited,15.3,0.0
2026-06-29,T_LCLTW-1,Eneco Energy Trade,448.4,39904.0
2026-06-29,T_LIMKW-1,Limekiln Extension Ltd,1183.3,35499.0
2026-06-29,T_MIDMW-1,OnPath Energy Limited,6.6,0.0
2026-06-29,T_MOWEO-1,Moray Offshore Wind East Ltd,3596.3,59310.0
2026-06-29,T_MOWEO-2,Moray Offshore Wind East Ltd,3206.7,53197.0
2026-06-29,T_MOWEO-3,Moray Offshore Wind East Ltd,3465.8,55759.0
2026-06-29,T_MOWWO-1,Moray Offshore Wind West Ltd,2764.6,66532.0
2026-06-29,T_MOWWO-2,Moray Offshore Wind West Ltd,2751.7,66354.0
2026-06-29,T_MOWWO-3,Moray Offshore Wind West Ltd,1939.6,46985.0
2026-06-29,T_MOWWO-4,Moray Offshore Wind West Ltd,3519.3,128981.0
2026-06-29,T_NNGAO-1,Neart Na Gaoithe Offshore Wind,2057.4,176933.0
2026-06-29,T_NNGAO-2,Neart Na Gaoithe Offshore Wind,1009.8,89057.0
2026-06-29,T_SGRWO-1,Seagreen Wind Energy Limited,3606.2,50198.0
2026-06-29,T_SGRWO-2,Seagreen Wind Energy Limited,1000.2,13923.0
2026-06-29,T_SGRWO-3,Seagreen Wind Energy Limited,1647.7,22935.0
2026-06-29,T_SGRWO-4,Seagreen Wind Energy Limited,1670.4,23251.0
2026-06-29,T_SGRWO-5,Seagreen Wind Energy Limited,930.7,12955.0
2026-06-29,T_SGRWO-6,Seagreen Wind Energy Limited,4156.2,57855.0
2026-06-29,T_SOKYW-1,South Kyle Wind Farm Limited,24.8,993.0
2026-06-29,T_STLGW-1,Stronelairg Windfarm Limited,809.9,69380.0
2026-06-29,T_STLGW-2,Stronelairg Windfarm Limited,909.3,77888.0
2026-06-29,T_STLGW-3,Stronelairg Windfarm Limited,782.1,66995.0
2026-06-29,T_STRNW-1,Strathy Wind Farm Limited,636.9,53490.0
2026-06-29,T_VKNGW-1,Viking Energy Wind Farm LLP,1735.4,25302.0
2026-06-29,T_VKNGW-2,Viking Energy Wind Farm LLP,1764.8,25730.0
2026-06-29,T_VKNGW-3,Viking Energy Wind Farm LLP,1687.4,24602.0
2026-06-29,T_VKNGW-4,Viking Energy Wind Farm LLP,1700.0,24786.0
2026-07-01,2__PSTAT001,Statkraft Markets Gmbh,40.8,3701.0
2026-07-01,C__PSTAT011,Statkraft Markets Gmbh,15.3,1149.0
2026-07-01,E_BABAW-1,Statkraft Markets Gmbh,61.8,5193.0
2026-07-01,E_BLARW-1,Erova Energy Limited,157.7,4374.0
2026-07-01,E_BTUIW-3,SP Renewables (UK) Limited,260.0,2854.0
2026-07-01,E_GRGRW-1,Evolve Energy Supply Limited,105.9,7411.0
2026-07-01,E_HRHLW-1,SP Renewables (UK) Limited,47.8,3861.0
2026-07-01,E_MOYEW-1,Eneco Energy Trade,31.4,2886.0
2026-07-01,E_TULWW-1,Eneco Energy Trade,16.8,1498.0
2026-07-01,E_TULWW-2,Eneco Energy Trade,23.9,2125.0
2026-07-01,T_BEATO-3,Beatrice Offshore Windfarm Ltd,3.6,464.0
2026-07-01,T_BEATO-4,Beatrice Offshore Windfarm Ltd,40.1,5192.0
2026-07-01,T_BEINW-1,Beinneun Wind Farm Ltd,77.6,7609.0
2026-07-01,T_BHLAW-1,SSE Generation Ltd,155.3,13307.0
2026-07-01,T_BLLA-2,SP Renewables (UK) Limited,158.2,12774.0
2026-07-01,T_BROCW-1,Smartestenergy Limited,124.1,4839.0
2026-07-01,T_CGTHW-1,Corriegarth Wind Energy LTD,275.0,22189.0
2026-07-01,T_CRDEW-1,EDF Energy Customers Limited,115.0,6212.0
2026-07-01,T_CRDEW-2,EDF Energy Customers Limited,115.0,6212.0
2026-07-01,T_CREAW-1,Creag Riabhach Wind Farm Ltd,144.4,8374.0
2026-07-01,T_CRYRW-2,Eneco Energy Trade,343.7,30999.0
2026-07-01,T_CRYRW-3,Eneco Energy Trade,29.7,3248.0
2026-07-01,T_CUMHW-1,Uniper UK Limited,214.0,3245.0
2026-07-01,T_DALQW-1,Statkraft Markets Gmbh,146.0,8909.0
2026-07-01,T_DOREW-1,Dorenell Windfarm Limited,22.9,824.0
2026-07-01,T_DOREW-2,Dorenell Windfarm Limited,407.9,10141.0
2026-07-01,T_DRSLW-1,SP Renewables (UK) Limited,91.0,7347.0
2026-07-01,T_DUNGW-1,Dunmaglass Wind Farm Limited,102.5,9328.0
2026-07-01,T_EDINW-1,Vattenfall Wind Power Ltd,81.3,8948.0
2026-07-01,T_EWHLW-1,SP Renewables (UK) Limited,114.3,9226.0
2026-07-01,T_FALGW-1,Fallago Rig Wind Farm Limited,52.7,4462.0
2026-07-01,T_FARR-1,Smartestenergy Limited,45.3,4172.0
2026-07-01,T_FARR-2,Smartestenergy Limited,20.2,1856.0
2026-07-01,T_GLNKW-1,EDF Energy Customers Limited,215.7,8713.0
2026-07-01,T_GORDW-1,SSE Generation Ltd,168.7,14173.0
2026-07-01,T_GORDW-2,SSE Generation Ltd,103.1,1584.0
2026-07-01,T_GRIFW-1,Griffin Wind Farm Ltd,43.9,3972.0
2026-07-01,T_GRIFW-2,Griffin Wind Farm Ltd,28.0,2540.0
2026-07-01,T_HALSW-1,SP Renewables (UK) Limited,105.4,1211.0
2026-07-01,T_KENNW-1,Kennoxhead Wind Farm Limited,246.5,7746.0
2026-07-01,T_KILBW-1,Kilbraur Wind Energy Ltd,15.2,1447.0
2026-07-01,T_KLGLW-1,SP Renewables (UK) Limited,626.0,50343.0
2026-07-01,T_KPMRW-1,OnPath Energy Limited,356.2,17370.0
2026-07-01,T_KYPEW-1,Kype Extension Wind Farm Ltd,268.0,7772.0
2026-07-01,T_LIMKW-1,Limekiln Extension Ltd,234.8,7043.0
2026-07-01,T_MIDMW-1,OnPath Energy Limited,250.7,11469.0
2026-07-01,T_MKHLW-1,SP Renewables (UK) Limited,43.8,3920.0
2026-07-01,T_MOWEO-1,Moray Offshore Wind East Ltd,1395.0,14928.0
2026-07-01,T_MOWEO-2,Moray Offshore Wind East Ltd,1171.7,12604.0
2026-07-01,T_MOWEO-3,Moray Offshore Wind East Ltd,1433.3,15198.0
2026-07-01,T_MOWWO-1,Moray Offshore Wind West Ltd,748.2,17797.0
2026-07-01,T_MOWWO-2,Moray Offshore Wind West Ltd,957.9,22721.0
2026-07-01,T_MOWWO-3,Moray Offshore Wind West Ltd,627.4,14833.0
2026-07-01,T_MOWWO-4,Moray Offshore Wind West Ltd,1181.4,43299.0
2026-07-01,T_NNGAO-1,Neart Na Gaoithe Offshore Wind,700.8,61090.0
2026-07-01,T_NNGAO-2,Neart Na Gaoithe Offshore Wind,644.9,57011.0
2026-07-01,T_NOKYW-1,North Kyle Wind farm Ltd,631.4,9464.0
2026-07-01,T_NOKYW-2,North Kyle Wind farm Ltd,634.1,9506.0
2026-07-01,T_SAKNW-1,Sandy Knowe Wind Farm Ltd,397.2,15888.0
2026-07-01,T_SGRWO-1,Seagreen Wind Energy Limited,1491.5,21179.0
2026-07-01,T_SGRWO-2,Seagreen Wind Energy Limited,437.3,6210.0
2026-07-01,T_SGRWO-3,Seagreen Wind Energy Limited,688.6,9778.0
2026-07-01,T_SGRWO-4,Seagreen Wind Energy Limited,666.6,9465.0
2026-07-01,T_SGRWO-5,Seagreen Wind Energy Limited,407.3,5784.0
2026-07-01,T_SGRWO-6,Seagreen Wind Energy Limited,1666.6,23665.0
2026-07-01,T_SOKYW-1,South Kyle Wind Farm Limited,985.1,39404.0
2026-07-01,T_STLGW-1,Stronelairg Windfarm Limited,315.5,27022.0
2026-07-01,T_STLGW-2,Stronelairg Windfarm Limited,265.2,22718.0
2026-07-01,T_STLGW-3,Stronelairg Windfarm Limited,266.9,22861.0
2026-07-01,T_STRNW-1,Strathy Wind Farm Limited,82.9,6964.0
2026-07-01,T_TWSHW-1,Twentyshilling Limited,230.8,6498.0
2026-07-01,T_VKNGW-1,Viking Energy Wind Farm LLP,94.1,1372.0
2026-07-01,T_VKNGW-2,Viking Energy Wind Farm LLP,85.3,1244.0
2026-07-01,T_VKNGW-3,Viking Energy Wind Farm LLP,66.7,973.0
2026-07-01,T_VKNGW-4,Viking Energy Wind Farm LLP,66.7,972.0
2026-07-01,T_WDRGW-1,Windy Rig Wind Farm Limited,244.3,7012.0
2026-07-01,T_WHILW-1,SP Renewables (UK) Limited,706.5,63786.0
2026-07-01,T_WHILW-2,SP Renewables (UK) Limited,266.6,23911.0
2026-07-01,T_WISTW-2,BROCKLOCH RIG WINDFARM LTD,20.1,1737.0
2026-07-02,2__PEDGE003,Edgware Energy Limited,176.4,18059.0
2026-07-02,2__PEDGE004,Edgware Energy Limited,95.2,9701.0
2026-07-02,2__PENEC001,Eneco Energy Trade,443.3,43000.0
2026-07-02,2__PENEC002,Eneco Energy Trade,80.9,10956.0
2026-07-02,2__PSMAE001,Smartestenergy Limited,24.0,2208.0
2026-07-02,2__PSTAT001,Statkraft Markets Gmbh,585.2,53080.0
2026-07-02,C__PSTAT011,Statkraft Markets Gmbh,891.7,66874.0
2026-07-02,E_ASHWW-1,Statkraft Markets Gmbh,16.0,1571.0
2026-07-02,E_BABAW-1,Statkraft Markets Gmbh,718.1,60384.0
2026-07-02,E_BETHW-1,SP Renewables (UK) Limited,230.0,20577.0
2026-07-02,E_BLARW-1,Erova Energy Limited,423.4,32435.0
2026-07-02,E_BNWKW-1,Eneco Energy Trade,348.6,31025.0
2026-07-02,E_BRDUW-1,Erova Energy Limited,529.8,51922.0
2026-07-02,E_BTUIW-2,SP Renewables (UK) Limited,43.4,3883.0
2026-07-02,E_BTUIW-3,SP Renewables (UK) Limited,985.1,10817.0
2026-07-02,E_CLDRW-1,Vattenfall Energy Trading,305.3,28091.0
2026-07-02,E_GRGRW-1,Evolve Energy Supply Limited,628.8,44015.0
2026-07-02,E_HLTWW-1,ScottishPower Energy Retail,348.7,35962.0
2026-07-02,E_MOYEW-1,Eneco Energy Trade,631.0,58056.0
2026-07-02,E_TULWW-1,Eneco Energy Trade,71.7,6378.0
2026-07-02,E_TULWW-2,Eneco Energy Trade,149.6,13319.0
2026-07-02,T_ARCHW-1,SP Renewables (UK) Limited,210.1,18734.0
2026-07-02,T_BEINW-1,Beinneun Wind Farm Ltd,223.5,21898.0
2026-07-02,T_BHLAW-1,SSE Generation Ltd,953.2,81679.0
2026-07-02,T_BLLA-1,SP Renewables (UK) Limited,99.0,8856.0
2026-07-02,T_BLLA-2,SP Renewables (UK) Limited,592.9,47868.0
2026-07-02,T_BROCW-1,Smartestenergy Limited,459.1,17905.0
2026-07-02,T_CGTHW-1,Corriegarth Wind Energy LTD,805.6,65015.0
2026-07-02,T_CLDCW-1,Clyde Windfarm (Scotland) Ltd,207.4,20453.0
2026-07-02,T_CLDNW-1,Clyde Windfarm (Scotland) Ltd,828.0,76795.0
2026-07-02,T_CRDEW-1,EDF Energy Customers Limited,339.1,18314.0
2026-07-02,T_CRDEW-2,EDF Energy Customers Limited,339.1,18314.0
2026-07-02,T_CREAW-1,Creag Riabhach Wind Farm Ltd,1074.3,62312.0
2026-07-02,T_CRGHW-1,Statkraft Markets Gmbh,640.9,49350.0
2026-07-02,T_CRMLW-1,EDF Energy Customers Limited,835.9,71888.0
2026-07-02,T_CUMHW-1,Uniper UK Limited,672.9,10201.0
2026-07-02,T_DALQW-1,Statkraft Markets Gmbh,542.9,33118.0
2026-07-02,T_DNLWW-1,SP Renewables (UK) Limited,21.9,1961.0
2026-07-02,T_DOREW-1,Dorenell Windfarm Limited,729.4,59009.0
2026-07-02,T_DOREW-2,Dorenell Windfarm Limited,1359.3,109270.0
2026-07-02,T_DOUGW-1,Erova Energy Limited,126.5,3794.0
2026-07-02,T_DRSLW-1,SP Renewables (UK) Limited,367.4,29660.0
2026-07-02,T_DUNGW-1,Dunmaglass Wind Farm Limited,1345.6,122409.0
2026-07-02,T_EDINW-1,Vattenfall Wind Power Ltd,264.1,29053.0
2026-07-02,T_EWHLW-1,SP Renewables (UK) Limited,274.0,22121.0
2026-07-02,T_FALGW-1,Fallago Rig Wind Farm Limited,2784.7,235562.0
2026-07-02,T_FARR-1,Smartestenergy Limited,192.9,17742.0
2026-07-02,T_FARR-2,Smartestenergy Limited,69.5,6390.0
2026-07-02,T_GLNKW-1,EDF Energy Customers Limited,960.8,38818.0
2026-07-02,T_GLWSW-1,GALAWHISTLE WIND FARM,219.6,19564.0
2026-07-02,T_GORDW-1,SSE Generation Ltd,1070.8,89938.0
2026-07-02,T_GORDW-2,SSE Generation Ltd,578.9,8897.0
2026-07-02,T_GRIFW-1,Griffin Wind Farm Ltd,1152.8,104411.0
2026-07-02,T_GRIFW-2,Griffin Wind Farm Ltd,1189.0,107683.0
2026-07-02,T_HALSW-1,SP Renewables (UK) Limited,518.3,5956.0
2026-07-02,T_HRSTW-1,SP Renewables (UK) Limited,81.7,7319.0
2026-07-02,T_KENNW-1,Kennoxhead Wind Farm Limited,781.9,32249.0
2026-07-02,T_KILBW-1,Kilbraur Wind Energy Ltd,526.6,50024.0
2026-07-02,T_KLGLW-1,SP Renewables (UK) Limited,1370.1,110182.0
2026-07-02,T_KPMRW-1,OnPath Energy Limited,221.5,21802.0
2026-07-02,T_KYPEW-1,Kype Extension Wind Farm Ltd,613.2,17781.0
2026-07-02,T_LCLTW-1,Eneco Energy Trade,997.8,88804.0
2026-07-02,T_LIMKW-1,Limekiln Extension Ltd,2093.3,62800.0
2026-07-02,T_MIDMW-1,OnPath Energy Limited,40.3,3188.0
2026-07-02,T_MKHLW-1,SP Renewables (UK) Limited,181.0,16193.0
2026-07-02,T_MOWEO-1,Moray Offshore Wind East Ltd,5847.0,411522.0
2026-07-02,T_MOWEO-2,Moray Offshore Wind East Ltd,5300.6,378943.0
2026-07-02,T_MOWEO-3,Moray Offshore Wind East Ltd,5462.9,387126.0
2026-07-02,T_MOWWO-1,Moray Offshore Wind West Ltd,4171.5,127230.0
2026-07-02,T_MOWWO-2,Moray Offshore Wind West Ltd,4335.5,131599.0
2026-07-02,T_MOWWO-3,Moray Offshore Wind West Ltd,2931.3,89384.0
2026-07-02,T_MOWWO-4,Moray Offshore Wind West Ltd,5902.0,216307.0
2026-07-02,T_MYGPW-1,Minnygap Energy Limited,176.3,13396.0
2026-07-02,T_NNGAO-1,Neart Na Gaoithe Offshore Wind,4813.7,652465.0
2026-07-02,T_NNGAO-2,Neart Na Gaoithe Offshore Wind,1080.4,86416.0
2026-07-02,T_NOKYW-1,North Kyle Wind farm Ltd,1268.7,19018.0
2026-07-02,T_NOKYW-2,North Kyle Wind farm Ltd,1324.3,19852.0
2026-07-02,T_SAKNW-1,Sandy Knowe Wind Farm Ltd,983.1,39323.0
2026-07-02,T_SGRWO-1,Seagreen Wind Energy Limited,5246.4,74499.0
2026-07-02,T_SGRWO-2,Seagreen Wind Energy Limited,1514.1,21500.0
2026-07-02,T_SGRWO-3,Seagreen Wind Energy Limited,2569.3,36485.0
2026-07-02,T_SGRWO-4,Seagreen Wind Energy Limited,2351.5,33391.0
2026-07-02,T_SGRWO-5,Seagreen Wind Energy Limited,1519.5,21577.0
2026-07-02,T_SGRWO-6,Seagreen Wind Energy Limited,6861.5,97434.0
2026-07-02,T_SOKYW-1,South Kyle Wind Farm Limited,2002.2,80088.0
2026-07-02,T_STLGW-1,Stronelairg Windfarm Limited,1281.9,109805.0
2026-07-02,T_STLGW-2,Stronelairg Windfarm Limited,1578.6,135226.0
2026-07-02,T_STLGW-3,Stronelairg Windfarm Limited,1355.3,116099.0
2026-07-02,T_STRNW-1,Strathy Wind Farm Limited,615.9,51725.0
2026-07-02,T_TDBNW-1,SSE Generation Ltd,47.2,4421.0
2026-07-02,T_TWSHW-1,Twentyshilling Limited,469.7,13227.0
2026-07-02,T_VKNGW-1,Viking Energy Wind Farm LLP,1336.6,19488.0
2026-07-02,T_VKNGW-2,Viking Energy Wind Farm LLP,1324.4,19310.0
2026-07-02,T_VKNGW-3,Viking Energy Wind Farm LLP,1276.7,18614.0
2026-07-02,T_VKNGW-4,Viking Energy Wind Farm LLP,1269.1,18504.0
2026-07-02,T_WDRGW-1,Windy Rig Wind Farm Limited,481.0,13804.0
2026-07-02,T_WHILW-1,SP Renewables (UK) Limited,1903.5,171864.0
2026-07-02,T_WHILW-2,SP Renewables (UK) Limited,226.2,20288.0
2026-07-02,T_WISTW-2,BROCKLOCH RIG WINDFARM LTD,346.3,29851.0
2026-07-03,C__PSTAT011,Statkraft Markets Gmbh,192.4,14430.0
2026-07-03,E_BLARW-1,Erova Energy Limited,6.6,183.0
2026-07-03,E_BTUIW-3,SP Renewables (UK) Limited,90.6,994.0
2026-07-03,E_GRGRW-1,Evolve Energy Supply Limited,130.4,9128.0
2026-07-03,T_BROCW-1,Smartestenergy Limited,79.4,3096.0
2026-07-03,T_CRDEW-1,EDF Energy Customers Limited,31.8,1719.0
2026-07-03,T_CRDEW-2,EDF Energy Customers Limited,31.8,1719.0
2026-07-03,T_CREAW-1,Creag Riabhach Wind Farm Ltd,671.4,38942.0
2026-07-03,T_CRGHW-1,Statkraft Markets Gmbh,51.4,3960.0
2026-07-03,T_CUMHW-1,Uniper UK Limited,222.3,3371.0
2026-07-03,T_DALQW-1,Statkraft Markets Gmbh,95.9,5852.0
2026-07-03,T_DOREW-1,Dorenell Windfarm Limited,377.7,12743.0
2026-07-03,T_DOREW-2,Dorenell Windfarm Limited,858.4,29255.0
2026-07-03,T_DOUGW-1,Erova Energy Limited,74.9,2248.0
2026-07-03,T_EDINW-1,Vattenfall Wind Power Ltd,57.0,6269.0
2026-07-03,T_FALGW-1,Fallago Rig Wind Farm Limited,311.3,26332.0
2026-07-03,T_GLNKW-1,EDF Energy Customers Limited,333.2,13462.0
2026-07-03,T_GORDW-1,SSE Generation Ltd,134.9,11326.0
2026-07-03,T_GORDW-2,SSE Generation Ltd,330.5,5079.0
2026-07-03,T_HALSW-1,SP Renewables (UK) Limited,248.8,2859.0
2026-07-03,T_KENNW-1,Kennoxhead Wind Farm Limited,209.2,6572.0
2026-07-03,T_KLGLW-1,SP Renewables (UK) Limited,30.5,2449.0
2026-07-03,T_KPMRW-1,OnPath Energy Limited,237.0,13059.0
2026-07-03,T_KYPEW-1,Kype Extension Wind Farm Ltd,13.0,377.0
2026-07-03,T_LIMKW-1,Limekiln Extension Ltd,666.4,19993.0
2026-07-03,T_MIDMW-1,OnPath Energy Limited,34.6,1840.0
2026-07-03,T_MOWEO-1,Moray Offshore Wind East Ltd,2902.3,60023.0
2026-07-03,T_MOWEO-2,Moray Offshore Wind East Ltd,2249.5,45743.0
2026-07-03,T_MOWEO-3,Moray Offshore Wind East Ltd,2563.5,52809.0
2026-07-03,T_MOWWO-1,Moray Offshore Wind West Ltd,2224.0,55146.0
2026-07-03,T_MOWWO-2,Moray Offshore Wind West Ltd,2463.6,62793.0
2026-07-03,T_MOWWO-3,Moray Offshore Wind West Ltd,1028.8,26496.0
2026-07-03,T_MOWWO-4,Moray Offshore Wind West Ltd,1707.7,62587.0
2026-07-03,T_NNGAO-1,Neart Na Gaoithe Offshore Wind,2517.4,234147.0
2026-07-03,T_NNGAO-2,Neart Na Gaoithe Offshore Wind,1744.8,173581.0
2026-07-03,T_NOKYW-1,North Kyle Wind farm Ltd,163.3,2448.0
2026-07-03,T_NOKYW-2,North Kyle Wind farm Ltd,125.9,1888.0
2026-07-03,T_SAKNW-1,Sandy Knowe Wind Farm Ltd,22.7,907.0
2026-07-03,T_SGRWO-1,Seagreen Wind Energy Limited,4053.8,57563.0
2026-07-03,T_SGRWO-2,Seagreen Wind Energy Limited,1211.8,17208.0
2026-07-03,T_SGRWO-3,Seagreen Wind Energy Limited,1790.1,25419.0
2026-07-03,T_SGRWO-4,Seagreen Wind Energy Limited,1662.2,23603.0
2026-07-03,T_SGRWO-5,Seagreen Wind Energy Limited,1062.4,15085.0
2026-07-03,T_SGRWO-6,Seagreen Wind Energy Limited,5053.1,71753.0
2026-07-03,T_SOKYW-1,South Kyle Wind Farm Limited,189.9,7597.0
2026-07-03,T_STLGW-1,Stronelairg Windfarm Limited,162.8,13943.0
2026-07-03,T_STLGW-2,Stronelairg Windfarm Limited,61.6,5277.0
2026-07-03,T_STLGW-3,Stronelairg Windfarm Limited,19.5,1670.0
2026-07-03,T_STRNW-1,Strathy Wind Farm Limited,83.3,6998.0
2026-07-03,T_VKNGW-1,Viking Energy Wind Farm LLP,1754.6,25582.0
2026-07-03,T_VKNGW-2,Viking Energy Wind Farm LLP,1823.1,26580.0
2026-07-03,T_VKNGW-3,Viking Energy Wind Farm LLP,1505.5,21950.0
2026-07-03,T_VKNGW-4,Viking Energy Wind Farm LLP,1457.7,21253.0
2026-07-03,T_WDRGW-1,Windy Rig Wind Farm Limited,36.9,1058.0
2026-07-04,C__PSTAT011,Statkraft Markets Gmbh,54.0,4047.0
2026-07-04,E_BLARW-1,Erova Energy Limited,38.8,1075.0
2026-07-04,E_BTUIW-3,SP Renewables (UK) Limited,427.3,4692.0
2026-07-04,T_BROCW-1,Smartestenergy Limited,22.5,879.0
2026-07-04,T_CLDCW-1,Clyde Windfarm (Scotland) Ltd,91.1,8962.0
2026-07-04,T_CLDNW-1,Clyde Windfarm (Scotland) Ltd,93.2,8628.0
2026-07-04,T_CRDEW-1,EDF Energy Customers Limited,51.6,2785.0
2026-07-04,T_CRDEW-2,EDF Energy Customers Limited,51.6,2785.0
2026-07-04,T_CUMHW-1,Uniper UK Limited,133.2,2019.0
2026-07-04,T_DALQW-1,Statkraft Markets Gmbh,59.1,3606.0
2026-07-04,T_DOREW-1,Dorenell Windfarm Limited,87.1,1580.0
2026-07-04,T_DOREW-2,Dorenell Windfarm Limited,67.7,1200.0
2026-07-04,T_DOUGW-1,Erova Energy Limited,105.4,3162.0
2026-07-04,T_GLNKW-1,EDF Energy Customers Limited,63.9,2582.0
2026-07-04,T_GORDW-1,SSE Generation Ltd,41.5,3487.0
2026-07-04,T_GORDW-2,SSE Generation Ltd,85.6,1310.0
2026-07-04,T_HAHAW-1,HAGSHAW HILL REPOWERING LTD,118.6,1418.0
2026-07-04,T_HALSW-1,SP Renewables (UK) Limited,215.9,2481.0
2026-07-04,T_HOWBO-1,Breesea Limited,48.1,4077.0
2026-07-04,T_HOWBO-2,Sonningmay Wind Limited,40.1,3534.0
2026-07-04,T_HOWBO-3,Soundmark Wind Limited,44.7,4004.0
2026-07-04,T_KYPEW-1,Kype Extension Wind Farm Ltd,302.0,8758.0
2026-07-04,T_LIMKW-1,Limekiln Extension Ltd,304.3,9129.0
2026-07-04,T_MOWEO-1,Moray Offshore Wind East Ltd,563.2,5367.0
2026-07-04,T_MOWEO-2,Moray Offshore Wind East Ltd,556.2,5467.0
2026-07-04,T_MOWEO-3,Moray Offshore Wind East Ltd,539.5,5276.0
2026-07-04,T_MOWWO-1,Moray Offshore Wind West Ltd,1207.7,36279.0
2026-07-04,T_MOWWO-2,Moray Offshore Wind West Ltd,2027.9,64180.0
2026-07-04,T_MOWWO-3,Moray Offshore Wind West Ltd,906.8,27996.0
2026-07-04,T_MOWWO-4,Moray Offshore Wind West Ltd,1215.4,44545.0
2026-07-04,T_NNGAO-1,Neart Na Gaoithe Offshore Wind,2483.8,356067.0
2026-07-04,T_NNGAO-2,Neart Na Gaoithe Offshore Wind,719.0,97744.0
2026-07-04,T_NOKYW-1,North Kyle Wind farm Ltd,779.6,11687.0
2026-07-04,T_NOKYW-2,North Kyle Wind farm Ltd,769.8,11539.0
2026-07-04,T_SGRWO-1,Seagreen Wind Energy Limited,3594.7,51045.0
2026-07-04,T_SGRWO-2,Seagreen Wind Energy Limited,1139.7,16183.0
2026-07-04,T_SGRWO-3,Seagreen Wind Energy Limited,1669.1,23701.0
2026-07-04,T_SGRWO-4,Seagreen Wind Energy Limited,1636.9,23244.0
2026-07-04,T_SGRWO-5,Seagreen Wind Energy Limited,869.7,12350.0
2026-07-04,T_SGRWO-6,Seagreen Wind Energy Limited,4442.0,63077.0
2026-07-04,T_STLGW-1,Stronelairg Windfarm Limited,42.4,3632.0
2026-07-04,T_STLGW-2,Stronelairg Windfarm Limited,54.2,4641.0
2026-07-04,T_STLGW-3,Stronelairg Windfarm Limited,37.9,3244.0
2026-07-04,T_STRNW-1,Strathy Wind Farm Limited,32.6,2737.0
2026-07-04,T_TWSHW-1,Twentyshilling Limited,102.2,2877.0
2026-07-04,T_VKNGW-1,Viking Energy Wind Farm LLP,976.8,14231.0
2026-07-04,T_VKNGW-2,Viking Energy Wind Farm LLP,1093.7,15936.0
2026-07-04,T_VKNGW-3,Viking Energy Wind Farm LLP,888.9,12951.0
2026-07-04,T_VKNGW-4,Viking Energy Wind Farm LLP,883.7,12875.0
2026-07-04,T_WDRGW-1,Windy Rig Wind Farm Limited,157.2,4512.0
2026-07-04,T_WHILW-1,SP Renewables (UK) Limited,131.8,11901.0
2026-07-05,C__PSTAT011,Statkraft Markets Gmbh,93.0,6975.0
2026-07-05,E_BTUIW-3,SP Renewables (UK) Limited,333.5,3662.0
2026-07-05,E_GRGRW-1,Evolve Energy Supply Limited,92.5,6475.0
2026-07-05,E_HRHLW-1,SP Renewables (UK) Limited,41.8,3375.0
2026-07-05,T_AFTOW-1,Afton Wind Farm Limited,59.1,5023.0
2026-07-05,T_BENBW-1,Benbrack Wind Farm Limited,137.7,448.0
2026-07-05,T_BLLA-2,SP Renewables (UK) Limited,75.2,6072.0
2026-07-05,T_CGTHW-1,Corriegarth Wind Energy LTD,97.7,7883.0
2026-07-05,T_CLDCW-1,Clyde Windfarm (Scotland) Ltd,24.4,2404.0
2026-07-05,T_CLDNW-1,Clyde Windfarm (Scotland) Ltd,26.4,2449.0
2026-07-05,T_CRDEW-1,EDF Energy Customers Limited,55.9,3017.0
2026-07-05,T_CRDEW-2,EDF Energy Customers Limited,55.9,3017.0
2026-07-05,T_CRGHW-1,Statkraft Markets Gmbh,105.9,8152.0
2026-07-05,T_CUMHW-1,Uniper UK Limited,216.3,3278.0
2026-07-05,T_DALQW-1,Statkraft Markets Gmbh,106.5,6496.0
2026-07-05,T_DOREW-1,Dorenell Windfarm Limited,375.5,5073.0
2026-07-05,T_DOREW-2,Dorenell Windfarm Limited,297.8,4012.0
2026-07-05,T_DOUGW-1,Erova Energy Limited,114.2,3428.0
2026-07-05,T_DRSLW-1,SP Renewables (UK) Limited,66.5,5367.0
2026-07-05,T_EWHLW-1,SP Renewables (UK) Limited,37.5,3030.0
2026-07-05,T_FALGW-1,Fallago Rig Wind Farm Limited,89.7,7588.0
2026-07-05,T_GLNKW-1,EDF Energy Customers Limited,149.4,6036.0
2026-07-05,T_GNAPW-1,SP Renewables (UK) Limited,8.0,648.0
2026-07-05,T_GORDW-1,SSE Generation Ltd,15.8,1323.0
2026-07-05,T_GORDW-2,SSE Generation Ltd,5.0,77.0
2026-07-05,T_HAHAW-1,HAGSHAW HILL REPOWERING LTD,70.2,840.0
2026-07-05,T_HALSW-1,SP Renewables (UK) Limited,4.3,49.0
2026-07-05,T_HOWBO-2,Sonningmay Wind Limited,167.0,5511.0
2026-07-05,T_HOWBO-3,Soundmark Wind Limited,171.6,5636.0
2026-07-05,T_KENNW-1,Kennoxhead Wind Farm Limited,220.9,6941.0
2026-07-05,T_KLGLW-1,SP Renewables (UK) Limited,206.3,16589.0
2026-07-05,T_KPMRW-1,OnPath Energy Limited,288.9,11174.0
2026-07-05,T_KYPEW-1,Kype Extension Wind Farm Ltd,231.1,6700.0
2026-07-05,T_LIMKW-1,Limekiln Extension Ltd,17.1,514.0
2026-07-05,T_MIDMW-1,OnPath Energy Limited,123.8,4792.0
2026-07-05,T_MOWEO-1,Moray Offshore Wind East Ltd,282.8,1407.0
2026-07-05,T_MOWEO-2,Moray Offshore Wind East Ltd,242.2,1181.0
2026-07-05,T_MOWEO-3,Moray Offshore Wind East Ltd,298.4,1380.0
2026-07-05,T_MOWWO-1,Moray Offshore Wind West Ltd,154.0,3459.0
2026-07-05,T_MOWWO-2,Moray Offshore Wind West Ltd,242.4,5467.0
2026-07-05,T_MOWWO-3,Moray Offshore Wind West Ltd,75.6,1698.0
2026-07-05,T_MOWWO-4,Moray Offshore Wind West Ltd,129.2,4735.0
2026-07-05,T_MYGPW-1,Minnygap Energy Limited,21.4,1628.0
2026-07-05,T_NNGAO-1,Neart Na Gaoithe Offshore Wind,854.4,66642.0
2026-07-05,T_NNGAO-2,Neart Na Gaoithe Offshore Wind,1119.8,80229.0
2026-07-05,T_NOKYW-1,North Kyle Wind farm Ltd,550.7,8254.0
2026-07-05,T_NOKYW-2,North Kyle Wind farm Ltd,551.1,8261.0
2026-07-05,T_PNYCW-1,Pen y Cymoedd Wind Farm LTD,10.7,1026.0
2026-07-05,T_SAKNW-1,Sandy Knowe Wind Farm Ltd,218.8,8751.0
2026-07-05,T_SGRWO-1,Seagreen Wind Energy Limited,1699.3,24130.0
2026-07-05,T_SGRWO-2,Seagreen Wind Energy Limited,417.5,5929.0
2026-07-05,T_SGRWO-3,Seagreen Wind Energy Limited,763.8,10845.0
2026-07-05,T_SGRWO-4,Seagreen Wind Energy Limited,696.3,9888.0
2026-07-05,T_SGRWO-5,Seagreen Wind Energy Limited,414.6,5887.0
2026-07-05,T_SGRWO-6,Seagreen Wind Energy Limited,2206.9,31338.0
2026-07-05,T_SOKYW-1,South Kyle Wind Farm Limited,299.2,11970.0
2026-07-05,T_STLGW-1,Stronelairg Windfarm Limited,106.5,9115.0
2026-07-05,T_TWSHW-1,Twentyshilling Limited,183.1,5156.0
2026-07-05,T_VKNGW-1,Viking Energy Wind Farm LLP,119.5,1741.0
2026-07-05,T_VKNGW-2,Viking Energy Wind Farm LLP,132.5,1931.0
2026-07-05,T_VKNGW-3,Viking Energy Wind Farm LLP,93.6,1364.0
2026-07-05,T_VKNGW-4,Viking Energy Wind Farm LLP,83.1,1210.0
2026-07-05,T_WDRGW-1,Windy Rig Wind Farm Limited,259.4,7445.0
2026-07-05,T_WHILW-1,SP Renewables (UK) Limited,36.7,3311.0
2026-07-06,C__PSTAT011,Statkraft Markets Gmbh,343.8,25785.0
2026-07-06,E_BTUIW-3,SP Renewables (UK) Limited,483.4,5308.0
2026-07-06,E_GRGRW-1,Evolve Energy Supply Limited,174.2,12191.0
2026-07-06,E_HRHLW-1,SP Renewables (UK) Limited,30.5,2464.0
2026-07-06,T_AKGLW-2,Aikengall 2 CWCL,301.3,26212.0
2026-07-06,T_AKGLW-3,AIK2A Sustainable Energy Ltd,591.9,29535.0
2026-07-06,T_BENBW-1,Benbrack Wind Farm Limited,141.5,1.0
2026-07-06,T_BHLAW-1,SSE Generation Ltd,246.3,21083.0
2026-07-06,T_BLLA-2,SP Renewables (UK) Limited,56.6,4566.0
2026-07-06,T_CGTHW-1,Corriegarth Wind Energy LTD,386.7,31206.0
2026-07-06,T_CRDEW-1,EDF Energy Customers Limited,46.2,2497.0
2026-07-06,T_CRDEW-2,EDF Energy Customers Limited,45.1,2434.0
2026-07-06,T_CREAW-1,Creag Riabhach Wind Farm Ltd,473.8,27481.0
2026-07-06,T_CRGHW-1,Statkraft Markets Gmbh,173.3,13342.0
2026-07-06,T_CRYRW-2,Eneco Energy Trade,214.6,19361.0
2026-07-06,T_CUMHW-1,Uniper UK Limited,383.9,5819.0
2026-07-06,T_DALQW-1,Statkraft Markets Gmbh,85.0,5183.0
2026-07-06,T_DOREW-1,Dorenell Windfarm Limited,941.6,19503.0
2026-07-06,T_DOREW-2,Dorenell Windfarm Limited,778.5,17730.0
2026-07-06,T_DOUGW-1,Erova Energy Limited,209.5,6286.0
2026-07-06,T_DRSLW-1,SP Renewables (UK) Limited,42.1,3396.0
2026-07-06,T_EDINW-1,Vattenfall Wind Power Ltd,6.2,677.0
2026-07-06,T_EWHLW-1,SP Renewables (UK) Limited,24.9,2014.0
2026-07-06,T_FALGW-1,Fallago Rig Wind Farm Limited,623.5,52743.0
2026-07-06,T_GLNKW-1,EDF Energy Customers Limited,587.9,23750.0
2026-07-06,T_GNAPW-1,SP Renewables (UK) Limited,3.8,310.0
2026-07-06,T_GORDW-1,SSE Generation Ltd,318.1,26714.0
2026-07-06,T_GORDW-2,SSE Generation Ltd,226.6,3466.0
2026-07-06,T_HAHAW-1,HAGSHAW HILL REPOWERING LTD,88.3,1056.0
2026-07-06,T_HOWBO-1,Breesea Limited,240.3,13897.0
2026-07-06,T_KENNW-1,Kennoxhead Wind Farm Limited,404.3,13007.0
2026-07-06,T_KLGLW-1,SP Renewables (UK) Limited,110.3,8872.0
2026-07-06,T_KPMRW-1,OnPath Energy Limited,466.3,19029.0
2026-07-06,T_KYPEW-1,Kype Extension Wind Farm Ltd,368.4,10683.0
2026-07-06,T_LCLTW-1,Eneco Energy Trade,29.7,2647.0
2026-07-06,T_LIMKW-1,Limekiln Extension Ltd,662.2,19865.0
2026-07-06,T_MIDMW-1,OnPath Energy Limited,57.2,3565.0
2026-07-06,T_MOWEO-1,Moray Offshore Wind East Ltd,3611.9,118533.0
2026-07-06,T_MOWEO-2,Moray Offshore Wind East Ltd,2502.9,79310.0
2026-07-06,T_MOWEO-3,Moray Offshore Wind East Ltd,2677.5,73850.0
2026-07-06,T_MOWWO-1,Moray Offshore Wind West Ltd,3647.4,94447.0
2026-07-06,T_MOWWO-2,Moray Offshore Wind West Ltd,3712.0,96431.0
2026-07-06,T_MOWWO-3,Moray Offshore Wind West Ltd,2258.9,58750.0
2026-07-06,T_MOWWO-4,Moray Offshore Wind West Ltd,3431.5,125765.0
2026-07-06,T_MYGPW-1,Minnygap Energy Limited,15.9,1212.0
2026-07-06,T_NNGAO-1,Neart Na Gaoithe Offshore Wind,3595.1,357951.0
2026-07-06,T_NNGAO-2,Neart Na Gaoithe Offshore Wind,1815.9,150085.0
2026-07-06,T_NOKYW-1,North Kyle Wind farm Ltd,246.6,3697.0
2026-07-06,T_NOKYW-2,North Kyle Wind farm Ltd,247.6,3712.0
2026-07-06,T_RMPNO-1,Rampion Offshore Windfarm Ltd,13.1,2294.0
2026-07-06,T_SAKNW-1,Sandy Knowe Wind Farm Ltd,219.4,8777.0
2026-07-06,T_SGRWO-1,Seagreen Wind Energy Limited,5965.9,84715.0
2026-07-06,T_SGRWO-2,Seagreen Wind Energy Limited,1647.8,23399.0
2026-07-06,T_SGRWO-3,Seagreen Wind Energy Limited,2844.4,40390.0
2026-07-06,T_SGRWO-4,Seagreen Wind Energy Limited,2735.3,38841.0
2026-07-06,T_SGRWO-5,Seagreen Wind Energy Limited,1617.3,22965.0
2026-07-06,T_SGRWO-6,Seagreen Wind Energy Limited,7381.9,104823.0
2026-07-06,T_SOKYW-1,South Kyle Wind Farm Limited,421.1,16843.0
2026-07-06,T_STLGW-1,Stronelairg Windfarm Limited,237.4,20319.0
2026-07-06,T_STLGW-2,Stronelairg Windfarm Limited,388.3,33229.0
2026-07-06,T_STLGW-3,Stronelairg Windfarm Limited,339.7,29069.0
2026-07-06,T_STRNW-1,Strathy Wind Farm Limited,114.8,9636.0
2026-07-06,T_TWSHW-1,Twentyshilling Limited,166.0,4675.0
2026-07-06,T_WDRGW-1,Windy Rig Wind Farm Limited,193.6,5556.0
2026-07-07,C__PSTAT011,Statkraft Markets Gmbh,94.2,7062.0
2026-07-07,E_BLARW-1,Erova Energy Limited,123.3,3419.0
2026-07-07,E_BRDUW-1,Erova Energy Limited,0.3,27.0
2026-07-07,E_BTUIW-3,SP Renewables (UK) Limited,363.1,3987.0
2026-07-07,E_CLDRW-1,Vattenfall Energy Trading,21.2,1946.0
2026-07-07,E_GRGRW-1,Evolve Energy Supply Limited,76.2,5337.0
2026-07-07,T_BHLAW-1,SSE Generation Ltd,23.8,2034.0
2026-07-07,T_BLLA-2,SP Renewables (UK) Limited,21.9,1767.0
2026-07-07,T_CLDCW-1,Clyde Windfarm (Scotland) Ltd,126.9,12484.0
2026-07-07,T_CLDNW-1,Clyde Windfarm (Scotland) Ltd,304.6,28208.0
2026-07-07,T_CREAW-1,Creag Riabhach Wind Farm Ltd,7.3,425.0
2026-07-07,T_CUMHW-1,Uniper UK Limited,332.5,5040.0
2026-07-07,T_DALQW-1,Statkraft Markets Gmbh,96.8,5904.0
2026-07-07,T_DOREW-1,Dorenell Windfarm Limited,654.3,17866.0
2026-07-07,T_DOREW-2,Dorenell Windfarm Limited,440.2,12143.0
2026-07-07,T_DOUGW-1,Erova Energy Limited,181.6,5447.0
2026-07-07,T_DRSLW-1,SP Renewables (UK) Limited,33.0,2666.0
2026-07-07,T_DUNGW-1,Dunmaglass Wind Farm Limited,117.8,10684.0
2026-07-07,T_EWHLW-1,SP Renewables (UK) Limited,15.2,1230.0
2026-07-07,T_FARR-1,Smartestenergy Limited,41.7,3838.0
2026-07-07,T_FARR-2,Smartestenergy Limited,34.8,3198.0
2026-07-07,T_GLNKW-1,EDF Energy Customers Limited,254.5,10281.0
2026-07-07,T_GORDW-2,SSE Generation Ltd,50.7,776.0
2026-07-07,T_HOWBO-1,Breesea Limited,87.9,1622.0
2026-07-07,T_HOWBO-2,Sonningmay Wind Limited,473.6,9692.0
2026-07-07,T_HOWBO-3,Soundmark Wind Limited,479.3,9327.0
2026-07-07,T_KENNW-1,Kennoxhead Wind Farm Limited,333.7,10486.0
2026-07-07,T_KILBW-1,Kilbraur Wind Energy Ltd,0.2,19.0
2026-07-07,T_KPMRW-1,OnPath Energy Limited,261.4,15551.0
2026-07-07,T_KYPEW-1,Kype Extension Wind Farm Ltd,331.2,9603.0
2026-07-07,T_LIMKW-1,Limekiln Extension Ltd,142.6,4279.0
2026-07-07,T_MOWEO-1,Moray Offshore Wind East Ltd,527.6,11567.0
2026-07-07,T_MOWEO-2,Moray Offshore Wind East Ltd,399.2,8628.0
2026-07-07,T_MOWEO-3,Moray Offshore Wind East Ltd,571.3,12064.0
2026-07-07,T_MOWWO-1,Moray Offshore Wind West Ltd,429.8,10857.0
2026-07-07,T_MOWWO-2,Moray Offshore Wind West Ltd,632.2,16079.0
2026-07-07,T_MOWWO-3,Moray Offshore Wind West Ltd,157.5,4036.0
2026-07-07,T_MOWWO-4,Moray Offshore Wind West Ltd,331.0,12131.0
2026-07-07,T_NNGAO-1,Neart Na Gaoithe Offshore Wind,2554.5,235235.0
2026-07-07,T_NNGAO-2,Neart Na Gaoithe Offshore Wind,838.3,73050.0
2026-07-07,T_NOKYW-1,North Kyle Wind farm Ltd,465.1,6971.0
2026-07-07,T_NOKYW-2,North Kyle Wind farm Ltd,487.9,7314.0
2026-07-07,T_SAKNW-1,Sandy Knowe Wind Farm Ltd,372.2,14887.0
2026-07-07,T_SGRWO-1,Seagreen Wind Energy Limited,1900.0,27741.0
2026-07-07,T_SGRWO-2,Seagreen Wind Energy Limited,483.8,7063.0
2026-07-07,T_SGRWO-3,Seagreen Wind Energy Limited,1020.7,14902.0
2026-07-07,T_SGRWO-4,Seagreen Wind Energy Limited,723.7,10566.0
2026-07-07,T_SGRWO-5,Seagreen Wind Energy Limited,540.9,7897.0
2026-07-07,T_SGRWO-6,Seagreen Wind Energy Limited,2361.3,34474.0
2026-07-07,T_SOKYW-1,South Kyle Wind Farm Limited,714.1,28565.0
2026-07-07,T_STLGW-1,Stronelairg Windfarm Limited,141.9,12143.0
2026-07-07,T_STLGW-2,Stronelairg Windfarm Limited,148.3,12688.0
2026-07-07,T_STLGW-3,Stronelairg Windfarm Limited,83.5,7147.0
2026-07-07,T_STRNW-1,Strathy Wind Farm Limited,9.5,797.0
2026-07-07,T_TWSHW-1,Twentyshilling Limited,159.3,4487.0
2026-07-07,T_VKNGW-1,Viking Energy Wind Farm LLP,85.6,1247.0
2026-07-07,T_VKNGW-2,Viking Energy Wind Farm LLP,86.2,1256.0
2026-07-07,T_VKNGW-3,Viking Energy Wind Farm LLP,66.8,974.0
2026-07-07,T_VKNGW-4,Viking Energy Wind Farm LLP,69.9,1019.0
2026-07-07,T_WDRGW-1,Windy Rig Wind Farm Limited,278.3,7987.0
2026-07-07,T_WHILW-1,SP Renewables (UK) Limited,181.6,16400.0
2026-07-07,T_WHILW-2,SP Renewables (UK) Limited,74.0,6641.0
2026-07-08,E_BTUIW-3,SP Renewables (UK) Limited,41.0,450.0
2026-07-08,T_GORDW-2,SSE Generation Ltd,2.9,44.0
2026-07-08,T_HALSW-1,SP Renewables (UK) Limited,0.7,8.0
2026-07-08,T_MOWEO-1,Moray Offshore Wind East Ltd,260.8,2082.0
2026-07-08,T_MOWEO-2,Moray Offshore Wind East Ltd,176.4,1264.0
2026-07-08,T_MOWEO-3,Moray Offshore Wind East Ltd,304.1,3444.0
2026-07-08,T_SGRWO-1,Seagreen Wind Energy Limited,180.0,2628.0
2026-07-08,T_SGRWO-2,Seagreen Wind Energy Limited,32.5,475.0
2026-07-08,T_SGRWO-3,Seagreen Wind Energy Limited,22.5,328.0
2026-07-08,T_SGRWO-4,Seagreen Wind Energy Limited,19.0,278.0
2026-07-08,T_SGRWO-5,Seagreen Wind Energy Limited,31.2,456.0
2026-07-08,T_SGRWO-6,Seagreen Wind Energy Limited,173.2,2529.0
2026-07-08,T_VKNGW-1,Viking Energy Wind Farm LLP,109.0,1588.0
2026-07-08,T_VKNGW-2,Viking Energy Wind Farm LLP,125.8,1833.0
2026-07-08,T_VKNGW-3,Viking Energy Wind Farm LLP,95.4,1390.0
2026-07-08,T_VKNGW-4,Viking Energy Wind Farm LLP,72.6,1057.0
2026-07-09,T_SGRWO-1,Seagreen Wind Energy Limited,7.1,104.0
2026-07-09,T_SGRWO-6,Seagreen Wind Energy Limited,8.6,126.0
2026-07-09,T_VKNGW-1,Viking Energy Wind Farm LLP,43.4,632.0
2026-07-09,T_VKNGW-2,Viking Energy Wind Farm LLP,62.7,914.0
2026-07-09,T_VKNGW-3,Viking Energy Wind Farm LLP,50.9,742.0
2026-07-09,T_VKNGW-4,Viking Energy Wind Farm LLP,26.5,386.0
2026-07-10,T_SGRWO-1,Seagreen Wind Energy Limited,14.0,204.0
2026-07-10,T_SGRWO-4,Seagreen Wind Energy Limited,18.9,276.0
2026-07-10,T_SGRWO-6,Seagreen Wind Energy Limited,37.2,543.0
2026-07-11,T_SGRWO-1,Seagreen Wind Energy Limited,227.6,3323.0
2026-07-11,T_SGRWO-2,Seagreen Wind Energy Limited,24.9,364.0
2026-07-11,T_SGRWO-4,Seagreen Wind Energy Limited,75.6,1103.0
2026-07-12,E_GRGRW-1,Evolve Energy Supply Limited,10.8,757.0
2026-07-12,T_BOWLW-1,Barrow Offshore Wind Limited,98.5,8996.0
2026-07-12,T_EAAO-1,East Anglia One Limited,215.4,32952.0
2026-07-12,T_EAAO-2,East Anglia One Limited,221.5,33973.0
2026-07-12,T_GANW-11,Galloper Offshore WindFarm Ltd,81.2,13870.0
2026-07-12,T_GANW-13,Galloper Offshore WindFarm Ltd,105.3,17988.0
2026-07-12,T_GANW-22,Galloper Offshore WindFarm Ltd,78.2,13355.0
2026-07-12,T_GANW-24,Galloper Offshore WindFarm Ltd,115.9,19796.0
2026-07-12,T_GNFSW-1,Gunfleet Sands Limited,170.9,24428.0
2026-07-12,T_GNFSW-2,Gunfleet Sands II Limited,177.0,25300.0
2026-07-12,T_GRGBW-1,Greater Gabbard Offshore Winds,236.5,40004.0
2026-07-12,T_GRGBW-2,Greater Gabbard Offshore Winds,274.7,46454.0
2026-07-12,T_GRGBW-3,Greater Gabbard Offshore Winds,221.7,37496.0
2026-07-12,T_GYMR-26,Gwynt y Mor Offshore Wind Farm,64.3,11615.0
2026-07-12,T_GYMR-28,Gwynt y Mor Offshore Wind Farm,71.4,12899.0
2026-07-12,T_HOWBO-1,Breesea Limited,1459.7,97430.0
2026-07-12,T_HOWBO-2,Sonningmay Wind Limited,1680.3,125135.0
2026-07-12,T_HOWBO-3,Soundmark Wind Limited,1123.4,85402.0
2026-07-12,T_HRSTW-1,SP Renewables (UK) Limited,15.8,1416.0
2026-07-12,T_MOWWO-1,Moray Offshore Wind West Ltd,6.4,189.0
2026-07-12,T_MOWWO-2,Moray Offshore Wind West Ltd,12.6,370.0
2026-07-12,T_MOWWO-3,Moray Offshore Wind West Ltd,3.5,103.0
2026-07-12,T_MOWWO-4,Moray Offshore Wind West Ltd,9.0,331.0
2026-07-12,T_OMNDW-1,Ormonde Energy Ltd,44.6,7980.0
2026-07-12,T_PNYCW-1,Pen y Cymoedd Wind Farm LTD,692.7,66502.0
2026-07-12,T_RCBKO-1,Race Bank Wind Farm Ltd,189.4,32205.0
2026-07-12,T_RCBKO-2,Race Bank Wind Farm Ltd,198.7,33778.0
2026-07-12,T_RRWW-1,RWE Renewables UK Robin Rigg,98.3,14512.0
2026-07-12,T_TKNEW-1,Triton Knoll Offshore Wind,652.6,93338.0
2026-07-12,T_TKNWW-1,Triton Knoll Offshore Wind,539.6,76864.0
2026-07-12,T_WHILW-1,SP Renewables (UK) Limited,40.2,3626.0
2026-07-12,T_WTMSO-1,Westermost Rough Limited,143.8,26442.0
2026-07-13,T_HOWBO-2,Sonningmay Wind Limited,691.1,19689.0
2026-07-13,T_HOWBO-3,Soundmark Wind Limited,884.0,25097.0
2026-07-13,T_LARYW-1,London Array Limited,22.5,4045.0
2026-07-13,T_LARYW-2,London Array Limited,48.8,8766.0
2026-07-14,T_GRGBW-2,Greater Gabbard Offshore Winds,87.3,14762.0
2026-07-14,T_HOWBO-1,Breesea Limited,48.3,492.0
2026-07-14,T_HOWBO-2,Sonningmay Wind Limited,29.3,299.0
2026-07-14,T_HOWBO-3,Soundmark Wind Limited,266.6,2732.0
2026-07-17,T_DOREW-1,Dorenell Windfarm Limited,126.4,319.0
2026-07-17,T_DOREW-2,Dorenell Windfarm Limited,162.3,736.0
2026-07-17,T_GORDW-2,SSE Generation Ltd,25.9,396.0
2026-07-17,T_HALSW-1,SP Renewables (UK) Limited,175.2,2014.0
2026-07-17,T_LIMKW-1,Limekiln Extension Ltd,64.6,1939.0
2026-07-17,T_MOWEO-1,Moray Offshore Wind East Ltd,1005.9,1647.0
2026-07-17,T_MOWEO-2,Moray Offshore Wind East Ltd,886.4,1699.0
2026-07-17,T_MOWEO-3,Moray Offshore Wind East Ltd,1095.7,1853.0
2026-07-17,T_MOWWO-1,Moray Offshore Wind West Ltd,174.2,3982.0
2026-07-17,T_MOWWO-2,Moray Offshore Wind West Ltd,124.8,2904.0
2026-07-17,T_MOWWO-3,Moray Offshore Wind West Ltd,78.0,1795.0
2026-07-17,T_SGRWO-1,Seagreen Wind Energy Limited,2587.7,37056.0
2026-07-17,T_SGRWO-2,Seagreen Wind Energy Limited,697.8,9993.0
2026-07-17,T_SGRWO-3,Seagreen Wind Energy Limited,1321.3,18920.0
2026-07-17,T_SGRWO-4,Seagreen Wind Energy Limited,1469.6,21045.0
2026-07-17,T_SGRWO-5,Seagreen Wind Energy Limited,820.4,11749.0
2026-07-17,T_SGRWO-6,Seagreen Wind Energy Limited,4789.9,68592.0
2026-07-18,T_DOREW-1,Dorenell Windfarm Limited,0.5,1.0
2026-07-18,T_DOREW-2,Dorenell Windfarm Limited,15.0,37.0
2026-07-18,T_GORDW-2,SSE Generation Ltd,143.6,2186.0
2026-07-18,T_HALSW-1,SP Renewables (UK) Limited,78.4,901.0
2026-07-18,T_MOWEO-1,Moray Offshore Wind East Ltd,986.0,1913.0
2026-07-18,T_MOWEO-2,Moray Offshore Wind East Ltd,214.0,0.0
2026-07-18,T_MOWEO-3,Moray Offshore Wind East Ltd,169.1,0.0
2026-07-18,T_MOWWO-1,Moray Offshore Wind West Ltd,409.5,10383.0
2026-07-18,T_MOWWO-2,Moray Offshore Wind West Ltd,796.0,17190.0
2026-07-18,T_MOWWO-3,Moray Offshore Wind West Ltd,498.1,10289.0
2026-07-18,T_MOWWO-4,Moray Offshore Wind West Ltd,475.5,17427.0
2026-07-18,T_SGRWO-1,Seagreen Wind Energy Limited,1966.3,28158.0
2026-07-18,T_SGRWO-2,Seagreen Wind Energy Limited,438.6,6281.0
2026-07-18,T_SGRWO-3,Seagreen Wind Energy Limited,891.6,12767.0
2026-07-18,T_SGRWO-4,Seagreen Wind Energy Limited,819.2,11731.0
2026-07-18,T_SGRWO-5,Seagreen Wind Energy Limited,410.3,5876.0
2026-07-18,T_SGRWO-6,Seagreen Wind Energy Limited,2181.3,31236.0
2026-07-19,T_GORDW-2,SSE Generation Ltd,14.0,214.0
2026-07-19,T_HALSW-1,SP Renewables (UK) Limited,26.0,298.0
2026-07-19,T_HOWBO-1,Breesea Limited,1712.6,87083.0
2026-07-19,T_HOWBO-2,Sonningmay Wind Limited,2070.3,114230.0
2026-07-19,T_HOWBO-3,Soundmark Wind Limited,1580.4,80775.0
2026-07-19,T_LIMKW-1,Limekiln Extension Ltd,106.1,3183.0
2026-07-19,T_MOWEO-2,Moray Offshore Wind East Ltd,5.9,369.0
2026-07-19,T_SGRWO-1,Seagreen Wind Energy Limited,1542.9,22095.0
2026-07-19,T_SGRWO-2,Seagreen Wind Energy Limited,52.2,748.0
2026-07-19,T_SGRWO-3,Seagreen Wind Energy Limited,208.6,2987.0
2026-07-19,T_SGRWO-4,Seagreen Wind Energy Limited,390.8,5596.0
2026-07-19,T_SGRWO-5,Seagreen Wind Energy Limited,59.8,856.0
2026-07-19,T_SGRWO-6,Seagreen Wind Energy Limited,445.7,6382.0
2026-07-19,T_TKNEW-1,Triton Knoll Offshore Wind,0.4,55.0
2026-07-19,T_TKNWW-1,Triton Knoll Offshore Wind,406.7,53368.0
2026-07-21,T_DOREW-1,Dorenell Windfarm Limited,13.3,260.0
2026-07-21,T_DOREW-2,Dorenell Windfarm Limited,11.5,225.0
2026-07-21,T_GORDW-2,SSE Generation Ltd,215.1,3274.0
2026-07-21,T_HALSW-1,SP Renewables (UK) Limited,169.3,1946.0
2026-07-21,T_MOWEO-1,Moray Offshore Wind East Ltd,1569.5,1846.0
2026-07-21,T_MOWEO-2,Moray Offshore Wind East Ltd,1789.0,1492.0
2026-07-21,T_MOWEO-3,Moray Offshore Wind East Ltd,1992.8,1992.0
2026-07-21,T_MOWWO-1,Moray Offshore Wind West Ltd,1037.9,17612.0
2026-07-21,T_MOWWO-2,Moray Offshore Wind West Ltd,586.7,9726.0
2026-07-21,T_MOWWO-3,Moray Offshore Wind West Ltd,368.8,6231.0
2026-07-21,T_MOWWO-4,Moray Offshore Wind West Ltd,133.2,4883.0
2026-07-21,T_SGRWO-1,Seagreen Wind Energy Limited,16.4,228.0
2026-07-22,T_HALSW-1,SP Renewables (UK) Limited,0.4,4.0
2026-07-22,T_MOWEO-1,Moray Offshore Wind East Ltd,0.1,0.0
2026-07-22,T_MOWEO-2,Moray Offshore Wind East Ltd,15.9,0.0
2026-07-22,T_MOWEO-3,Moray Offshore Wind East Ltd,30.4,0.0
2026-07-22,T_SGRWO-1,Seagreen Wind Energy Limited,12.3,172.0
2026-07-23,E_BTUIW-3,SP Renewables (UK) Limited,116.8,1282.0
2026-07-23,T_DOREW-2,Dorenell Windfarm Limited,5.7,0.0
2026-07-23,T_GORDW-2,SSE Generation Ltd,105.5,1605.0
2026-07-23,T_HALSW-1,SP Renewables (UK) Limited,78.0,896.0
2026-07-23,T_LARYW-1,London Array Limited,16.8,3011.0
2026-07-23,T_LARYW-2,London Array Limited,15.2,2728.0
2026-07-23,T_LARYW-3,London Array Limited,16.5,2957.0
2026-07-23,T_LARYW-4,London Array Limited,19.7,3546.0
2026-07-23,T_MOWEO-1,Moray Offshore Wind East Ltd,1366.0,0.0
2026-07-23,T_MOWEO-2,Moray Offshore Wind East Ltd,1239.2,0.0
2026-07-23,T_MOWEO-3,Moray Offshore Wind East Ltd,1217.3,0.0
2026-07-23,T_MOWWO-1,Moray Offshore Wind West Ltd,471.6,6138.0
2026-07-23,T_MOWWO-2,Moray Offshore Wind West Ltd,495.5,6510.0
2026-07-23,T_MOWWO-3,Moray Offshore Wind West Ltd,255.5,3281.0
2026-07-23,T_MOWWO-4,Moray Offshore Wind West Ltd,271.9,9967.0
2026-07-23,T_NNGAO-2,Neart Na Gaoithe Offshore Wind,370.6,11909.0
2026-07-23,T_SGRWO-1,Seagreen Wind Energy Limited,986.0,13724.0
2026-07-23,T_SGRWO-2,Seagreen Wind Energy Limited,261.5,3640.0
2026-07-23,T_SGRWO-3,Seagreen Wind Energy Limited,463.3,6449.0
2026-07-23,T_SGRWO-4,Seagreen Wind Energy Limited,359.2,5001.0
2026-07-23,T_SGRWO-5,Seagreen Wind Energy Limited,215.4,2999.0
2026-07-23,T_SGRWO-6,Seagreen Wind Energy Limited,1178.7,16408.0
2026-07-24,C__PSTAT011,Statkraft Markets Gmbh,180.7,13555.0
2026-07-24,E_BABAW-1,Statkraft Markets Gmbh,0.1,11.0
2026-07-24,E_BLARW-1,Erova Energy Limited,91.3,2531.0
2026-07-24,E_BTUIW-3,SP Renewables (UK) Limited,743.7,8165.0
2026-07-24,E_GRGRW-1,Evolve Energy Supply Limited,38.9,2723.0
2026-07-24,T_BDCHW-1,RWE Generation UK plc,23.4,1052.0
2026-07-24,T_BEATO-1,Beatrice Offshore Windfarm Ltd,610.4,41177.0
2026-07-24,T_BEATO-2,Beatrice Offshore Windfarm Ltd,604.8,40947.0
2026-07-24,T_BEATO-3,Beatrice Offshore Windfarm Ltd,364.8,26451.0
2026-07-24,T_BEATO-4,Beatrice Offshore Windfarm Ltd,374.9,23646.0
2026-07-24,T_CREAW-1,Creag Riabhach Wind Farm Ltd,1247.2,72337.0
2026-07-24,T_CRMLW-1,EDF Energy Customers Limited,0.3,30.0
2026-07-24,T_EDINW-1,Vattenfall Wind Power Ltd,128.7,14158.0
2026-07-24,T_GLNKW-1,EDF Energy Customers Limited,664.8,26860.0
2026-07-24,T_GORDW-1,SSE Generation Ltd,433.4,36366.0
2026-07-24,T_GORDW-2,SSE Generation Ltd,436.8,6648.0
2026-07-24,T_HALSW-1,SP Renewables (UK) Limited,381.0,4378.0
2026-07-24,T_LCLTW-1,Eneco Energy Trade,57.7,5135.0
2026-07-24,T_LIMKW-1,Limekiln Extension Ltd,640.4,19211.0
2026-07-24,T_MOWEO-1,Moray Offshore Wind East Ltd,4468.6,30754.0
2026-07-24,T_MOWEO-2,Moray Offshore Wind East Ltd,4026.1,29644.0
2026-07-24,T_MOWEO-3,Moray Offshore Wind East Ltd,1581.0,5999.0
2026-07-24,T_MOWWO-1,Moray Offshore Wind West Ltd,3512.1,67957.0
2026-07-24,T_MOWWO-2,Moray Offshore Wind West Ltd,2424.1,46097.0
2026-07-24,T_MOWWO-3,Moray Offshore Wind West Ltd,2478.7,48397.0
2026-07-24,T_MOWWO-4,Moray Offshore Wind West Ltd,4076.2,149394.0
2026-07-24,T_NNGAO-1,Neart Na Gaoithe Offshore Wind,1012.3,70854.0
2026-07-24,T_NNGAO-2,Neart Na Gaoithe Offshore Wind,2418.7,153051.0
2026-07-24,T_SGRWO-1,Seagreen Wind Energy Limited,983.3,13687.0
2026-07-24,T_SGRWO-2,Seagreen Wind Energy Limited,290.5,4043.0
2026-07-24,T_SGRWO-3,Seagreen Wind Energy Limited,2381.1,33145.0
2026-07-24,T_SGRWO-4,Seagreen Wind Energy Limited,2010.5,27986.0
2026-07-24,T_SGRWO-5,Seagreen Wind Energy Limited,1206.8,16798.0
2026-07-24,T_SGRWO-6,Seagreen Wind Energy Limited,5717.8,79592.0
2026-07-24,T_STLGW-1,Stronelairg Windfarm Limited,62.7,5363.0
2026-07-24,T_STRNW-1,Strathy Wind Farm Limited,193.3,16214.0
2026-07-25,C__PSTAT011,Statkraft Markets Gmbh,614.3,46074.0
2026-07-25,E_BABAW-1,Statkraft Markets Gmbh,731.2,61487.0
2026-07-25,E_BETHW-1,SP Renewables (UK) Limited,70.3,6291.0
2026-07-25,E_BLARW-1,Erova Energy Limited,46.9,2994.0
2026-07-25,E_BTUIW-2,SP Renewables (UK) Limited,75.3,6737.0
2026-07-25,E_BTUIW-3,SP Renewables (UK) Limited,450.9,4951.0
2026-07-25,E_DALSW-1,Mobius Renewables Gen. (GB),19.8,1912.0
2026-07-25,E_GRGRW-1,Evolve Energy Supply Limited,521.3,36491.0
2026-07-25,E_HRHLW-1,SP Renewables (UK) Limited,255.3,20616.0
2026-07-25,E_TULWW-1,Eneco Energy Trade,66.3,5904.0
2026-07-25,E_TULWW-2,Eneco Energy Trade,140.6,12511.0
2026-07-25,T_ARCHW-1,SP Renewables (UK) Limited,415.8,37074.0
2026-07-25,T_BDCHW-1,RWE Generation UK plc,165.0,13495.0
2026-07-25,T_BEATO-1,Beatrice Offshore Windfarm Ltd,402.5,41861.0
2026-07-25,T_BEATO-2,Beatrice Offshore Windfarm Ltd,512.4,54022.0
2026-07-25,T_BEATO-3,Beatrice Offshore Windfarm Ltd,829.1,90263.0
2026-07-25,T_BEATO-4,Beatrice Offshore Windfarm Ltd,792.5,85595.0
2026-07-25,T_BENBW-1,Benbrack Wind Farm Limited,325.2,5397.0
2026-07-25,T_BHLAW-1,SSE Generation Ltd,1200.3,102622.0
2026-07-25,T_BLLA-1,SP Renewables (UK) Limited,550.0,49202.0
2026-07-25,T_BLLA-2,SP Renewables (UK) Limited,474.4,38306.0
2026-07-25,T_BROCW-1,Smartestenergy Limited,388.5,15150.0
2026-07-25,T_CLDCW-1,Clyde Windfarm (Scotland) Ltd,247.5,24330.0
2026-07-25,T_CLDNW-1,Clyde Windfarm (Scotland) Ltd,0.8,72.0
2026-07-25,T_CRDEW-1,EDF Energy Customers Limited,171.0,9236.0
2026-07-25,T_CRDEW-2,EDF Energy Customers Limited,171.0,9236.0
2026-07-25,T_CREAW-1,Creag Riabhach Wind Farm Ltd,720.9,41812.0
2026-07-25,T_CRMLW-1,EDF Energy Customers Limited,730.1,62060.0
2026-07-25,T_CUMHW-1,Uniper UK Limited,240.1,3641.0
2026-07-25,T_DALQW-1,Statkraft Markets Gmbh,561.5,39870.0
2026-07-25,T_DNLWW-1,SP Renewables (UK) Limited,114.6,10251.0
2026-07-25,T_DOREW-1,Dorenell Windfarm Limited,35.2,0.0
2026-07-25,T_DOREW-2,Dorenell Windfarm Limited,30.5,0.0
2026-07-25,T_DOUGW-1,Erova Energy Limited,477.6,14327.0
2026-07-25,T_DUNGW-1,Dunmaglass Wind Farm Limited,108.1,9799.0
2026-07-25,T_EDINW-1,Vattenfall Wind Power Ltd,147.4,16216.0
2026-07-25,T_EWHLW-1,SP Renewables (UK) Limited,137.1,11069.0
2026-07-25,T_GLNKW-1,EDF Energy Customers Limited,810.8,32756.0
2026-07-25,T_GLWSW-1,GALAWHISTLE WIND FARM,430.8,38387.0
2026-07-25,T_GNAPW-1,SP Renewables (UK) Limited,38.0,3067.0
2026-07-25,T_GORDW-1,SSE Generation Ltd,868.7,72867.0
2026-07-25,T_GORDW-2,SSE Generation Ltd,376.5,5723.0
2026-07-25,T_GRIFW-1,Griffin Wind Farm Ltd,188.1,17014.0
2026-07-25,T_GRIFW-2,Griffin Wind Farm Ltd,200.4,18122.0
2026-07-25,T_HAHAW-1,HAGSHAW HILL REPOWERING LTD,216.2,2585.0
2026-07-25,T_HALSW-1,SP Renewables (UK) Limited,488.7,5615.0
2026-07-25,T_HOWAO-2,Hornsea 1 Limited,10.8,2210.0
2026-07-25,T_HOWAO-3,Hornsea 1 Limited,5.5,1135.0
2026-07-25,T_KENNW-1,Kennoxhead Wind Farm Limited,514.4,17942.0
2026-07-25,T_KLGLW-1,SP Renewables (UK) Limited,1937.8,155839.0
2026-07-25,T_KPMRW-1,OnPath Energy Limited,658.5,36452.0
2026-07-25,T_KYPEW-1,Kype Extension Wind Farm Ltd,878.4,30745.0
2026-07-25,T_LARYW-1,London Array Limited,9.5,1712.0
2026-07-25,T_LCLTW-1,Eneco Energy Trade,750.3,66780.0
2026-07-25,T_LIMKW-1,Limekiln Extension Ltd,1261.5,37844.0
2026-07-25,T_MIDMW-1,OnPath Energy Limited,280.2,16502.0
2026-07-25,T_MKHLW-1,SP Renewables (UK) Limited,103.9,9292.0
2026-07-25,T_MOWEO-1,Moray Offshore Wind East Ltd,2988.0,110261.0
2026-07-25,T_MOWEO-2,Moray Offshore Wind East Ltd,2974.2,110091.0
2026-07-25,T_MOWWO-1,Moray Offshore Wind West Ltd,3248.6,95971.0
2026-07-25,T_MOWWO-2,Moray Offshore Wind West Ltd,2568.5,73315.0
2026-07-25,T_MOWWO-3,Moray Offshore Wind West Ltd,2637.9,76615.0
2026-07-25,T_MOWWO-4,Moray Offshore Wind West Ltd,3752.6,137531.0
2026-07-25,T_MYGPW-1,Minnygap Energy Limited,38.0,2891.0
2026-07-25,T_NNGAO-1,Neart Na Gaoithe Offshore Wind,1669.9,137741.0
2026-07-25,T_NNGAO-2,Neart Na Gaoithe Offshore Wind,2082.4,214537.0
2026-07-25,T_SAKNW-1,Sandy Knowe Wind Farm Ltd,557.1,22283.0
2026-07-25,T_SGRWO-3,Seagreen Wind Energy Limited,1843.3,25658.0
2026-07-25,T_SGRWO-4,Seagreen Wind Energy Limited,1630.6,22698.0
2026-07-25,T_SGRWO-5,Seagreen Wind Energy Limited,907.1,12627.0
2026-07-25,T_SGRWO-6,Seagreen Wind Energy Limited,4274.4,59500.0
2026-07-25,T_STLGW-1,Stronelairg Windfarm Limited,1006.6,86031.0
2026-07-25,T_STLGW-2,Stronelairg Windfarm Limited,1216.3,103955.0
2026-07-25,T_STLGW-3,Stronelairg Windfarm Limited,1036.1,88553.0
2026-07-25,T_STRNW-1,Strathy Wind Farm Limited,887.3,74418.0
2026-07-25,T_TWSHW-1,Twentyshilling Limited,437.6,12323.0
2026-07-25,T_WDRGW-1,Windy Rig Wind Farm Limited,692.4,19871.0
2026-07-25,T_WHILW-1,SP Renewables (UK) Limited,2104.7,190038.0
2026-07-25,T_WHILW-2,SP Renewables (UK) Limited,896.8,80437.0
2026-07-25,T_WISTW-2,BROCKLOCH RIG WINDFARM LTD,599.0,51630.0
2026-07-26,E_BLARW-1,Erova Energy Limited,100.3,3617.0
2026-07-26,E_BTUIW-2,SP Renewables (UK) Limited,20.9,1870.0
2026-07-26,E_BTUIW-3,SP Renewables (UK) Limited,429.1,4712.0
2026-07-26,T_ARCHW-1,SP Renewables (UK) Limited,46.2,4115.0
2026-07-26,T_BENBW-1,Benbrack Wind Farm Limited,199.7,3529.0
2026-07-26,T_BHLAW-1,SSE Generation Ltd,10.7,918.0
2026-07-26,T_BLLA-2,SP Renewables (UK) Limited,16.5,1331.0
2026-07-26,T_BROCW-1,Smartestenergy Limited,27.2,1061.0
2026-07-26,T_CLDCW-1,Clyde Windfarm (Scotland) Ltd,55.2,5428.0
2026-07-26,T_CLDNW-1,Clyde Windfarm (Scotland) Ltd,101.6,9396.0
2026-07-26,T_CLDSW-1,Clyde Windfarm (Scotland) Ltd,58.3,5598.0
2026-07-26,T_CUMHW-1,Uniper UK Limited,263.5,3995.0
2026-07-26,T_DOUGW-1,Erova Energy Limited,31.4,943.0
2026-07-26,T_EAAO-1,East Anglia One Limited,10.1,1220.0
2026-07-26,T_EWHLW-1,SP Renewables (UK) Limited,47.1,3807.0
2026-07-26,T_GLWSW-1,GALAWHISTLE WIND FARM,35.4,3157.0
2026-07-26,T_GORDW-2,SSE Generation Ltd,8.1,123.0
2026-07-26,T_HALSW-1,SP Renewables (UK) Limited,16.5,189.0
2026-07-26,T_HOWBO-1,Breesea Limited,2158.6,60972.0
2026-07-26,T_HOWBO-2,Sonningmay Wind Limited,2346.2,74014.0
2026-07-26,T_HOWBO-3,Soundmark Wind Limited,2219.6,67946.0
2026-07-26,T_HRSTW-1,SP Renewables (UK) Limited,66.8,5982.0
2026-07-26,T_KENNW-1,Kennoxhead Wind Farm Limited,272.3,9381.0
2026-07-26,T_KLGLW-1,SP Renewables (UK) Limited,738.8,59414.0
2026-07-26,T_KPMRW-1,OnPath Energy Limited,126.6,9545.0
2026-07-26,T_KYPEW-1,Kype Extension Wind Farm Ltd,328.9,11512.0
2026-07-26,T_LCLTW-1,Eneco Energy Trade,49.3,4391.0
2026-07-26,T_LIMKW-1,Limekiln Extension Ltd,96.0,2880.0
2026-07-26,T_MKHLW-1,SP Renewables (UK) Limited,29.3,2619.0
2026-07-26,T_MOWEO-1,Moray Offshore Wind East Ltd,798.1,7218.0
2026-07-26,T_MOWEO-2,Moray Offshore Wind East Ltd,784.8,7155.0
2026-07-26,T_MOWWO-1,Moray Offshore Wind West Ltd,273.8,5660.0
2026-07-26,T_MOWWO-2,Moray Offshore Wind West Ltd,250.4,5256.0
2026-07-26,T_MOWWO-3,Moray Offshore Wind West Ltd,74.3,1864.0
2026-07-26,T_MOWWO-4,Moray Offshore Wind West Ltd,60.4,2214.0
2026-07-26,T_SAKNW-1,Sandy Knowe Wind Farm Ltd,541.2,21647.0
2026-07-26,T_SGRWO-6,Seagreen Wind Energy Limited,285.2,3971.0
2026-07-26,T_TKNEW-1,Triton Knoll Offshore Wind,164.7,16587.0
2026-07-26,T_TKNWW-1,Triton Knoll Offshore Wind,132.8,13113.0
2026-07-26,T_TWSHW-1,Twentyshilling Limited,242.6,6831.0
2026-07-26,T_WDRGW-1,Windy Rig Wind Farm Limited,322.9,9266.0
2026-07-26,T_WISTW-2,BROCKLOCH RIG WINDFARM LTD,41.1,3542.0
2026-07-27,T_AKGLW-3,AIK2A Sustainable Energy Ltd,96.5,4817.0
2026-07-27,T_BENBW-1,Benbrack Wind Farm Limited,66.0,0.0
2026-07-27,T_FALGW-1,Fallago Rig Wind Farm Limited,339.0,28673.0
2026-07-27,T_HALSW-1,SP Renewables (UK) Limited,53.2,612.0
2026-07-27,T_MOWEO-1,Moray Offshore Wind East Ltd,343.5,4562.0
2026-07-27,T_MOWEO-2,Moray Offshore Wind East Ltd,347.9,4330.0
2026-07-27,T_NNGAO-1,Neart Na Gaoithe Offshore Wind,645.5,32138.0
2026-07-27,T_NNGAO-2,Neart Na Gaoithe Offshore Wind,398.7,13736.0
2026-07-27,T_SGRWO-1,Seagreen Wind Energy Limited,1088.2,15148.0
2026-07-27,T_SGRWO-2,Seagreen Wind Energy Limited,221.3,3081.0
2026-07-27,T_SGRWO-3,Seagreen Wind Energy Limited,148.5,2067.0
2026-07-27,T_SGRWO-4,Seagreen Wind Energy Limited,237.9,3312.0
2026-07-27,T_SGRWO-5,Seagreen Wind Energy Limited,100.0,1392.0
2026-07-27,T_SGRWO-6,Seagreen Wind Energy Limited,630.2,8773.0
2026-07-27,T_VKNGW-1,Viking Energy Wind Farm LLP,63.6,920.0
2026-07-27,T_VKNGW-2,Viking Energy Wind Farm LLP,159.9,2314.0
2026-07-27,T_VKNGW-3,Viking Energy Wind Farm LLP,135.6,1963.0
2026-07-27,T_VKNGW-4,Viking Energy Wind Farm LLP,221.2,3201.0
2026-07-28,C__PSTAT011,Statkraft Markets Gmbh,140.0,10501.0
2026-07-28,E_BLARW-1,Erova Energy Limited,22.0,629.0
2026-07-28,E_BTUIW-3,SP Renewables (UK) Limited,260.3,2858.0
2026-07-28,E_GRGRW-1,Evolve Energy Supply Limited,110.1,7705.0
2026-07-28,T_AKGLW-3,AIK2A Sustainable Energy Ltd,418.4,20877.0
2026-07-28,T_BDCHW-1,RWE Generation UK plc,69.3,1761.0
2026-07-28,T_BEATO-1,Beatrice Offshore Windfarm Ltd,139.2,7421.0
2026-07-28,T_BEATO-2,Beatrice Offshore Windfarm Ltd,160.6,8549.0
2026-07-28,T_BEATO-3,Beatrice Offshore Windfarm Ltd,487.6,28339.0
2026-07-28,T_BEATO-4,Beatrice Offshore Windfarm Ltd,396.2,23074.0
2026-07-28,T_BENBW-1,Benbrack Wind Farm Limited,122.2,519.0
2026-07-28,T_BHLAW-1,SSE Generation Ltd,51.1,4372.0
2026-07-28,T_CRDEW-1,EDF Energy Customers Limited,40.9,2210.0
2026-07-28,T_CRDEW-2,EDF Energy Customers Limited,40.9,2210.0
2026-07-28,T_CREAW-1,Creag Riabhach Wind Farm Ltd,21.0,1216.0
2026-07-28,T_CRMLW-1,EDF Energy Customers Limited,178.6,15180.0
2026-07-28,T_CUMHW-1,Uniper UK Limited,201.5,3054.0
2026-07-28,T_DOREW-1,Dorenell Windfarm Limited,21.3,85.0
2026-07-28,T_DOREW-2,Dorenell Windfarm Limited,17.8,71.0
2026-07-28,T_DOUGW-1,Erova Energy Limited,76.8,2303.0
2026-07-28,T_EDINW-1,Vattenfall Wind Power Ltd,164.2,18061.0
2026-07-28,T_GLNKW-1,EDF Energy Customers Limited,320.8,12960.0
2026-07-28,T_GORDW-1,SSE Generation Ltd,181.7,15240.0
2026-07-28,T_GORDW-2,SSE Generation Ltd,128.9,1959.0
2026-07-28,T_HAHAW-1,HAGSHAW HILL REPOWERING LTD,118.0,1411.0
2026-07-28,T_HALSW-1,SP Renewables (UK) Limited,174.4,2004.0
2026-07-28,T_HOWBO-2,Sonningmay Wind Limited,119.2,1252.0
2026-07-28,T_HOWBO-3,Soundmark Wind Limited,154.7,1483.0
2026-07-28,T_KENNW-1,Kennoxhead Wind Farm Limited,85.0,2672.0
2026-07-28,T_KPMRW-1,OnPath Energy Limited,37.7,122.0
2026-07-28,T_KYPEW-1,Kype Extension Wind Farm Ltd,25.6,894.0
2026-07-28,T_LIMKW-1,Limekiln Extension Ltd,13.6,409.0
2026-07-28,T_MIDMW-1,OnPath Energy Limited,71.8,75.0
2026-07-28,T_MOWEO-1,Moray Offshore Wind East Ltd,1995.9,6853.0
2026-07-28,T_MOWEO-2,Moray Offshore Wind East Ltd,1631.4,7042.0
2026-07-28,T_MOWEO-3,Moray Offshore Wind East Ltd,1007.0,0.0
2026-07-28,T_MOWWO-1,Moray Offshore Wind West Ltd,1445.3,25431.0
2026-07-28,T_MOWWO-2,Moray Offshore Wind West Ltd,1664.7,30324.0
2026-07-28,T_MOWWO-3,Moray Offshore Wind West Ltd,978.5,16871.0
2026-07-28,T_MOWWO-4,Moray Offshore Wind West Ltd,1667.7,61121.0
2026-07-28,T_NNGAO-1,Neart Na Gaoithe Offshore Wind,865.6,34818.0
2026-07-28,T_NNGAO-2,Neart Na Gaoithe Offshore Wind,2317.7,158788.0
2026-07-28,T_SAKNW-1,Sandy Knowe Wind Farm Ltd,44.5,1782.0
2026-07-28,T_SGRWO-1,Seagreen Wind Energy Limited,2712.7,37842.0
2026-07-28,T_SGRWO-2,Seagreen Wind Energy Limited,874.2,12195.0
2026-07-28,T_SGRWO-3,Seagreen Wind Energy Limited,1739.3,24263.0
2026-07-28,T_SGRWO-4,Seagreen Wind Energy Limited,1379.9,19249.0
2026-07-28,T_SGRWO-5,Seagreen Wind Energy Limited,875.6,12214.0
2026-07-28,T_SGRWO-6,Seagreen Wind Energy Limited,4386.2,61187.0
2026-07-28,T_STLGW-1,Stronelairg Windfarm Limited,90.6,7744.0
2026-07-28,T_STLGW-2,Stronelairg Windfarm Limited,243.6,20823.0
2026-07-28,T_STLGW-3,Stronelairg Windfarm Limited,86.6,7405.0
2026-07-28,T_STRNW-1,Strathy Wind Farm Limited,100.9,8461.0
2026-07-28,T_TWSHW-1,Twentyshilling Limited,91.4,2575.0
2026-07-28,T_VKNGW-1,Viking Energy Wind Farm LLP,500.3,7239.0
2026-07-28,T_VKNGW-2,Viking Energy Wind Farm LLP,444.0,6425.0
2026-07-28,T_VKNGW-3,Viking Energy Wind Farm LLP,388.6,5622.0
2026-07-28,T_VKNGW-4,Viking Energy Wind Farm LLP,384.6,5565.0
2026-07-28,T_WDRGW-1,Windy Rig Wind Farm Limited,117.8,3382.0
2026-07-29,C__PSTAT011,Statkraft Markets Gmbh,14.2,1066.0
2026-07-29,E_BTUIW-3,SP Renewables (UK) Limited,13.5,149.0
2026-07-29,E_GRGRW-1,Evolve Energy Supply Limited,13.2,925.0
2026-07-29,T_BDCHW-1,RWE Generation UK plc,4.9,313.0
2026-07-29,T_GLNKW-1,EDF Energy Customers Limited,8.6,347.0
2026-07-29,T_GORDW-2,SSE Generation Ltd,11.1,168.0
2026-07-29,T_HALSW-1,SP Renewables (UK) Limited,13.8,159.0
2026-07-29,T_MOWEO-1,Moray Offshore Wind East Ltd,930.7,666.0
2026-07-29,T_MOWEO-2,Moray Offshore Wind East Ltd,348.4,41.0
2026-07-29,T_MOWEO-3,Moray Offshore Wind East Ltd,461.5,201.0
2026-07-29,T_MOWWO-1,Moray Offshore Wind West Ltd,261.4,5555.0
2026-07-29,T_MOWWO-2,Moray Offshore Wind West Ltd,230.1,4888.0
2026-07-29,T_MOWWO-3,Moray Offshore Wind West Ltd,159.3,3351.0
2026-07-29,T_MOWWO-4,Moray Offshore Wind West Ltd,207.9,7620.0
2026-07-29,T_SGRWO-1,Seagreen Wind Energy Limited,1022.8,14268.0
2026-07-29,T_SGRWO-2,Seagreen Wind Energy Limited,299.2,4173.0
2026-07-29,T_SGRWO-3,Seagreen Wind Energy Limited,570.9,7963.0
2026-07-29,T_SGRWO-4,Seagreen Wind Energy Limited,456.6,6369.0
2026-07-29,T_SGRWO-5,Seagreen Wind Energy Limited,253.6,3537.0
2026-07-29,T_SGRWO-6,Seagreen Wind Energy Limited,1169.6,16316.0
2026-07-29,T_STLGW-1,Stronelairg Windfarm Limited,39.8,3405.0
2026-07-29,T_STRNW-1,Strathy Wind Farm Limited,22.7,1904.0
2026-07-29,T_VKNGW-1,Viking Energy Wind Farm LLP,399.0,5774.0
2026-07-29,T_VKNGW-2,Viking Energy Wind Farm LLP,352.0,5093.0
2026-07-29,T_VKNGW-3,Viking Energy Wind Farm LLP,288.3,4171.0
2026-07-29,T_VKNGW-4,Viking Energy Wind Farm LLP,271.2,3924.0
2026-07-30,E_BLARW-1,Erova Energy Limited,67.7,1878.0
2026-07-30,E_BTUIW-3,SP Renewables (UK) Limited,369.7,4060.0
2026-07-30,E_GRGRW-1,Evolve Energy Supply Limited,32.1,2248.0
2026-07-30,T_AKGLW-3,AIK2A Sustainable Energy Ltd,426.2,21265.0
2026-07-30,T_BDCHW-1,RWE Generation UK plc,3.0,186.0
2026-07-30,T_BENBW-1,Benbrack Wind Farm Limited,151.8,0.0
2026-07-30,T_BROCW-1,Smartestenergy Limited,51.5,2009.0
2026-07-30,T_CRYRW-4,Erova Energy Limited,58.0,2534.0
2026-07-30,T_CUMHW-1,Uniper UK Limited,168.0,2548.0
2026-07-30,T_DALQW-1,Statkraft Markets Gmbh,34.1,2418.0
2026-07-30,T_DOREW-1,Dorenell Windfarm Limited,13.3,198.0
2026-07-30,T_DOREW-2,Dorenell Windfarm Limited,11.0,158.0
2026-07-30,T_DOUGW-1,Erova Energy Limited,97.9,2937.0
2026-07-30,T_FALGW-1,Fallago Rig Wind Farm Limited,367.8,31115.0
2026-07-30,T_GLNKW-1,EDF Energy Customers Limited,74.2,2999.0
2026-07-30,T_GORDW-2,SSE Generation Ltd,7.9,120.0
2026-07-30,T_HAHAW-1,HAGSHAW HILL REPOWERING LTD,105.8,1265.0
2026-07-30,T_HALSW-1,SP Renewables (UK) Limited,97.1,1115.0
2026-07-30,T_KENNW-1,Kennoxhead Wind Farm Limited,169.1,5313.0
2026-07-30,T_KPMRW-1,OnPath Energy Limited,108.6,3192.0
2026-07-30,T_KYPEW-1,Kype Extension Wind Farm Ltd,102.9,3602.0
2026-07-30,T_LIMKW-1,Limekiln Extension Ltd,72.9,2187.0
2026-07-30,T_MIDMW-1,OnPath Energy Limited,49.1,1439.0
2026-07-30,T_MOWEO-1,Moray Offshore Wind East Ltd,1787.0,17220.0
2026-07-30,T_MOWEO-3,Moray Offshore Wind East Ltd,1460.4,13680.0
2026-07-30,T_MOWWO-1,Moray Offshore Wind West Ltd,769.9,18141.0
2026-07-30,T_MOWWO-2,Moray Offshore Wind West Ltd,637.4,14915.0
2026-07-30,T_MOWWO-3,Moray Offshore Wind West Ltd,673.2,13192.0
2026-07-30,T_MOWWO-4,Moray Offshore Wind West Ltd,665.3,24384.0
2026-07-30,T_NNGAO-1,Neart Na Gaoithe Offshore Wind,2811.4,167483.0
2026-07-30,T_NNGAO-2,Neart Na Gaoithe Offshore Wind,1968.6,137353.0
2026-07-30,T_NOKYW-1,North Kyle Wind farm Ltd,23.2,348.0
2026-07-30,T_NOKYW-2,North Kyle Wind farm Ltd,42.3,634.0
2026-07-30,T_SAKNW-1,Sandy Knowe Wind Farm Ltd,75.3,3013.0
2026-07-30,T_SGRWO-1,Seagreen Wind Energy Limited,2278.4,31784.0
2026-07-30,T_SGRWO-2,Seagreen Wind Energy Limited,582.3,8124.0
2026-07-30,T_SGRWO-3,Seagreen Wind Energy Limited,1138.7,15884.0
2026-07-30,T_SGRWO-4,Seagreen Wind Energy Limited,1048.0,14620.0
2026-07-30,T_SGRWO-5,Seagreen Wind Energy Limited,397.2,5541.0
2026-07-30,T_SGRWO-6,Seagreen Wind Energy Limited,2614.0,36465.0
2026-07-30,T_TWSHW-1,Twentyshilling Limited,74.8,2107.0
2026-07-30,T_VKNGW-1,Viking Energy Wind Farm LLP,26.2,379.0
2026-07-30,T_VKNGW-2,Viking Energy Wind Farm LLP,28.9,418.0
2026-07-30,T_VKNGW-3,Viking Energy Wind Farm LLP,21.0,305.0
2026-07-30,T_VKNGW-4,Viking Energy Wind Farm LLP,21.0,304.0
2026-07-30,T_WDRGW-1,Windy Rig Wind Farm Limited,147.3,4229.0
2026-07-31,T_MOWEO-1,Moray Offshore Wind East Ltd,563.3,120.0
2026-07-31,T_MOWEO-3,Moray Offshore Wind East Ltd,331.3,208.0
2026-07-31,T_SGRWO-1,Seagreen Wind Energy Limited,282.8,3944.0
2026-07-31,T_SGRWO-2,Seagreen Wind Energy Limited,182.0,2539.0
2026-07-31,T_SGRWO-3,Seagreen Wind Energy Limited,287.3,4008.0
2026-07-31,T_SGRWO-4,Seagreen Wind Energy Limited,51.9,724.0
2026-07-31,T_SGRWO-5,Seagreen Wind Energy Limited,15.5,216.0
2026-07-31,T_SGRWO-6,Seagreen Wind Energy Limited,149.8,2090.0
2026-07-31,T_VKNGW-2,Viking Energy Wind Farm LLP,16.8,243.0
2026-08-01,E_BTUIW-3,SP Renewables (UK) Limited,267.9,2942.0
2026-08-01,T_AKGLW-3,AIK2A Sustainable Energy Ltd,364.3,18180.0
2026-08-01,T_CRYRW-2,Eneco Energy Trade,31.6,2853.0
2026-08-01,T_DOREW-1,Dorenell Windfarm Limited,15.5,0.0
2026-08-01,T_DOREW-2,Dorenell Windfarm Limited,12.9,0.0
2026-08-01,T_FALGW-1,Fallago Rig Wind Farm Limited,316.2,26749.0
2026-08-01,T_HAHAW-1,HAGSHAW HILL REPOWERING LTD,138.3,1654.0
2026-08-01,T_HALSW-1,SP Renewables (UK) Limited,23.5,270.0
2026-08-01,T_MOWEO-1,Moray Offshore Wind East Ltd,306.6,0.0
2026-08-01,T_MOWEO-2,Moray Offshore Wind East Ltd,173.0,0.0
2026-08-01,T_MOWEO-3,Moray Offshore Wind East Ltd,265.3,0.0
2026-08-01,T_NNGAO-1,Neart Na Gaoithe Offshore Wind,24.3,1310.0
2026-08-01,T_SGRWO-1,Seagreen Wind Energy Limited,777.5,10846.0
2026-08-01,T_SGRWO-2,Seagreen Wind Energy Limited,192.1,2679.0
2026-08-01,T_SGRWO-3,Seagreen Wind Energy Limited,329.0,4589.0
2026-08-01,T_SGRWO-4,Seagreen Wind Energy Limited,354.3,4943.0
2026-08-01,T_SGRWO-5,Seagreen Wind Energy Limited,204.8,2857.0
2026-08-01,T_SGRWO-6,Seagreen Wind Energy Limited,954.0,13308.0
2026-08-01,T_VKNGW-1,Viking Energy Wind Farm LLP,155.4,2250.0
2026-08-01,T_VKNGW-2,Viking Energy Wind Farm LLP,168.3,2437.0
2026-08-01,T_VKNGW-3,Viking Energy Wind Farm LLP,47.8,692.0
2026-08-01,T_VKNGW-4,Viking Energy Wind Farm LLP,44.8,648.0
2026-08-03,E_BLARW-1,Erova Energy Limited,2.0,56.0
2026-08-03,E_BTUIW-3,SP Renewables (UK) Limited,64.2,705.0
2026-08-03,T_BENBW-1,Benbrack Wind Farm Limited,112.4,0.0
2026-08-03,T_KPMRW-1,OnPath Energy Limited,30.8,346.0
2026-08-03,T_MIDMW-1,OnPath Energy Limited,28.3,326.0
2026-08-03,T_MOWEO-2,Moray Offshore Wind East Ltd,170.7,0.0
2026-08-03,T_MOWEO-3,Moray Offshore Wind East Ltd,146.5,0.0
2026-08-03,T_NOKYW-1,North Kyle Wind farm Ltd,2.7,41.0
2026-08-03,T_NOKYW-2,North Kyle Wind farm Ltd,0.3,5.0
2026-08-03,T_SGRWO-1,Seagreen Wind Energy Limited,62.9,878.0
2026-08-03,T_SGRWO-2,Seagreen Wind Energy Limited,28.8,402.0
2026-08-03,T_SGRWO-3,Seagreen Wind Energy Limited,121.5,1696.0
2026-08-03,T_SGRWO-4,Seagreen Wind Energy Limited,89.9,1254.0
2026-08-03,T_SGRWO-5,Seagreen Wind Energy Limited,45.8,640.0
2026-08-03,T_SGRWO-6,Seagreen Wind Energy Limited,224.9,3137.0
2026-08-04,C__PSTAT011,Statkraft Markets Gmbh,3.5,260.0
2026-08-04,E_BLARW-1,Erova Energy Limited,134.1,3720.0
2026-08-04,E_BTUIW-3,SP Renewables (UK) Limited,258.2,2835.0
2026-08-04,E_GRGRW-1,Evolve Energy Supply Limited,67.0,4691.0
2026-08-04,T_AKGLW-3,AIK2A Sustainable Energy Ltd,139.2,6948.0
2026-08-04,T_BEATO-4,Beatrice Offshore Windfarm Ltd,38.2,3132.0
2026-08-04,T_BROCW-1,Smartestenergy Limited,26.3,1026.0
2026-08-04,T_CRDEW-1,EDF Energy Customers Limited,56.2,3036.0
2026-08-04,T_CRDEW-2,EDF Energy Customers Limited,32.9,1775.0
2026-08-04,T_CREAW-1,Creag Riabhach Wind Farm Ltd,18.8,1090.0
2026-08-04,T_CUMHW-1,Uniper UK Limited,120.8,1832.0
2026-08-04,T_DALQW-1,Statkraft Markets Gmbh,13.5,955.0
2026-08-04,T_DOUGW-1,Erova Energy Limited,70.0,2099.0
2026-08-04,T_DRSLW-1,SP Renewables (UK) Limited,77.3,6239.0
2026-08-04,T_FALGW-1,Fallago Rig Wind Farm Limited,88.1,7455.0
2026-08-04,T_GLNKW-1,EDF Energy Customers Limited,9.9,399.0
2026-08-04,T_GORDW-1,SSE Generation Ltd,93.5,7721.0
2026-08-04,T_GORDW-2,SSE Generation Ltd,552.0,8568.0
2026-08-04,T_GRGBW-2,Greater Gabbard Offshore Winds,30.7,5106.0
2026-08-04,T_GRIFW-1,Griffin Wind Farm Ltd,1.3,113.0
2026-08-04,T_GRIFW-2,Griffin Wind Farm Ltd,16.3,1455.0
2026-08-04,T_HALSW-1,SP Renewables (UK) Limited,472.0,5423.0
2026-08-04,T_KENNW-1,Kennoxhead Wind Farm Limited,206.0,6473.0
2026-08-04,T_KLGLW-1,SP Renewables (UK) Limited,341.9,27492.0
2026-08-04,T_KPMRW-1,OnPath Energy Limited,132.7,2634.0
2026-08-04,T_KYPEW-1,Kype Extension Wind Farm Ltd,176.7,6185.0
2026-08-04,T_LIMKW-1,Limekiln Extension Ltd,634.7,19042.0
2026-08-04,T_MIDMW-1,OnPath Energy Limited,167.8,3309.0
2026-08-04,T_MOWEO-2,Moray Offshore Wind East Ltd,4751.1,5526.0
2026-08-04,T_MOWEO-3,Moray Offshore Wind East Ltd,4393.1,4785.0
2026-08-04,T_MOWWO-1,Moray Offshore Wind West Ltd,2825.8,54175.0
2026-08-04,T_MOWWO-2,Moray Offshore Wind West Ltd,2610.0,49697.0
2026-08-04,T_MOWWO-3,Moray Offshore Wind West Ltd,1841.6,34766.0
2026-08-04,T_MOWWO-4,Moray Offshore Wind West Ltd,1475.8,54087.0
2026-08-04,T_MYGPW-1,Minnygap Energy Limited,8.3,628.0
2026-08-04,T_NNGAO-1,Neart Na Gaoithe Offshore Wind,746.4,36419.0
2026-08-04,T_NNGAO-2,Neart Na Gaoithe Offshore Wind,459.4,23451.0
2026-08-04,T_NOKYW-1,North Kyle Wind farm Ltd,456.5,6843.0
2026-08-04,T_NOKYW-2,North Kyle Wind farm Ltd,514.6,7714.0
2026-08-04,T_SAKNW-1,Sandy Knowe Wind Farm Ltd,281.5,11261.0
2026-08-04,T_SGRWO-1,Seagreen Wind Energy Limited,3261.7,45892.0
2026-08-04,T_SGRWO-2,Seagreen Wind Energy Limited,681.5,9588.0
2026-08-04,T_SGRWO-3,Seagreen Wind Energy Limited,1200.2,16887.0
2026-08-04,T_SGRWO-4,Seagreen Wind Energy Limited,977.3,13750.0
2026-08-04,T_SGRWO-5,Seagreen Wind Energy Limited,523.9,7372.0
2026-08-04,T_SGRWO-6,Seagreen Wind Energy Limited,3541.5,49829.0
2026-08-04,T_SOKYW-1,South Kyle Wind Farm Limited,778.6,37372.0
2026-08-04,T_STLGW-2,Stronelairg Windfarm Limited,52.9,4477.0
2026-08-04,T_STLGW-3,Stronelairg Windfarm Limited,43.6,3688.0
2026-08-04,T_STRNW-1,Strathy Wind Farm Limited,9.9,818.0
2026-08-04,T_TWSHW-1,Twentyshilling Limited,170.7,4807.0
2026-08-04,T_VKNGW-1,Viking Energy Wind Farm LLP,503.2,7286.0
2026-08-04,T_VKNGW-2,Viking Energy Wind Farm LLP,458.0,6631.0
2026-08-04,T_VKNGW-3,Viking Energy Wind Farm LLP,336.4,4872.0
2026-08-04,T_VKNGW-4,Viking Energy Wind Farm LLP,418.7,6062.0
2026-08-04,T_WDRGW-1,Windy Rig Wind Farm Limited,226.8,6509.0
2026-08-05,E_BLARW-1,Erova Energy Limited,192.6,5340.0
2026-08-05,E_BTUIW-3,SP Renewables (UK) Limited,611.4,6713.0
2026-08-05,T_AKGLW-3,AIK2A Sustainable Energy Ltd,210.6,10511.0
2026-08-05,T_BEATO-1,Beatrice Offshore Windfarm Ltd,393.7,35711.0
2026-08-05,T_BEATO-2,Beatrice Offshore Windfarm Ltd,446.2,40312.0
2026-08-05,T_BEATO-3,Beatrice Offshore Windfarm Ltd,592.6,53404.0
2026-08-05,T_BEATO-4,Beatrice Offshore Windfarm Ltd,489.6,43831.0
2026-08-05,T_BLLA-2,SP Renewables (UK) Limited,157.9,12752.0
2026-08-05,T_BROCW-1,Smartestenergy Limited,264.0,10294.0
2026-08-05,T_CLDCW-1,Clyde Windfarm (Scotland) Ltd,1380.9,135305.0
2026-08-05,T_CLDNW-1,Clyde Windfarm (Scotland) Ltd,1221.0,112048.0
2026-08-05,T_CLDSW-1,Clyde Windfarm (Scotland) Ltd,828.2,78874.0
2026-08-05,T_CRDEW-1,EDF Energy Customers Limited,133.9,7233.0
2026-08-05,T_CRDEW-2,EDF Energy Customers Limited,133.9,7233.0
2026-08-05,T_CRYRW-2,Eneco Energy Trade,348.0,31394.0
2026-08-05,T_CUMHW-1,Uniper UK Limited,408.1,6187.0
2026-08-05,T_DALQW-1,Statkraft Markets Gmbh,200.5,14239.0
2026-08-05,T_DOUGW-1,Erova Energy Limited,373.0,11190.0
2026-08-05,T_DRSLW-1,SP Renewables (UK) Limited,394.9,31883.0
2026-08-05,T_EDINW-1,Vattenfall Wind Power Ltd,108.3,11912.0
2026-08-05,T_EWHLW-1,SP Renewables (UK) Limited,129.1,10426.0
2026-08-05,T_FALGW-1,Fallago Rig Wind Farm Limited,327.0,27661.0
2026-08-05,T_GLNKW-1,EDF Energy Customers Limited,134.5,5433.0
2026-08-05,T_GORDW-1,SSE Generation Ltd,177.7,14666.0
2026-08-05,T_GORDW-2,SSE Generation Ltd,196.8,3054.0
2026-08-05,T_GRIFW-1,Griffin Wind Farm Ltd,148.3,13218.0
2026-08-05,T_GRIFW-2,Griffin Wind Farm Ltd,162.2,14466.0
2026-08-05,T_HAHAW-1,HAGSHAW HILL REPOWERING LTD,332.2,3973.0
2026-08-05,T_HALSW-1,SP Renewables (UK) Limited,10.5,120.0
2026-08-05,T_HOWBO-1,Breesea Limited,205.9,13152.0
2026-08-05,T_HOWBO-2,Sonningmay Wind Limited,210.2,13577.0
2026-08-05,T_HOWBO-3,Soundmark Wind Limited,208.0,13364.0
2026-08-05,T_KENNW-1,Kennoxhead Wind Farm Limited,489.5,17134.0
2026-08-05,T_KPMRW-1,OnPath Energy Limited,409.7,8614.0
2026-08-05,T_KYPEW-1,Kype Extension Wind Farm Ltd,512.1,17924.0
2026-08-05,T_LIMKW-1,Limekiln Extension Ltd,340.7,10222.0
2026-08-05,T_MIDMW-1,OnPath Energy Limited,213.0,4294.0
2026-08-05,T_MOWEO-2,Moray Offshore Wind East Ltd,1065.2,1008.0
2026-08-05,T_MOWEO-3,Moray Offshore Wind East Ltd,954.5,901.0
2026-08-05,T_MOWWO-1,Moray Offshore Wind West Ltd,799.5,15085.0
2026-08-05,T_MOWWO-2,Moray Offshore Wind West Ltd,640.5,12134.0
2026-08-05,T_MOWWO-3,Moray Offshore Wind West Ltd,462.4,8733.0
2026-08-05,T_MOWWO-4,Moray Offshore Wind West Ltd,1035.5,37951.0
2026-08-05,T_MYGPW-1,Minnygap Energy Limited,76.5,5812.0
2026-08-05,T_NNGAO-1,Neart Na Gaoithe Offshore Wind,1377.0,78424.0
2026-08-05,T_NNGAO-2,Neart Na Gaoithe Offshore Wind,1351.6,72468.0
2026-08-05,T_NOKYW-1,North Kyle Wind farm Ltd,37.1,556.0
2026-08-05,T_NOKYW-2,North Kyle Wind farm Ltd,45.6,684.0
2026-08-05,T_OMNDW-1,Ormonde Energy Ltd,281.0,50299.0
2026-08-05,T_PNYCW-1,Pen y Cymoedd Wind Farm LTD,122.1,11718.0
2026-08-05,T_RRWW-1,RWE Renewables UK Robin Rigg,161.3,23817.0
2026-08-05,T_SAKNW-1,Sandy Knowe Wind Farm Ltd,735.7,29430.0
2026-08-05,T_SGRWO-1,Seagreen Wind Energy Limited,2603.9,36637.0
2026-08-05,T_SGRWO-2,Seagreen Wind Energy Limited,712.2,10020.0
2026-08-05,T_SGRWO-3,Seagreen Wind Energy Limited,1379.0,19402.0
2026-08-05,T_SGRWO-4,Seagreen Wind Energy Limited,1262.5,17764.0
2026-08-05,T_SGRWO-5,Seagreen Wind Energy Limited,698.5,9828.0
2026-08-05,T_SGRWO-6,Seagreen Wind Energy Limited,3515.6,49465.0
2026-08-05,T_SOKYW-1,South Kyle Wind Farm Limited,1446.7,69444.0
2026-08-05,T_STLGW-1,Stronelairg Windfarm Limited,74.4,6299.0
2026-08-05,T_STLGW-2,Stronelairg Windfarm Limited,90.7,7680.0
2026-08-05,T_STLGW-3,Stronelairg Windfarm Limited,75.2,6369.0
2026-08-05,T_TKNEW-1,Triton Knoll Offshore Wind,66.4,8853.0
2026-08-05,T_TKNWW-1,Triton Knoll Offshore Wind,98.6,13173.0
2026-08-05,T_TWSHW-1,Twentyshilling Limited,356.6,10042.0
2026-08-05,T_VKNGW-1,Viking Energy Wind Farm LLP,938.2,13586.0
2026-08-05,T_VKNGW-2,Viking Energy Wind Farm LLP,992.1,14365.0
2026-08-05,T_VKNGW-3,Viking Energy Wind Farm LLP,809.5,11721.0
2026-08-05,T_VKNGW-4,Viking Energy Wind Farm LLP,860.3,12458.0
2026-08-05,T_WDNSO-1,Morecambe Wind Limited,55.8,10367.0
2026-08-05,T_WDNSO-2,Morecambe Wind Limited,135.9,25261.0
2026-08-05,T_WDRGW-1,Windy Rig Wind Farm Limited,405.3,11631.0
2026-08-05,T_WHILW-1,SP Renewables (UK) Limited,1494.0,134893.0
2026-08-05,T_WISTW-2,BROCKLOCH RIG WINDFARM LTD,354.7,30577.0
2026-08-05,T_WLNYO-3,Walney Extension Ltd,702.3,81501.0
2026-08-05,T_WLNYO-4,Walney Extension Ltd,872.5,102452.0
2026-08-06,E_BLARW-1,Erova Energy Limited,54.8,1520.0
2026-08-06,E_BTUIW-3,SP Renewables (UK) Limited,248.0,2723.0
2026-08-06,T_BEATO-2,Beatrice Offshore Windfarm Ltd,20.9,2428.0
2026-08-06,T_BEATO-3,Beatrice Offshore Windfarm Ltd,26.8,3109.0
2026-08-06,T_BEATO-4,Beatrice Offshore Windfarm Ltd,20.7,2406.0
2026-08-06,T_BLLA-2,SP Renewables (UK) Limited,55.2,4460.0
2026-08-06,T_BROCW-1,Smartestenergy Limited,71.1,2774.0
2026-08-06,T_CLDCW-1,Clyde Windfarm (Scotland) Ltd,148.3,14530.0
2026-08-06,T_CLDNW-1,Clyde Windfarm (Scotland) Ltd,195.7,17959.0
2026-08-06,T_CLDSW-1,Clyde Windfarm (Scotland) Ltd,111.3,10597.0
2026-08-06,T_CRDEW-1,EDF Energy Customers Limited,53.4,2886.0
2026-08-06,T_CRDEW-2,EDF Energy Customers Limited,53.4,2886.0
2026-08-06,T_CUMHW-1,Uniper UK Limited,96.9,1470.0
2026-08-06,T_DALQW-1,Statkraft Markets Gmbh,72.1,5122.0
2026-08-06,T_DOUGW-1,Erova Energy Limited,86.1,2584.0
2026-08-06,T_DRSLW-1,SP Renewables (UK) Limited,0.7,54.0
2026-08-06,T_EDINW-1,Vattenfall Wind Power Ltd,2.4,263.0
2026-08-06,T_EWHLW-1,SP Renewables (UK) Limited,0.4,28.0
2026-08-06,T_GLNKW-1,EDF Energy Customers Limited,51.0,2061.0
2026-08-06,T_GORDW-1,SSE Generation Ltd,59.7,4930.0
2026-08-06,T_GORDW-2,SSE Generation Ltd,59.2,919.0
2026-08-06,T_GRIFW-1,Griffin Wind Farm Ltd,56.0,4991.0
2026-08-06,T_GRIFW-2,Griffin Wind Farm Ltd,0.3,27.0
2026-08-06,T_HAHAW-1,HAGSHAW HILL REPOWERING LTD,51.7,618.0
2026-08-06,T_HOWBO-1,Breesea Limited,213.3,1737.0
2026-08-06,T_KENNW-1,Kennoxhead Wind Farm Limited,126.9,3986.0
2026-08-06,T_KPMRW-1,OnPath Energy Limited,1.1,54.0
2026-08-06,T_KYPEW-1,Kype Extension Wind Farm Ltd,139.9,4897.0
2026-08-06,T_LARYW-1,London Array Limited,93.2,16752.0
2026-08-06,T_LARYW-2,London Array Limited,88.3,15864.0
2026-08-06,T_LARYW-3,London Array Limited,88.8,15957.0
2026-08-06,T_LARYW-4,London Array Limited,76.8,13813.0
2026-08-06,T_LIMKW-1,Limekiln Extension Ltd,210.6,6319.0
2026-08-06,T_MIDMW-1,OnPath Energy Limited,68.0,3482.0
2026-08-06,T_MOWEO-2,Moray Offshore Wind East Ltd,1274.6,14282.0
2026-08-06,T_MOWEO-3,Moray Offshore Wind East Ltd,1315.9,14405.0
2026-08-06,T_MOWWO-1,Moray Offshore Wind West Ltd,596.6,14387.0
2026-08-06,T_MOWWO-2,Moray Offshore Wind West Ltd,469.9,11349.0
2026-08-06,T_MOWWO-3,Moray Offshore Wind West Ltd,313.7,7576.0
2026-08-06,T_MOWWO-4,Moray Offshore Wind West Ltd,582.3,21340.0
2026-08-06,T_MYGPW-1,Minnygap Energy Limited,37.7,2865.0
2026-08-06,T_NNGAO-1,Neart Na Gaoithe Offshore Wind,367.6,29855.0
2026-08-06,T_NNGAO-2,Neart Na Gaoithe Offshore Wind,209.1,17096.0
2026-08-06,T_SAKNW-1,Sandy Knowe Wind Farm Ltd,214.4,8577.0
2026-08-06,T_SGRWO-1,Seagreen Wind Energy Limited,1622.3,22826.0
2026-08-06,T_SGRWO-2,Seagreen Wind Energy Limited,431.0,6065.0
2026-08-06,T_SGRWO-3,Seagreen Wind Energy Limited,872.9,12282.0
2026-08-06,T_SGRWO-4,Seagreen Wind Energy Limited,798.8,11239.0
2026-08-06,T_SGRWO-5,Seagreen Wind Energy Limited,381.7,5370.0
2026-08-06,T_SGRWO-6,Seagreen Wind Energy Limited,1995.3,28074.0
2026-08-06,T_SOKYW-1,South Kyle Wind Farm Limited,292.7,14052.0
2026-08-06,T_STLGW-1,Stronelairg Windfarm Limited,0.1,11.0
2026-08-06,T_STLGW-2,Stronelairg Windfarm Limited,0.2,18.0
2026-08-06,T_STLGW-3,Stronelairg Windfarm Limited,10.2,865.0
2026-08-06,T_THNTO-1,Thanet Offshore Wind Limited,24.3,4832.0
2026-08-06,T_THNTO-2,Thanet Offshore Wind Limited,24.3,4832.0
2026-08-06,T_TWSHW-1,Twentyshilling Limited,95.5,2691.0
2026-08-06,T_VKNGW-1,Viking Energy Wind Farm LLP,544.5,7884.0
2026-08-06,T_VKNGW-2,Viking Energy Wind Farm LLP,626.0,9065.0
2026-08-06,T_VKNGW-3,Viking Energy Wind Farm LLP,332.3,4812.0
2026-08-06,T_VKNGW-4,Viking Energy Wind Farm LLP,334.6,4845.0
2026-08-06,T_WDRGW-1,Windy Rig Wind Farm Limited,109.3,3137.0
2026-08-06,T_WHILW-1,SP Renewables (UK) Limited,2.5,229.0
2026-08-06,T_WISTW-2,BROCKLOCH RIG WINDFARM LTD,2.9,246.0
2026-08-06,T_WLNYO-4,Walney Extension Ltd,6.4,902.0
2026-08-07,C__PSTAT011,Statkraft Markets Gmbh,289.2,21690.0
2026-08-07,E_BABAW-1,Statkraft Markets Gmbh,58.9,4952.0
2026-08-07,E_BTUIW-3,SP Renewables (UK) Limited,440.6,4837.0
2026-08-07,E_GRGRW-1,Evolve Energy Supply Limited,65.2,4562.0
2026-08-07,T_AKGLW-3,AIK2A Sustainable Energy Ltd,360.4,17983.0
2026-08-07,T_BDCHW-1,RWE Generation UK plc,84.0,3747.0
2026-08-07,T_BEATO-1,Beatrice Offshore Windfarm Ltd,661.5,50775.0
2026-08-07,T_BEATO-2,Beatrice Offshore Windfarm Ltd,565.7,43237.0
2026-08-07,T_BEATO-3,Beatrice Offshore Windfarm Ltd,932.0,71567.0
2026-08-07,T_BEATO-4,Beatrice Offshore Windfarm Ltd,721.8,55260.0
2026-08-07,T_BHLAW-1,SSE Generation Ltd,634.7,53725.0
2026-08-07,T_CGTHW-1,Corriegarth Wind Energy LTD,301.5,24329.0
2026-08-07,T_CREAW-1,Creag Riabhach Wind Farm Ltd,87.3,5063.0
2026-08-07,T_CRGHW-1,Statkraft Markets Gmbh,94.2,7257.0
2026-08-07,T_CRMLW-1,EDF Energy Customers Limited,134.0,11386.0
2026-08-07,T_CRYRW-2,Eneco Energy Trade,407.9,36789.0
2026-08-07,T_DOUGW-1,Erova Energy Limited,15.9,478.0
2026-08-07,T_DUNGW-1,Dunmaglass Wind Farm Limited,472.5,42737.0
2026-08-07,T_EDINW-1,Vattenfall Wind Power Ltd,321.4,35357.0
2026-08-07,T_FALGW-1,Fallago Rig Wind Farm Limited,502.3,42492.0
2026-08-07,T_FARR-1,Smartestenergy Limited,147.5,13569.0
2026-08-07,T_FARR-2,Smartestenergy Limited,160.0,14720.0
2026-08-07,T_GLNKW-1,EDF Energy Customers Limited,622.9,25166.0
2026-08-07,T_GORDW-1,SSE Generation Ltd,195.9,16173.0
2026-08-07,T_GORDW-2,SSE Generation Ltd,151.6,2353.0
2026-08-07,T_GRIFW-1,Griffin Wind Farm Ltd,137.8,12288.0
2026-08-07,T_GRIFW-2,Griffin Wind Farm Ltd,146.4,13054.0
2026-08-07,T_HAHAW-1,HAGSHAW HILL REPOWERING LTD,199.4,2385.0
2026-08-07,T_HALSW-1,SP Renewables (UK) Limited,408.3,4691.0
2026-08-07,T_LCLTW-1,Eneco Energy Trade,364.4,32429.0
2026-08-07,T_LIMKW-1,Limekiln Extension Ltd,1026.0,30779.0
2026-08-07,T_MIDMW-1,OnPath Energy Limited,6.5,90.0
2026-08-07,T_MOWEO-1,Moray Offshore Wind East Ltd,4753.1,66887.0
2026-08-07,T_MOWEO-2,Moray Offshore Wind East Ltd,4183.3,59247.0
2026-08-07,T_MOWEO-3,Moray Offshore Wind East Ltd,3573.5,52684.0
2026-08-07,T_MOWWO-1,Moray Offshore Wind West Ltd,2540.7,55712.0
2026-08-07,T_MOWWO-2,Moray Offshore Wind West Ltd,2420.0,53063.0
2026-08-07,T_MOWWO-3,Moray Offshore Wind West Ltd,1902.8,41740.0
2026-08-07,T_MOWWO-4,Moray Offshore Wind West Ltd,3751.2,137480.0
2026-08-07,T_NNGAO-1,Neart Na Gaoithe Offshore Wind,18.5,879.0
2026-08-07,T_NNGAO-2,Neart Na Gaoithe Offshore Wind,7.3,348.0
2026-08-07,T_SGRWO-1,Seagreen Wind Energy Limited,3748.7,52745.0
2026-08-07,T_SGRWO-2,Seagreen Wind Energy Limited,949.3,13356.0
2026-08-07,T_SGRWO-3,Seagreen Wind Energy Limited,1723.2,24246.0
2026-08-07,T_SGRWO-4,Seagreen Wind Energy Limited,1680.4,23643.0
2026-08-07,T_SGRWO-5,Seagreen Wind Energy Limited,885.5,12459.0
2026-08-07,T_SGRWO-6,Seagreen Wind Energy Limited,4693.3,66035.0
2026-08-07,T_SOKYW-1,South Kyle Wind Farm Limited,57.2,2746.0
2026-08-07,T_STLGW-1,Stronelairg Windfarm Limited,469.3,39721.0
2026-08-07,T_STLGW-2,Stronelairg Windfarm Limited,514.5,43549.0
2026-08-07,T_STLGW-3,Stronelairg Windfarm Limited,419.4,35500.0
2026-08-07,T_STRNW-1,Strathy Wind Farm Limited,138.7,11465.0
2026-08-07,T_TWSHW-1,Twentyshilling Limited,21.7,610.0
2026-08-07,T_VKNGW-1,Viking Energy Wind Farm LLP,1062.4,15383.0
2026-08-07,T_VKNGW-2,Viking Energy Wind Farm LLP,1170.0,16940.0
2026-08-07,T_VKNGW-3,Viking Energy Wind Farm LLP,1028.5,14892.0
2026-08-07,T_VKNGW-4,Viking Energy Wind Farm LLP,1033.0,14957.0
2026-08-07,T_WDRGW-1,Windy Rig Wind Farm Limited,23.7,681.0
2026-08-08,C__PSTAT011,Statkraft Markets Gmbh,652.9,48969.0
2026-08-08,E_BABAW-1,Statkraft Markets Gmbh,57.5,4838.0
2026-08-08,E_BTUIW-3,SP Renewables (UK) Limited,541.9,5950.0
2026-08-08,E_GRGRW-1,Evolve Energy Supply Limited,197.5,13828.0
2026-08-08,T_AKGLW-3,AIK2A Sustainable Energy Ltd,106.1,5296.0
2026-08-08,T_BDCHW-1,RWE Generation UK plc,10.7,953.0
2026-08-08,T_BEATO-1,Beatrice Offshore Windfarm Ltd,665.6,61516.0
2026-08-08,T_BEATO-2,Beatrice Offshore Windfarm Ltd,959.5,91027.0
2026-08-08,T_BEATO-3,Beatrice Offshore Windfarm Ltd,1224.5,115932.0
2026-08-08,T_BEATO-4,Beatrice Offshore Windfarm Ltd,1040.7,97816.0
2026-08-08,T_BHLAW-1,SSE Generation Ltd,448.3,37947.0
2026-08-08,T_BROCW-1,Smartestenergy Limited,37.6,1467.0
2026-08-08,T_CGTHW-1,Corriegarth Wind Energy LTD,972.7,78493.0
2026-08-08,T_CRDEW-1,EDF Energy Customers Limited,14.3,774.0
2026-08-08,T_CREAW-1,Creag Riabhach Wind Farm Ltd,1437.5,83374.0
2026-08-08,T_CRGHW-1,Statkraft Markets Gmbh,163.1,12555.0
2026-08-08,T_CRMLW-1,EDF Energy Customers Limited,66.6,5661.0
2026-08-08,T_DOUGW-1,Erova Energy Limited,120.6,3617.0
2026-08-08,T_EDINW-1,Vattenfall Wind Power Ltd,364.1,40054.0
2026-08-08,T_GLNKW-1,EDF Energy Customers Limited,1041.1,42060.0
2026-08-08,T_GORDW-1,SSE Generation Ltd,837.8,69152.0
2026-08-08,T_GORDW-2,SSE Generation Ltd,384.4,5962.0
2026-08-08,T_GRIFW-1,Griffin Wind Farm Ltd,132.3,11790.0
2026-08-08,T_GRIFW-2,Griffin Wind Farm Ltd,132.2,11786.0
2026-08-08,T_HAHAW-1,HAGSHAW HILL REPOWERING LTD,87.9,1051.0
2026-08-08,T_HALSW-1,SP Renewables (UK) Limited,497.7,5718.0
2026-08-08,T_KPMRW-1,OnPath Energy Limited,43.8,282.0
2026-08-08,T_KYPEW-1,Kype Extension Wind Farm Ltd,190.1,6653.0
2026-08-08,T_LIMKW-1,Limekiln Extension Ltd,1547.4,46423.0
2026-08-08,T_MIDMW-1,OnPath Energy Limited,21.5,137.0
2026-08-08,T_MOWEO-1,Moray Offshore Wind East Ltd,5858.9,185679.0
2026-08-08,T_MOWEO-2,Moray Offshore Wind East Ltd,3523.6,28373.0
2026-08-08,T_MOWEO-3,Moray Offshore Wind East Ltd,4689.2,150654.0
2026-08-08,T_MOWWO-1,Moray Offshore Wind West Ltd,3930.2,94968.0
2026-08-08,T_MOWWO-2,Moray Offshore Wind West Ltd,3738.4,89983.0
2026-08-08,T_MOWWO-3,Moray Offshore Wind West Ltd,1779.3,42855.0
2026-08-08,T_MOWWO-4,Moray Offshore Wind West Ltd,3486.3,127773.0
2026-08-08,T_NNGAO-1,Neart Na Gaoithe Offshore Wind,67.6,3756.0
2026-08-08,T_NNGAO-2,Neart Na Gaoithe Offshore Wind,1.3,72.0
2026-08-08,T_NOKYW-1,North Kyle Wind farm Ltd,349.6,5241.0
2026-08-08,T_NOKYW-2,North Kyle Wind farm Ltd,352.9,5290.0
2026-08-08,T_SAKNW-1,Sandy Knowe Wind Farm Ltd,71.1,2842.0
2026-08-08,T_SGRWO-1,Seagreen Wind Energy Limited,5159.9,72600.0
2026-08-08,T_SGRWO-2,Seagreen Wind Energy Limited,1310.5,18439.0
2026-08-08,T_SGRWO-3,Seagreen Wind Energy Limited,2519.5,35450.0
2026-08-08,T_SGRWO-4,Seagreen Wind Energy Limited,2572.4,36194.0
2026-08-08,T_SGRWO-5,Seagreen Wind Energy Limited,1290.2,18153.0
2026-08-08,T_SGRWO-6,Seagreen Wind Energy Limited,6542.1,92047.0
2026-08-08,T_SOKYW-1,South Kyle Wind Farm Limited,162.7,7811.0
2026-08-08,T_STLGW-1,Stronelairg Windfarm Limited,204.5,17307.0
2026-08-08,T_STLGW-2,Stronelairg Windfarm Limited,291.3,24651.0
2026-08-08,T_STLGW-3,Stronelairg Windfarm Limited,204.0,17260.0
2026-08-08,T_STRNW-1,Strathy Wind Farm Limited,313.2,25885.0
2026-08-08,T_TWSHW-1,Twentyshilling Limited,99.0,2788.0
2026-08-08,T_VKNGW-1,Viking Energy Wind Farm LLP,1571.1,22734.0
2026-08-08,T_VKNGW-2,Viking Energy Wind Farm LLP,1619.1,23428.0
2026-08-08,T_VKNGW-3,Viking Energy Wind Farm LLP,1477.8,21384.0
2026-08-08,T_VKNGW-4,Viking Energy Wind Farm LLP,1508.4,21826.0
2026-08-08,T_WDRGW-1,Windy Rig Wind Farm Limited,115.0,3299.0
2026-08-09,E_BTUIW-3,SP Renewables (UK) Limited,166.8,1832.0
2026-08-09,T_AKGLW-3,AIK2A Sustainable Energy Ltd,83.1,4146.0
2026-08-09,T_BROCW-1,Smartestenergy Limited,33.0,1286.0
2026-08-09,T_CRDEW-1,EDF Energy Customers Limited,28.9,1558.0
2026-08-09,T_CRDEW-2,EDF Energy Customers Limited,28.9,1558.0
2026-08-09,T_CREAW-1,Creag Riabhach Wind Farm Ltd,0.5,30.0
2026-08-09,T_CRGHW-1,Statkraft Markets Gmbh,5.7,437.0
2026-08-09,T_CUMHW-1,Uniper UK Limited,160.8,2438.0
2026-08-09,T_DOUGW-1,Erova Energy Limited,70.7,2122.0
2026-08-09,T_GLNKW-1,EDF Energy Customers Limited,104.4,4218.0
2026-08-09,T_GORDW-2,SSE Generation Ltd,251.7,3904.0
2026-08-09,T_HALSW-1,SP Renewables (UK) Limited,360.9,4147.0
2026-08-09,T_HOWBO-1,Breesea Limited,274.4,13081.0
2026-08-09,T_HOWBO-2,Sonningmay Wind Limited,283.7,13936.0
2026-08-09,T_HOWBO-3,Soundmark Wind Limited,287.6,14190.0
2026-08-09,T_KENNW-1,Kennoxhead Wind Farm Limited,88.6,3319.0
2026-08-09,T_LIMKW-1,Limekiln Extension Ltd,580.0,17400.0
2026-08-09,T_MOWEO-1,Moray Offshore Wind East Ltd,2082.2,2729.0
2026-08-09,T_MOWEO-2,Moray Offshore Wind East Ltd,1551.8,1431.0
2026-08-09,T_MOWEO-3,Moray Offshore Wind East Ltd,1651.7,9802.0
2026-08-09,T_MOWWO-1,Moray Offshore Wind West Ltd,1550.4,36147.0
2026-08-09,T_MOWWO-2,Moray Offshore Wind West Ltd,1589.4,37695.0
2026-08-09,T_MOWWO-3,Moray Offshore Wind West Ltd,301.9,7754.0
2026-08-09,T_MOWWO-4,Moray Offshore Wind West Ltd,245.6,9000.0
2026-08-09,T_NNGAO-1,Neart Na Gaoithe Offshore Wind,63.9,2232.0
2026-08-09,T_NOKYW-1,North Kyle Wind farm Ltd,148.5,2227.0
2026-08-09,T_SAKNW-1,Sandy Knowe Wind Farm Ltd,161.4,6457.0
2026-08-09,T_SGRWO-1,Seagreen Wind Energy Limited,2773.8,39027.0
2026-08-09,T_SGRWO-2,Seagreen Wind Energy Limited,746.0,10496.0
2026-08-09,T_SGRWO-3,Seagreen Wind Energy Limited,1853.5,26078.0
2026-08-09,T_SGRWO-4,Seagreen Wind Energy Limited,1415.4,19914.0
2026-08-09,T_SGRWO-5,Seagreen Wind Energy Limited,911.7,12827.0
2026-08-09,T_SGRWO-6,Seagreen Wind Energy Limited,3682.4,51811.0
2026-08-09,T_SOKYW-1,South Kyle Wind Farm Limited,169.1,8119.0
2026-08-09,T_TWSHW-1,Twentyshilling Limited,48.0,1352.0
2026-08-09,T_VKNGW-1,Viking Energy Wind Farm LLP,1893.3,27396.0
2026-08-09,T_VKNGW-2,Viking Energy Wind Farm LLP,1842.2,26656.0
2026-08-09,T_VKNGW-3,Viking Energy Wind Farm LLP,1694.6,24521.0
2026-08-09,T_VKNGW-4,Viking Energy Wind Farm LLP,1796.0,25988.0
2026-08-09,T_WDRGW-1,Windy Rig Wind Farm Limited,139.3,3998.0
2026-08-10,E_BTUIW-3,SP Renewables (UK) Limited,67.0,736.0
2026-08-10,T_CUMHW-1,Uniper UK Limited,12.7,192.0
2026-08-10,T_GORDW-2,SSE Generation Ltd,65.4,1014.0
2026-08-10,T_HALSW-1,SP Renewables (UK) Limited,333.0,3826.0
2026-08-10,T_LIMKW-1,Limekiln Extension Ltd,54.4,1631.0
2026-08-10,T_MOWEO-1,Moray Offshore Wind East Ltd,2032.3,4234.0
2026-08-10,T_MOWEO-2,Moray Offshore Wind East Ltd,1838.2,4265.0
2026-08-10,T_MOWEO-3,Moray Offshore Wind East Ltd,1574.3,3862.0
2026-08-10,T_MOWWO-1,Moray Offshore Wind West Ltd,23.2,519.0
2026-08-10,T_MOWWO-2,Moray Offshore Wind West Ltd,118.8,2186.0
2026-08-10,T_SGRWO-1,Seagreen Wind Energy Limited,187.3,2636.0
2026-08-10,T_SGRWO-2,Seagreen Wind Energy Limited,25.0,352.0
2026-08-10,T_SGRWO-3,Seagreen Wind Energy Limited,97.7,1374.0
2026-08-10,T_SGRWO-4,Seagreen Wind Energy Limited,86.2,1213.0
2026-08-10,T_SGRWO-5,Seagreen Wind Energy Limited,33.6,472.0
2026-08-10,T_SGRWO-6,Seagreen Wind Energy Limited,155.7,2191.0
2026-08-10,T_VKNGW-1,Viking Energy Wind Farm LLP,271.7,3932.0
2026-08-10,T_VKNGW-2,Viking Energy Wind Farm LLP,1424.3,20609.0
2026-08-10,T_VKNGW-3,Viking Energy Wind Farm LLP,960.7,13902.0
2026-08-10,T_VKNGW-4,Viking Energy Wind Farm LLP,671.8,9721.0
2026-08-11,T_MOWEO-1,Moray Offshore Wind East Ltd,1575.1,722.0
2026-08-11,T_MOWEO-2,Moray Offshore Wind East Ltd,1105.8,52.0
2026-08-11,T_MOWEO-3,Moray Offshore Wind East Ltd,1042.9,0.0
2026-08-11,T_MOWWO-1,Moray Offshore Wind West Ltd,149.0,2341.0
2026-08-11,T_SGRWO-1,Seagreen Wind Energy Limited,24.8,341.0
2026-08-11,T_SGRWO-2,Seagreen Wind Energy Limited,338.5,4661.0
2026-08-11,T_SGRWO-3,Seagreen Wind Energy Limited,547.6,7540.0
2026-08-11,T_SGRWO-4,Seagreen Wind Energy Limited,458.1,6308.0
2026-08-11,T_SGRWO-5,Seagreen Wind Energy Limited,211.9,2917.0
2026-08-11,T_SGRWO-6,Seagreen Wind Energy Limited,1350.3,18594.0
2026-08-11,T_VKNGW-1,Viking Energy Wind Farm LLP,70.1,1015.0
2026-08-11,T_VKNGW-2,Viking Energy Wind Farm LLP,67.5,976.0
2026-08-11,T_VKNGW-3,Viking Energy Wind Farm LLP,55.7,805.0
2026-08-11,T_VKNGW-4,Viking Energy Wind Farm LLP,56.3,815.0
2026-08-12,T_EDINW-1,Vattenfall Wind Power Ltd,4.8,524.0
2026-08-12,T_GORDW-2,SSE Generation Ltd,3.8,59.0
2026-08-12,T_HALSW-1,SP Renewables (UK) Limited,5.6,64.0
2026-08-12,T_HOWBO-2,Sonningmay Wind Limited,61.8,0.0
2026-08-12,T_HOWBO-3,Soundmark Wind Limited,103.0,0.0
2026-08-12,T_MOWEO-1,Moray Offshore Wind East Ltd,506.6,0.0
2026-08-12,T_MOWEO-2,Moray Offshore Wind East Ltd,393.8,0.0
2026-08-12,T_MOWEO-3,Moray Offshore Wind East Ltd,140.4,0.0
2026-08-12,T_MOWWO-1,Moray Offshore Wind West Ltd,126.9,1489.0
2026-08-12,T_MOWWO-2,Moray Offshore Wind West Ltd,102.8,1236.0
2026-08-12,T_MOWWO-3,Moray Offshore Wind West Ltd,21.5,261.0
2026-08-12,T_MOWWO-4,Moray Offshore Wind West Ltd,17.0,624.0
2026-08-12,T_SGRWO-1,Seagreen Wind Energy Limited,721.2,9931.0
2026-08-12,T_SGRWO-2,Seagreen Wind Energy Limited,386.8,5326.0
2026-08-12,T_SGRWO-3,Seagreen Wind Energy Limited,936.7,12898.0
2026-08-12,T_SGRWO-4,Seagreen Wind Energy Limited,780.6,10749.0
2026-08-12,T_SGRWO-5,Seagreen Wind Energy Limited,133.7,1841.0
2026-08-12,T_SGRWO-6,Seagreen Wind Energy Limited,3679.0,50660.0
2026-08-12,T_VKNGW-1,Viking Energy Wind Farm LLP,23.3,337.0
2026-08-12,T_VKNGW-2,Viking Energy Wind Farm LLP,18.5,267.0
2026-08-12,T_VKNGW-3,Viking Energy Wind Farm LLP,11.1,161.0
2026-08-12,T_VKNGW-4,Viking Energy Wind Farm LLP,10.8,156.0
2026-08-14,T_HALSW-1,SP Renewables (UK) Limited,11.8,135.0
2026-08-14,T_MOWEO-1,Moray Offshore Wind East Ltd,233.4,14.0
2026-08-14,T_MOWEO-2,Moray Offshore Wind East Ltd,79.9,0.0
2026-08-14,T_MOWEO-3,Moray Offshore Wind East Ltd,112.8,0.0
2026-08-14,T_MOWWO-1,Moray Offshore Wind West Ltd,6.5,94.0
2026-08-14,T_MOWWO-2,Moray Offshore Wind West Ltd,0.7,10.0
2026-08-14,T_MOWWO-3,Moray Offshore Wind West Ltd,1.0,14.0
2026-08-14,T_MOWWO-4,Moray Offshore Wind West Ltd,2.9,105.0
2026-08-14,T_SGRWO-1,Seagreen Wind Energy Limited,30.7,423.0
2026-08-14,T_SGRWO-3,Seagreen Wind Energy Limited,0.1,1.0
2026-08-14,T_VKNGW-1,Viking Energy Wind Farm LLP,32.8,474.0
2026-08-14,T_VKNGW-2,Viking Energy Wind Farm LLP,42.3,613.0
2026-08-14,T_VKNGW-3,Viking Energy Wind Farm LLP,19.0,275.0
2026-08-14,T_VKNGW-4,Viking Energy Wind Farm LLP,36.0,522.0
2026-08-15,T_GORDW-2,SSE Generation Ltd,51.4,797.0
2026-08-15,T_HALSW-1,SP Renewables (UK) Limited,2.4,27.0
2026-08-15,T_LIMKW-1,Limekiln Extension Ltd,132.5,3975.0
2026-08-15,T_MOWEO-1,Moray Offshore Wind East Ltd,1551.9,11642.0
2026-08-15,T_MOWEO-2,Moray Offshore Wind East Ltd,1199.9,12047.0
2026-08-15,T_MOWEO-3,Moray Offshore Wind East Ltd,1424.9,13633.0
2026-08-15,T_MOWWO-1,Moray Offshore Wind West Ltd,251.5,5731.0
2026-08-15,T_MOWWO-2,Moray Offshore Wind West Ltd,150.0,3154.0
2026-08-15,T_MOWWO-3,Moray Offshore Wind West Ltd,22.4,424.0
2026-08-15,T_MOWWO-4,Moray Offshore Wind West Ltd,333.5,12222.0
2026-08-15,T_SGRWO-1,Seagreen Wind Energy Limited,41.1,566.0
2026-08-15,T_SGRWO-2,Seagreen Wind Energy Limited,0.5,7.0
2026-08-15,T_SGRWO-6,Seagreen Wind Energy Limited,44.8,617.0
2026-08-15,T_VKNGW-1,Viking Energy Wind Farm LLP,346.7,5016.0
2026-08-15,T_VKNGW-2,Viking Energy Wind Farm LLP,405.2,5863.0
2026-08-15,T_VKNGW-3,Viking Energy Wind Farm LLP,220.3,3188.0
2026-08-15,T_VKNGW-4,Viking Energy Wind Farm LLP,203.5,2945.0
2026-08-17,T_HALSW-1,SP Renewables (UK) Limited,13.6,157.0
2026-08-17,T_MOWEO-1,Moray Offshore Wind East Ltd,722.1,0.0
2026-08-17,T_MOWEO-2,Moray Offshore Wind East Ltd,472.9,0.0
2026-08-17,T_MOWEO-3,Moray Offshore Wind East Ltd,524.8,0.0
2026-08-17,T_MOWWO-1,Moray Offshore Wind West Ltd,127.2,1966.0
2026-08-17,T_MOWWO-2,Moray Offshore Wind West Ltd,131.8,2037.0
2026-08-17,T_MOWWO-3,Moray Offshore Wind West Ltd,64.4,995.0
2026-08-17,T_SGRWO-1,Seagreen Wind Energy Limited,8.6,119.0
2026-08-17,T_SGRWO-6,Seagreen Wind Energy Limited,5.0,68.0
2026-08-18,E_BTUIW-3,SP Renewables (UK) Limited,131.4,1443.0
2026-08-18,T_AKGLW-3,AIK2A Sustainable Energy Ltd,44.2,2204.0
2026-08-18,T_BENBW-1,Benbrack Wind Farm Limited,151.5,0.0
2026-08-18,T_CLDCW-1,Clyde Windfarm (Scotland) Ltd,23.4,2292.0
2026-08-18,T_CLDNW-1,Clyde Windfarm (Scotland) Ltd,16.5,1514.0
2026-08-18,T_CUMHW-1,Uniper UK Limited,81.4,1234.0
2026-08-18,T_HALSW-1,SP Renewables (UK) Limited,88.4,1015.0
2026-08-18,T_KENNW-1,Kennoxhead Wind Farm Limited,67.2,2112.0
2026-08-18,T_KPMRW-1,OnPath Energy Limited,137.6,592.0
2026-08-18,T_MIDMW-1,OnPath Energy Limited,31.3,113.0
2026-08-18,T_MOWEO-1,Moray Offshore Wind East Ltd,1430.2,0.0
2026-08-18,T_MOWEO-2,Moray Offshore Wind East Ltd,1462.3,0.0
2026-08-18,T_MOWEO-3,Moray Offshore Wind East Ltd,1717.3,0.0
2026-08-18,T_MOWWO-1,Moray Offshore Wind West Ltd,375.4,6369.0
2026-08-18,T_MOWWO-2,Moray Offshore Wind West Ltd,266.2,4327.0
2026-08-18,T_MOWWO-3,Moray Offshore Wind West Ltd,272.4,4436.0
2026-08-18,T_NOKYW-1,North Kyle Wind farm Ltd,152.0,2279.0
2026-08-18,T_NOKYW-2,North Kyle Wind farm Ltd,153.2,2296.0
2026-08-18,T_SGRWO-1,Seagreen Wind Energy Limited,438.2,6021.0
2026-08-18,T_SGRWO-2,Seagreen Wind Energy Limited,76.7,1054.0
2026-08-18,T_SGRWO-3,Seagreen Wind Energy Limited,107.2,1473.0
2026-08-18,T_SGRWO-4,Seagreen Wind Energy Limited,122.4,1681.0
2026-08-18,T_SGRWO-5,Seagreen Wind Energy Limited,63.6,873.0
2026-08-18,T_SGRWO-6,Seagreen Wind Energy Limited,291.5,4006.0
2026-08-18,T_VKNGW-1,Viking Energy Wind Farm LLP,15.7,228.0
2026-08-18,T_VKNGW-2,Viking Energy Wind Farm LLP,13.5,196.0
2026-08-18,T_VKNGW-3,Viking Energy Wind Farm LLP,8.2,119.0
2026-08-18,T_VKNGW-4,Viking Energy Wind Farm LLP,10.0,145.0
2026-08-19,T_MOWEO-1,Moray Offshore Wind East Ltd,966.1,0.0
2026-08-19,T_MOWEO-2,Moray Offshore Wind East Ltd,1251.2,0.0
2026-08-19,T_MOWEO-3,Moray Offshore Wind East Ltd,1157.6,0.0
2026-08-19,T_MOWWO-1,Moray Offshore Wind West Ltd,205.1,2679.0
2026-08-19,T_MOWWO-2,Moray Offshore Wind West Ltd,167.5,2158.0
2026-08-19,T_MOWWO-3,Moray Offshore Wind West Ltd,100.5,1395.0
2026-08-19,T_MOWWO-4,Moray Offshore Wind West Ltd,95.7,3506.0
2026-08-19,T_SGRWO-1,Seagreen Wind Energy Limited,23.1,318.0
2026-08-19,T_SGRWO-6,Seagreen Wind Energy Limited,17.2,237.0
2026-08-19,T_VKNGW-1,Viking Energy Wind Farm LLP,211.0,3054.0
2026-08-19,T_VKNGW-2,Viking Energy Wind Farm LLP,230.7,3338.0
2026-08-19,T_VKNGW-3,Viking Energy Wind Farm LLP,204.9,2965.0
2026-08-19,T_VKNGW-4,Viking Energy Wind Farm LLP,164.6,2382.0
2026-08-20,T_GORDW-2,SSE Generation Ltd,23.4,363.0
2026-08-20,T_HALSW-1,SP Renewables (UK) Limited,192.3,2209.0
2026-08-20,T_MOWEO-1,Moray Offshore Wind East Ltd,4470.2,0.0
2026-08-20,T_MOWEO-2,Moray Offshore Wind East Ltd,3428.8,0.0
2026-08-20,T_MOWEO-3,Moray Offshore Wind East Ltd,3459.7,0.0
2026-08-20,T_MOWWO-1,Moray Offshore Wind West Ltd,1445.5,25013.0
2026-08-20,T_MOWWO-2,Moray Offshore Wind West Ltd,816.3,13786.0
2026-08-20,T_MOWWO-3,Moray Offshore Wind West Ltd,1170.5,19034.0
2026-08-20,T_MOWWO-4,Moray Offshore Wind West Ltd,247.4,9066.0
2026-08-20,T_SGRWO-1,Seagreen Wind Energy Limited,1908.8,26226.0
2026-08-20,T_SGRWO-2,Seagreen Wind Energy Limited,281.8,3872.0
2026-08-20,T_SGRWO-3,Seagreen Wind Energy Limited,941.1,12931.0
2026-08-20,T_SGRWO-4,Seagreen Wind Energy Limited,1660.7,22817.0
2026-08-20,T_SGRWO-5,Seagreen Wind Energy Limited,465.6,6397.0
2026-08-20,T_SGRWO-6,Seagreen Wind Energy Limited,2328.9,31999.0
2026-08-20,T_VKNGW-1,Viking Energy Wind Farm LLP,468.8,6783.0
2026-08-20,T_VKNGW-2,Viking Energy Wind Farm LLP,455.6,6592.0
2026-08-20,T_VKNGW-3,Viking Energy Wind Farm LLP,636.4,9209.0
2026-08-20,T_VKNGW-4,Viking Energy Wind Farm LLP,434.5,6288.0
2026-08-21,T_HALSW-1,SP Renewables (UK) Limited,57.5,661.0
2026-08-21,T_MOWEO-1,Moray Offshore Wind East Ltd,2361.3,0.0
2026-08-21,T_MOWEO-2,Moray Offshore Wind East Ltd,2221.1,0.0
2026-08-21,T_MOWEO-3,Moray Offshore Wind East Ltd,2212.8,0.0
2026-08-21,T_MOWWO-1,Moray Offshore Wind West Ltd,279.2,3543.0
2026-08-21,T_MOWWO-2,Moray Offshore Wind West Ltd,247.2,3201.0
2026-08-21,T_MOWWO-3,Moray Offshore Wind West Ltd,274.5,3474.0
2026-08-21,T_SGRWO-1,Seagreen Wind Energy Limited,2063.2,28348.0
2026-08-21,T_SGRWO-2,Seagreen Wind Energy Limited,286.6,3938.0
2026-08-21,T_SGRWO-3,Seagreen Wind Energy Limited,335.5,4609.0
2026-08-21,T_SGRWO-4,Seagreen Wind Energy Limited,933.3,12824.0
2026-08-21,T_SGRWO-5,Seagreen Wind Energy Limited,532.5,7317.0
2026-08-21,T_SGRWO-6,Seagreen Wind Energy Limited,2712.8,37274.0
2026-08-22,E_BTUIW-3,SP Renewables (UK) Limited,22.4,246.0
2026-08-22,T_GORDW-2,SSE Generation Ltd,16.0,248.0
2026-08-22,T_HALSW-1,SP Renewables (UK) Limited,24.2,278.0
2026-08-22,T_HOWBO-1,Breesea Limited,1630.0,22076.0
2026-08-22,T_HOWBO-2,Sonningmay Wind Limited,2008.9,27349.0
2026-08-22,T_HOWBO-3,Soundmark Wind Limited,1920.3,26217.0
2026-08-22,T_MOWEO-1,Moray Offshore Wind East Ltd,170.3,0.0
2026-08-22,T_MOWEO-2,Moray Offshore Wind East Ltd,198.1,0.0
2026-08-22,T_MOWEO-3,Moray Offshore Wind East Ltd,257.3,0.0
2026-08-22,T_MOWWO-1,Moray Offshore Wind West Ltd,21.7,369.0
2026-08-22,T_MOWWO-2,Moray Offshore Wind West Ltd,24.2,411.0
2026-08-22,T_MOWWO-3,Moray Offshore Wind West Ltd,0.5,9.0
2026-08-22,T_NOKYW-1,North Kyle Wind farm Ltd,14.4,216.0
2026-08-22,T_NOKYW-2,North Kyle Wind farm Ltd,15.0,224.0
2026-08-22,T_SGRWO-1,Seagreen Wind Energy Limited,34.1,469.0
2026-08-22,T_SGRWO-2,Seagreen Wind Energy Limited,5.1,70.0
2026-08-22,T_SGRWO-3,Seagreen Wind Energy Limited,12.2,168.0
2026-08-22,T_SGRWO-4,Seagreen Wind Energy Limited,9.0,124.0
2026-08-22,T_SGRWO-5,Seagreen Wind Energy Limited,4.1,56.0
2026-08-22,T_SGRWO-6,Seagreen Wind Energy Limited,44.2,608.0
2026-08-22,T_VKNGW-1,Viking Energy Wind Farm LLP,56.0,810.0
2026-08-22,T_VKNGW-2,Viking Energy Wind Farm LLP,60.1,869.0
2026-08-22,T_VKNGW-3,Viking Energy Wind Farm LLP,44.3,640.0
2026-08-22,T_VKNGW-4,Viking Energy Wind Farm LLP,42.5,614.0
2026-08-24,T_GRGBW-1,Greater Gabbard Offshore Winds,1.2,194.0
2026-08-24,T_GRGBW-2,Greater Gabbard Offshore Winds,1.3,218.0
2026-08-24,T_HALSW-1,SP Renewables (UK) Limited,39.1,450.0
2026-08-24,T_HOWBO-1,Breesea Limited,127.8,0.0
2026-08-24,T_HOWBO-2,Sonningmay Wind Limited,116.9,0.0
2026-08-24,T_HOWBO-3,Soundmark Wind Limited,76.6,0.0
2026-08-24,T_MOWEO-1,Moray Offshore Wind East Ltd,2013.2,0.0
2026-08-24,T_MOWEO-2,Moray Offshore Wind East Ltd,1510.1,0.0
2026-08-24,T_MOWEO-3,Moray Offshore Wind East Ltd,1844.6,0.0
2026-08-24,T_MOWWO-1,Moray Offshore Wind West Ltd,619.8,8259.0
2026-08-24,T_SGRWO-6,Seagreen Wind Energy Limited,32.8,450.0
2026-08-25,T_HOWBO-1,Breesea Limited,399.4,0.0
2026-08-25,T_HOWBO-2,Sonningmay Wind Limited,572.0,0.0
2026-08-25,T_HOWBO-3,Soundmark Wind Limited,300.6,0.0
2026-08-25,T_LIMKW-1,Limekiln Extension Ltd,7.0,209.0
2026-08-25,T_MOWEO-1,Moray Offshore Wind East Ltd,495.3,0.0
2026-08-25,T_MOWEO-2,Moray Offshore Wind East Ltd,637.1,0.0
2026-08-25,T_MOWEO-3,Moray Offshore Wind East Ltd,333.2,0.0
2026-08-25,T_NOKYW-1,North Kyle Wind farm Ltd,26.9,404.0
2026-08-25,T_NOKYW-2,North Kyle Wind farm Ltd,21.3,320.0
2026-08-25,T_SAKNW-1,Sandy Knowe Wind Farm Ltd,2.3,91.0
2026-08-25,T_SGRWO-1,Seagreen Wind Energy Limited,44.2,612.0
2026-08-25,T_SGRWO-2,Seagreen Wind Energy Limited,9.3,128.0
2026-08-25,T_SGRWO-3,Seagreen Wind Energy Limited,18.0,250.0
2026-08-25,T_SGRWO-4,Seagreen Wind Energy Limited,9.9,137.0
2026-08-25,T_SGRWO-5,Seagreen Wind Energy Limited,4.3,59.0
2026-08-25,T_SGRWO-6,Seagreen Wind Energy Limited,41.3,572.0
2026-08-26,T_BDCHW-1,RWE Generation UK plc,2.6,7.0
2026-08-26,T_BEATO-1,Beatrice Offshore Windfarm Ltd,34.1,2320.0
2026-08-26,T_BEATO-2,Beatrice Offshore Windfarm Ltd,51.3,3490.0
2026-08-26,T_BEATO-3,Beatrice Offshore Windfarm Ltd,57.4,3890.0
2026-08-26,T_BEATO-4,Beatrice Offshore Windfarm Ltd,28.1,1813.0
2026-08-26,T_DRSLW-1,SP Renewables (UK) Limited,49.5,3995.0
2026-08-26,T_GORDW-2,SSE Generation Ltd,81.0,1255.0
2026-08-26,T_LIMKW-1,Limekiln Extension Ltd,3.8,113.0
2026-08-26,T_MOWEO-1,Moray Offshore Wind East Ltd,1326.3,0.0
2026-08-26,T_MOWEO-2,Moray Offshore Wind East Ltd,1037.9,0.0
2026-08-26,T_MOWEO-3,Moray Offshore Wind East Ltd,1544.4,0.0
2026-08-26,T_MOWWO-2,Moray Offshore Wind West Ltd,22.5,265.0
2026-08-26,T_MOWWO-3,Moray Offshore Wind West Ltd,85.4,989.0
2026-08-26,T_NOKYW-1,North Kyle Wind farm Ltd,303.9,4555.0
2026-08-26,T_NOKYW-2,North Kyle Wind farm Ltd,280.6,4205.0
2026-08-26,T_SAKNW-1,Sandy Knowe Wind Farm Ltd,36.5,1462.0
2026-08-26,T_SGRWO-1,Seagreen Wind Energy Limited,800.1,11074.0
2026-08-26,T_SGRWO-2,Seagreen Wind Energy Limited,166.9,2310.0
2026-08-26,T_SGRWO-3,Seagreen Wind Energy Limited,532.2,7365.0
2026-08-26,T_SGRWO-4,Seagreen Wind Energy Limited,251.4,3480.0
2026-08-26,T_SGRWO-5,Seagreen Wind Energy Limited,126.3,1749.0
2026-08-26,T_SGRWO-6,Seagreen Wind Energy Limited,964.4,13348.0
2026-08-26,T_SOKYW-1,South Kyle Wind Farm Limited,245.4,11780.0
2026-08-28,T_GRGBW-2,Greater Gabbard Offshore Winds,11.1,1842.0
2026-08-28,T_HALSW-1,SP Renewables (UK) Limited,61.3,705.0
2026-08-28,T_MOWEO-1,Moray Offshore Wind East Ltd,2742.2,339.0
2026-08-28,T_MOWEO-2,Moray Offshore Wind East Ltd,2591.8,310.0
2026-08-28,T_MOWEO-3,Moray Offshore Wind East Ltd,2739.9,325.0
2026-08-28,T_MOWWO-1,Moray Offshore Wind West Ltd,10.0,199.0
2026-08-28,T_MOWWO-2,Moray Offshore Wind West Ltd,16.7,331.0
2026-08-28,T_MOWWO-3,Moray Offshore Wind West Ltd,90.0,1744.0
2026-08-28,T_MOWWO-4,Moray Offshore Wind West Ltd,289.4,10608.0
2026-08-28,T_SGRWO-1,Seagreen Wind Energy Limited,2156.2,29842.0
2026-08-28,T_SGRWO-2,Seagreen Wind Energy Limited,396.9,5493.0
2026-08-28,T_SGRWO-3,Seagreen Wind Energy Limited,1053.7,14584.0
2026-08-28,T_SGRWO-4,Seagreen Wind Energy Limited,672.4,9306.0
2026-08-28,T_SGRWO-5,Seagreen Wind Energy Limited,181.4,2510.0
2026-08-28,T_SGRWO-6,Seagreen Wind Energy Limited,2312.5,32005.0
2026-08-28,T_VKNGW-1,Viking Energy Wind Farm LLP,289.8,4190.0
2026-08-28,T_VKNGW-2,Viking Energy Wind Farm LLP,188.2,2722.0
2026-08-29,T_LARYW-1,London Array Limited,31.7,5703.0
2026-08-29,T_LARYW-2,London Array Limited,38.8,6973.0
2026-08-29,T_LARYW-3,London Array Limited,28.3,5086.0
2026-08-29,T_LARYW-4,London Array Limited,30.3,5442.0
2026-08-29,T_MOWEO-1,Moray Offshore Wind East Ltd,390.2,8036.0
2026-08-29,T_MOWEO-2,Moray Offshore Wind East Ltd,355.8,7662.0
2026-08-29,T_MOWEO-3,Moray Offshore Wind East Ltd,591.8,11923.0
2026-08-29,T_SGRWO-1,Seagreen Wind Energy Limited,121.1,1676.0
2026-08-29,T_SGRWO-3,Seagreen Wind Energy Limited,16.9,233.0
2026-08-29,T_SGRWO-6,Seagreen Wind Energy Limited,141.3,1956.0
2026-08-29,T_VKNGW-1,Viking Energy Wind Farm LLP,203.4,2933.0
2026-08-29,T_VKNGW-2,Viking Energy Wind Farm LLP,221.4,3193.0
2026-08-29,T_VKNGW-3,Viking Energy Wind Farm LLP,177.0,2553.0
2026-08-29,T_VKNGW-4,Viking Energy Wind Farm LLP,231.3,3335.0
2026-08-31,C__PSTAT011,Statkraft Markets Gmbh,22.2,776.0
2026-08-31,E_BLARW-1,Erova Energy Limited,37.5,1041.0
2026-08-31,E_BTUIW-3,SP Renewables (UK) Limited,93.8,1030.0
2026-08-31,T_CUMHW-1,Uniper UK Limited,65.7,996.0
2026-08-31,T_DOUGW-1,Erova Energy Limited,38.2,1147.0
2026-08-31,T_GLNKW-1,EDF Energy Customers Limited,8.4,341.0
2026-08-31,T_GORDW-2,SSE Generation Ltd,45.5,712.0
2026-08-31,T_HALSW-1,SP Renewables (UK) Limited,43.0,494.0
2026-08-31,T_HOWBO-2,Sonningmay Wind Limited,8.0,0.0
2026-08-31,T_HOWBO-3,Soundmark Wind Limited,15.8,0.0
2026-08-31,T_KENNW-1,Kennoxhead Wind Farm Limited,54.1,1701.0
2026-08-31,T_KYPEW-1,Kype Extension Wind Farm Ltd,92.0,3220.0
2026-08-31,T_LIMKW-1,Limekiln Extension Ltd,144.4,4333.0
2026-08-31,T_MOWWO-1,Moray Offshore Wind West Ltd,71.3,1613.0
2026-08-31,T_MOWWO-2,Moray Offshore Wind West Ltd,24.7,626.0
2026-08-31,T_MOWWO-3,Moray Offshore Wind West Ltd,78.3,1751.0
2026-08-31,T_MOWWO-4,Moray Offshore Wind West Ltd,40.3,1479.0
2026-08-31,T_NOKYW-1,North Kyle Wind farm Ltd,102.1,1531.0
2026-08-31,T_NOKYW-2,North Kyle Wind farm Ltd,119.2,1786.0
2026-08-31,T_TWSHW-1,Twentyshilling Limited,54.1,1523.0
2026-08-31,T_VKNGW-1,Viking Energy Wind Farm LLP,91.0,1312.0
2026-08-31,T_VKNGW-2,Viking Energy Wind Farm LLP,56.6,816.0
2026-08-31,T_VKNGW-3,Viking Energy Wind Farm LLP,52.8,761.0
2026-08-31,T_VKNGW-4,Viking Energy Wind Farm LLP,68.4,987.0
2026-08-31,T_WDRGW-1,Windy Rig Wind Farm Limited,88.6,2543.0
2026-09-01,2__PSTAT001,Statkraft Markets Gmbh,110.9,10056.0
2026-09-01,C__PSTAT011,Statkraft Markets Gmbh,390.8,13680.0
2026-09-01,E_ABRTW-1,Npower Commercial Gas Limited,100.2,9117.0
2026-09-01,E_BABAW-1,Statkraft Markets Gmbh,193.4,16262.0
2026-09-01,E_BLARW-1,Erova Energy Limited,194.4,6855.0
2026-09-01,E_BNWKW-1,Eneco Energy Trade,95.4,8494.0
2026-09-01,E_BRYBW-1,Statkraft Markets Gmbh,198.5,18082.0
2026-09-01,E_BTUIW-2,SP Renewables (UK) Limited,73.9,6609.0
2026-09-01,E_BTUIW-3,SP Renewables (UK) Limited,457.6,5024.0
2026-09-01,E_CLDRW-1,Vattenfall Energy Trading,114.3,10513.0
2026-09-01,E_GRGRW-1,Evolve Energy Supply Limited,259.3,18154.0
2026-09-01,E_HRHLW-1,SP Renewables (UK) Limited,80.0,6462.0
2026-09-01,E_MOYEW-1,Eneco Energy Trade,209.8,19297.0
2026-09-01,E_TULWW-1,Eneco Energy Trade,50.2,4472.0
2026-09-01,T_AKGLW-3,AIK2A Sustainable Energy Ltd,461.9,23050.0
2026-09-01,T_BDCHW-1,RWE Generation UK plc,144.6,11192.0
2026-09-01,T_BEATO-4,Beatrice Offshore Windfarm Ltd,45.3,4487.0
2026-09-01,T_BHLAW-1,SSE Generation Ltd,289.8,24603.0
2026-09-01,T_BLLA-2,SP Renewables (UK) Limited,176.0,14212.0
2026-09-01,T_BROCW-1,Smartestenergy Limited,185.5,7233.0
2026-09-01,T_CRDEW-1,EDF Energy Customers Limited,152.6,8240.0
2026-09-01,T_CRDEW-2,EDF Energy Customers Limited,129.4,6985.0
2026-09-01,T_CREAW-1,Creag Riabhach Wind Farm Ltd,405.2,23504.0
2026-09-01,T_CRGHW-1,Statkraft Markets Gmbh,248.2,19110.0
2026-09-01,T_CUMHW-1,Uniper UK Limited,331.9,5032.0
2026-09-01,T_DALQW-1,Statkraft Markets Gmbh,239.6,17009.0
2026-09-01,T_DOUGW-1,Erova Energy Limited,264.3,7928.0
2026-09-01,T_DRSLW-1,SP Renewables (UK) Limited,149.9,12102.0
2026-09-01,T_DUNGW-1,Dunmaglass Wind Farm Limited,425.0,38722.0
2026-09-01,T_EDINW-1,Vattenfall Wind Power Ltd,96.3,10589.0
2026-09-01,T_EWHLW-1,SP Renewables (UK) Limited,104.5,8440.0
2026-09-01,T_GLNKW-1,EDF Energy Customers Limited,329.3,13304.0
2026-09-01,T_GLWSW-1,GALAWHISTLE WIND FARM,160.2,14276.0
2026-09-01,T_GORDW-1,SSE Generation Ltd,277.9,22952.0
2026-09-01,T_GORDW-2,SSE Generation Ltd,325.3,5091.0
2026-09-01,T_GRIFW-1,Griffin Wind Farm Ltd,104.9,9363.0
2026-09-01,T_GRIFW-2,Griffin Wind Farm Ltd,103.8,9264.0
2026-09-01,T_HALSW-1,SP Renewables (UK) Limited,308.7,3547.0
2026-09-01,T_KENNW-1,Kennoxhead Wind Farm Limited,424.3,13330.0
2026-09-01,T_KPMRW-1,OnPath Energy Limited,774.3,38002.0
2026-09-01,T_KYPEW-1,Kype Extension Wind Farm Ltd,467.8,16374.0
2026-09-01,T_LCLTW-1,Eneco Energy Trade,314.9,28025.0
2026-09-01,T_LIMKW-1,Limekiln Extension Ltd,1219.3,36579.0
2026-09-01,T_MIDMW-1,OnPath Energy Limited,323.1,16747.0
2026-09-01,T_MKHLW-1,SP Renewables (UK) Limited,36.4,3253.0
2026-09-01,T_MOWEO-1,Moray Offshore Wind East Ltd,4220.0,67129.0
2026-09-01,T_MOWEO-2,Moray Offshore Wind East Ltd,3556.5,57579.0
2026-09-01,T_MOWEO-3,Moray Offshore Wind East Ltd,3629.0,58706.0
2026-09-01,T_MOWWO-1,Moray Offshore Wind West Ltd,723.3,11024.0
2026-09-01,T_MOWWO-2,Moray Offshore Wind West Ltd,722.9,11021.0
2026-09-01,T_MOWWO-3,Moray Offshore Wind West Ltd,1954.9,30578.0
2026-09-01,T_MOWWO-4,Moray Offshore Wind West Ltd,3395.1,112140.0
2026-09-01,T_MYGPW-1,Minnygap Energy Limited,73.1,5554.0
2026-09-01,T_NNGAO-1,Neart Na Gaoithe Offshore Wind,1021.4,54594.0
2026-09-01,T_NOKYW-1,North Kyle Wind farm Ltd,396.0,5936.0
2026-09-01,T_NOKYW-2,North Kyle Wind farm Ltd,394.7,5917.0
2026-09-01,T_SAKNW-1,Sandy Knowe Wind Farm Ltd,327.3,13094.0
2026-09-01,T_SGRWO-1,Seagreen Wind Energy Limited,3201.2,44497.0
2026-09-01,T_SGRWO-2,Seagreen Wind Energy Limited,835.7,11617.0
2026-09-01,T_SGRWO-3,Seagreen Wind Energy Limited,1828.1,25410.0
2026-09-01,T_SGRWO-4,Seagreen Wind Energy Limited,1649.8,22933.0
2026-09-01,T_SGRWO-5,Seagreen Wind Energy Limited,773.3,10749.0
2026-09-01,T_SGRWO-6,Seagreen Wind Energy Limited,4570.1,63525.0
2026-09-01,T_SOKYW-1,South Kyle Wind Farm Limited,956.9,45933.0
2026-09-01,T_STLGW-1,Stronelairg Windfarm Limited,383.4,32554.0
2026-09-01,T_STLGW-2,Stronelairg Windfarm Limited,431.7,36654.0
2026-09-01,T_STLGW-3,Stronelairg Windfarm Limited,244.6,20764.0
2026-09-01,T_STRNW-1,Strathy Wind Farm Limited,136.3,11275.0
2026-09-01,T_TWSHW-1,Twentyshilling Limited,230.5,6492.0
2026-09-01,T_VKNGW-1,Viking Energy Wind Farm LLP,1242.8,17922.0
2026-09-01,T_VKNGW-2,Viking Energy Wind Farm LLP,1306.5,18840.0
2026-09-01,T_VKNGW-3,Viking Energy Wind Farm LLP,1070.3,15433.0
2026-09-01,T_VKNGW-4,Viking Energy Wind Farm LLP,1410.6,20340.0
2026-09-01,T_WDRGW-1,Windy Rig Wind Farm Limited,235.3,6754.0
2026-09-01,T_WHIHW-1,Whiteside Hill,60.1,5411.0
2026-09-01,T_WHILW-1,SP Renewables (UK) Limited,54.3,4899.0
2026-09-01,T_WISTW-2,BROCKLOCH RIG WINDFARM LTD,222.1,19142.0
2026-09-02,C__PSTAT011,Statkraft Markets Gmbh,22.3,779.0
2026-09-02,E_BLARW-1,Erova Energy Limited,2.1,58.0
2026-09-02,E_BTUIW-3,SP Renewables (UK) Limited,57.1,627.0
2026-09-02,E_CMSTW-2,Edgware Energy Limited,62.0,1558.0
2026-09-02,E_GRGRW-1,Evolve Energy Supply Limited,2.0,137.0
2026-09-02,T_AKGLW-3,AIK2A Sustainable Energy Ltd,5.4,270.0
2026-09-02,T_BDCHW-1,RWE Generation UK plc,6.3,230.0
2026-09-02,T_BEATO-3,Beatrice Offshore Windfarm Ltd,5.0,366.0
2026-09-02,T_BROCW-1,Smartestenergy Limited,2.0,80.0
2026-09-02,T_CRDEW-1,EDF Energy Customers Limited,4.5,245.0
2026-09-02,T_CRDEW-2,EDF Energy Customers Limited,4.5,245.0
2026-09-02,T_CREAW-1,Creag Riabhach Wind Farm Ltd,1.6,94.0
2026-09-02,T_CUMHW-1,Uniper UK Limited,55.4,840.0
2026-09-02,T_DALQW-1,Statkraft Markets Gmbh,2.5,178.0
2026-09-02,T_DOUGW-1,Erova Energy Limited,2.6,77.0
2026-09-02,T_EDINW-1,Vattenfall Wind Power Ltd,0.4,48.0
2026-09-02,T_GLNKW-1,EDF Energy Customers Limited,6.4,260.0
2026-09-02,T_GORDW-2,SSE Generation Ltd,20.8,326.0
2026-09-02,T_GRGBW-3,Greater Gabbard Offshore Winds,10.1,1663.0
2026-09-02,T_HAHAW-1,HAGSHAW HILL REPOWERING LTD,21.2,253.0
2026-09-02,T_HALSW-1,SP Renewables (UK) Limited,31.9,366.0
2026-09-02,T_KENNW-1,Kennoxhead Wind Farm Limited,15.5,488.0
2026-09-02,T_KPMRW-1,OnPath Energy Limited,99.2,509.0
2026-09-02,T_KYPEW-1,Kype Extension Wind Farm Ltd,13.5,474.0
2026-09-02,T_LIMKW-1,Limekiln Extension Ltd,60.4,1813.0
2026-09-02,T_MIDMW-1,OnPath Energy Limited,17.0,104.0
2026-09-02,T_MOWEO-1,Moray Offshore Wind East Ltd,661.9,0.0
2026-09-02,T_MOWEO-2,Moray Offshore Wind East Ltd,555.4,0.0
2026-09-02,T_MOWEO-3,Moray Offshore Wind East Ltd,687.7,0.0
2026-09-02,T_MOWWO-1,Moray Offshore Wind West Ltd,114.7,1349.0
2026-09-02,T_MOWWO-2,Moray Offshore Wind West Ltd,98.7,1202.0
2026-09-02,T_MOWWO-3,Moray Offshore Wind West Ltd,205.6,2506.0
2026-09-02,T_MOWWO-4,Moray Offshore Wind West Ltd,106.4,3514.0
2026-09-02,T_NNGAO-1,Neart Na Gaoithe Offshore Wind,138.0,5062.0
2026-09-02,T_SAKNW-1,Sandy Knowe Wind Farm Ltd,3.8,153.0
2026-09-02,T_SGRWO-1,Seagreen Wind Energy Limited,325.0,4518.0
2026-09-02,T_SGRWO-2,Seagreen Wind Energy Limited,95.8,1332.0
2026-09-02,T_SGRWO-3,Seagreen Wind Energy Limited,149.4,2076.0
2026-09-02,T_SGRWO-4,Seagreen Wind Energy Limited,112.8,1568.0
2026-09-02,T_SGRWO-5,Seagreen Wind Energy Limited,72.9,1014.0
2026-09-02,T_SGRWO-6,Seagreen Wind Energy Limited,420.4,5844.0
2026-09-02,T_TWSHW-1,Twentyshilling Limited,13.9,390.0
2026-09-02,T_WDRGW-1,Windy Rig Wind Farm Limited,13.9,398.0
2026-09-03,2__PEDGE004,Edgware Energy Limited,21.9,2235.0
2026-09-03,2__PSTAT001,Statkraft Markets Gmbh,4.9,441.0
2026-09-03,C__PSTAT011,Statkraft Markets Gmbh,240.2,8409.0
2026-09-03,E_ABRTW-1,Npower Commercial Gas Limited,11.5,1046.0
2026-09-03,E_ASHWW-1,Statkraft Markets Gmbh,127.5,12480.0
2026-09-03,E_ASLVW-1,Npower Commercial Gas Limited,7.1,650.0
2026-09-03,E_BABAW-1,Statkraft Markets Gmbh,263.6,22165.0
2026-09-03,E_BETHW-1,SP Renewables (UK) Limited,76.4,6830.0
2026-09-03,E_BLARW-1,Erova Energy Limited,0.5,13.0
2026-09-03,E_BNWKW-1,Eneco Energy Trade,56.6,5035.0
2026-09-03,E_BRDUW-1,Erova Energy Limited,1.7,167.0
2026-09-03,E_BRYBW-1,Statkraft Markets Gmbh,130.5,11884.0
2026-09-03,E_BTUIW-2,SP Renewables (UK) Limited,169.6,15175.0
2026-09-03,E_BTUIW-3,SP Renewables (UK) Limited,647.0,7104.0
2026-09-03,E_CLDRW-1,Vattenfall Energy Trading,97.5,8972.0
2026-09-03,E_CLFLW-1,SP Renewables (UK) Limited,39.5,3536.0
2026-09-03,E_CMSTW-2,Edgware Energy Limited,464.4,11662.0
2026-09-03,E_GRGRW-1,Evolve Energy Supply Limited,10.3,720.0
2026-09-03,E_HRHLW-1,SP Renewables (UK) Limited,145.9,11777.0
2026-09-03,E_MOYEW-1,Eneco Energy Trade,4.3,396.0
2026-09-03,E_TULWW-1,Eneco Energy Trade,0.9,79.0
2026-09-03,T_AFTOW-1,Afton Wind Farm Limited,76.4,6498.0
2026-09-03,T_AKGLW-2,Aikengall 2 CWCL,7.4,644.0
2026-09-03,T_AKGLW-3,AIK2A Sustainable Energy Ltd,34.5,1721.0
2026-09-03,T_BDCHW-1,RWE Generation UK plc,148.6,9564.0
2026-09-03,T_BEATO-1,Beatrice Offshore Windfarm Ltd,309.8,27126.0
2026-09-03,T_BEATO-2,Beatrice Offshore Windfarm Ltd,311.9,26084.0
2026-09-03,T_BEATO-3,Beatrice Offshore Windfarm Ltd,469.3,40094.0
2026-09-03,T_BEATO-4,Beatrice Offshore Windfarm Ltd,187.1,16299.0
2026-09-03,T_BHLAW-1,SSE Generation Ltd,685.5,58203.0
2026-09-03,T_BLLA-1,SP Renewables (UK) Limited,302.9,27098.0
2026-09-03,T_BLLA-2,SP Renewables (UK) Limited,270.2,21815.0
2026-09-03,T_BOWLW-1,Barrow Offshore Wind Limited,5.5,502.0
2026-09-03,T_BROCW-1,Smartestenergy Limited,23.7,926.0
2026-09-03,T_CGTHW-1,Corriegarth Wind Energy LTD,24.8,2004.0
2026-09-03,T_CLDCW-1,Clyde Windfarm (Scotland) Ltd,559.5,55175.0
2026-09-03,T_CLDNW-1,Clyde Windfarm (Scotland) Ltd,749.3,69036.0
2026-09-03,T_CLDSW-1,Clyde Windfarm (Scotland) Ltd,219.0,20945.0
2026-09-03,T_CRDEW-1,EDF Energy Customers Limited,139.5,7535.0
2026-09-03,T_CRDEW-2,EDF Energy Customers Limited,139.5,7535.0
2026-09-03,T_CREAW-1,Creag Riabhach Wind Farm Ltd,91.5,5310.0
2026-09-03,T_CUMHW-1,Uniper UK Limited,353.7,5362.0
2026-09-03,T_DALQW-1,Statkraft Markets Gmbh,15.7,1117.0
2026-09-03,T_DNLWW-1,SP Renewables (UK) Limited,115.6,10339.0
2026-09-03,T_DRSLW-1,SP Renewables (UK) Limited,291.9,23567.0
2026-09-03,T_DUNGW-1,Dunmaglass Wind Farm Limited,405.5,36942.0
2026-09-03,T_EDINW-1,Vattenfall Wind Power Ltd,33.0,3634.0
2026-09-03,T_EWHLW-1,SP Renewables (UK) Limited,159.8,12898.0
2026-09-03,T_FARR-1,Smartestenergy Limited,23.1,2129.0
2026-09-03,T_FARR-2,Smartestenergy Limited,21.9,2016.0
2026-09-03,T_GLNKW-1,EDF Energy Customers Limited,105.0,4241.0
2026-09-03,T_GLWSW-1,GALAWHISTLE WIND FARM,9.7,867.0
2026-09-03,T_GORDW-1,SSE Generation Ltd,347.2,28672.0
2026-09-03,T_GORDW-2,SSE Generation Ltd,322.1,5041.0
2026-09-03,T_GRGBW-3,Greater Gabbard Offshore Winds,25.4,4164.0
2026-09-03,T_GRIFW-1,Griffin Wind Farm Ltd,137.8,12296.0
2026-09-03,T_GRIFW-2,Griffin Wind Farm Ltd,102.8,9173.0
2026-09-03,T_HAHAW-1,HAGSHAW HILL REPOWERING LTD,221.0,2643.0
2026-09-03,T_HALSW-1,SP Renewables (UK) Limited,335.3,3853.0
2026-09-03,T_HRSTW-1,SP Renewables (UK) Limited,345.0,30898.0
2026-09-03,T_KENNW-1,Kennoxhead Wind Farm Limited,56.2,1766.0
2026-09-03,T_KLGLW-1,SP Renewables (UK) Limited,912.8,73406.0
2026-09-03,T_KPMRW-1,OnPath Energy Limited,746.0,14534.0
2026-09-03,T_KYPEW-1,Kype Extension Wind Farm Ltd,63.8,2234.0
2026-09-03,T_LCLTW-1,Eneco Energy Trade,1.6,141.0
2026-09-03,T_LIMKW-1,Limekiln Extension Ltd,965.6,28969.0
2026-09-03,T_MIDMW-1,OnPath Energy Limited,288.7,6332.0
2026-09-03,T_MKHLW-1,SP Renewables (UK) Limited,135.2,12094.0
2026-09-03,T_MOWEO-1,Moray Offshore Wind East Ltd,3799.2,48923.0
2026-09-03,T_MOWEO-2,Moray Offshore Wind East Ltd,3373.8,41254.0
2026-09-03,T_MOWEO-3,Moray Offshore Wind East Ltd,3481.6,51374.0
2026-09-03,T_MOWWO-1,Moray Offshore Wind West Ltd,918.7,16038.0
2026-09-03,T_MOWWO-2,Moray Offshore Wind West Ltd,918.7,16038.0
2026-09-03,T_MOWWO-3,Moray Offshore Wind West Ltd,2391.2,42030.0
2026-09-03,T_MOWWO-4,Moray Offshore Wind West Ltd,3755.9,124058.0
2026-09-03,T_MYGPW-1,Minnygap Energy Limited,55.7,4233.0
2026-09-03,T_NNGAO-1,Neart Na Gaoithe Offshore Wind,1160.6,47594.0
2026-09-03,T_SAKNW-1,Sandy Knowe Wind Farm Ltd,89.4,3574.0
2026-09-03,T_SGRWO-1,Seagreen Wind Energy Limited,4074.7,56638.0
2026-09-03,T_SGRWO-2,Seagreen Wind Energy Limited,1259.3,17504.0
2026-09-03,T_SGRWO-3,Seagreen Wind Energy Limited,2436.9,33873.0
2026-09-03,T_SGRWO-4,Seagreen Wind Energy Limited,1515.2,21061.0
2026-09-03,T_SGRWO-5,Seagreen Wind Energy Limited,1097.0,15248.0
2026-09-03,T_SGRWO-6,Seagreen Wind Energy Limited,4279.3,59483.0
2026-09-03,T_STLGW-1,Stronelairg Windfarm Limited,526.3,44686.0
2026-09-03,T_STLGW-2,Stronelairg Windfarm Limited,489.9,41593.0
2026-09-03,T_STLGW-3,Stronelairg Windfarm Limited,274.6,23312.0
2026-09-03,T_STRNW-1,Strathy Wind Farm Limited,431.0,35645.0
2026-09-03,T_TDBNW-1,SSE Generation Ltd,93.5,8664.0
2026-09-03,T_TWSHW-1,Twentyshilling Limited,58.3,1642.0
2026-09-03,T_VKNGW-1,Viking Energy Wind Farm LLP,1055.7,15223.0
2026-09-03,T_VKNGW-2,Viking Energy Wind Farm LLP,1070.8,15441.0
2026-09-03,T_VKNGW-3,Viking Energy Wind Farm LLP,938.6,13534.0
2026-09-03,T_VKNGW-4,Viking Energy Wind Farm LLP,871.1,12561.0
2026-09-03,T_WDRGW-1,Windy Rig Wind Farm Limited,72.6,2084.0
2026-09-03,T_WHIHW-1,Whiteside Hill,4.4,395.0
2026-09-03,T_WHILW-1,SP Renewables (UK) Limited,1141.7,103089.0
2026-09-03,T_WHILW-2,SP Renewables (UK) Limited,578.0,51839.0
2026-09-03,T_WISTW-2,BROCKLOCH RIG WINDFARM LTD,25.2,2169.0
2026-09-04,2__PEDGE003,Edgware Energy Limited,47.7,4890.0
2026-09-04,2__PEDGE004,Edgware Energy Limited,22.4,2282.0
2026-09-04,2__PSTAT001,Statkraft Markets Gmbh,350.8,31816.0
2026-09-04,C__PSTAT011,Statkraft Markets Gmbh,683.8,23933.0
2026-09-04,E_ABRTW-1,Npower Commercial Gas Limited,193.8,17637.0
2026-09-04,E_ASLVW-1,Npower Commercial Gas Limited,54.2,4930.0
2026-09-04,E_BABAW-1,Statkraft Markets Gmbh,576.4,48467.0
2026-09-04,E_BETHW-1,SP Renewables (UK) Limited,325.2,29091.0
2026-09-04,E_BLARW-1,Erova Energy Limited,423.4,21338.0
2026-09-04,E_BNWKW-1,Eneco Energy Trade,331.1,29466.0
2026-09-04,E_BRYBW-1,Statkraft Markets Gmbh,382.6,34846.0
2026-09-04,E_BTUIW-2,SP Renewables (UK) Limited,467.6,41834.0
2026-09-04,E_BTUIW-3,SP Renewables (UK) Limited,1036.1,11376.0
2026-09-04,E_BURBO,Orsted Burbo (UK) Limited,22.0,2830.0
2026-09-04,E_CLDRW-1,Vattenfall Energy Trading,278.1,25587.0
2026-09-04,E_CLFLW-1,SP Renewables (UK) Limited,7.6,680.0
2026-09-04,E_CMSTW-2,Edgware Energy Limited,647.5,16259.0
2026-09-04,E_GDSTW-1,Mobius Renewables Gen. (GB),5.9,620.0
2026-09-04,E_GRGRW-1,Evolve Energy Supply Limited,601.1,42077.0
2026-09-04,E_HLTWW-1,ScottishPower Energy Retail,46.3,4776.0
2026-09-04,E_HRHLW-1,SP Renewables (UK) Limited,494.6,39931.0
2026-09-04,E_MOYEW-1,Eneco Energy Trade,524.1,48222.0
2026-09-04,E_TULWW-1,Eneco Energy Trade,142.1,12646.0
2026-09-04,T_AFTOW-1,Afton Wind Farm Limited,641.7,54546.0
2026-09-04,T_AKGLW-3,AIK2A Sustainable Energy Ltd,1239.8,61864.0
2026-09-04,T_BDCHW-1,RWE Generation UK plc,195.5,17376.0
2026-09-04,T_BEATO-1,Beatrice Offshore Windfarm Ltd,104.3,8425.0
2026-09-04,T_BEATO-2,Beatrice Offshore Windfarm Ltd,380.4,31319.0
2026-09-04,T_BEATO-3,Beatrice Offshore Windfarm Ltd,356.3,28810.0
2026-09-04,T_BEATO-4,Beatrice Offshore Windfarm Ltd,338.5,27715.0
2026-09-04,T_BENBW-1,Benbrack Wind Farm Limited,1038.9,21035.0
2026-09-04,T_BHLAW-1,SSE Generation Ltd,1995.5,169412.0
2026-09-04,T_BLLA-1,SP Renewables (UK) Limited,1319.4,118030.0
2026-09-04,T_BLLA-2,SP Renewables (UK) Limited,832.1,67186.0
2026-09-04,T_BOWLW-1,Barrow Offshore Wind Limited,143.0,13056.0
2026-09-04,T_BROCW-1,Smartestenergy Limited,565.4,22049.0
2026-09-04,T_CGTHW-1,Corriegarth Wind Energy LTD,1005.5,81145.0
2026-09-04,T_CLDNW-1,Clyde Windfarm (Scotland) Ltd,330.1,30412.0
2026-09-04,T_CRDEW-1,EDF Energy Customers Limited,380.3,20534.0
2026-09-04,T_CRDEW-2,EDF Energy Customers Limited,380.3,20534.0
2026-09-04,T_CREAW-1,Creag Riabhach Wind Farm Ltd,880.9,51091.0
2026-09-04,T_CRGHW-1,Statkraft Markets Gmbh,746.6,57486.0
2026-09-04,T_CRYRW-4,Erova Energy Limited,191.0,8347.0
2026-09-04,T_CUMHW-1,Uniper UK Limited,755.5,11454.0
2026-09-04,T_DALQW-1,Statkraft Markets Gmbh,686.3,48728.0
2026-09-04,T_DNLWW-1,SP Renewables (UK) Limited,365.8,32724.0
2026-09-04,T_DOREW-1,Dorenell Windfarm Limited,1064.9,50018.0
2026-09-04,T_DOREW-2,Dorenell Windfarm Limited,908.1,41952.0
2026-09-04,T_DOUGW-1,Erova Energy Limited,648.2,19447.0
2026-09-04,T_DRSLW-1,SP Renewables (UK) Limited,1098.1,88662.0
2026-09-04,T_DUNGW-1,Dunmaglass Wind Farm Limited,892.4,81296.0
2026-09-04,T_EDINW-1,Vattenfall Wind Power Ltd,292.9,32216.0
2026-09-04,T_EWHLW-1,SP Renewables (UK) Limited,574.3,46372.0
2026-09-04,T_FARR-1,Smartestenergy Limited,363.0,33397.0
2026-09-04,T_FARR-2,Smartestenergy Limited,350.8,32276.0
2026-09-04,T_GLNKW-1,EDF Energy Customers Limited,734.3,29668.0
2026-09-04,T_GLWSW-1,GALAWHISTLE WIND FARM,510.2,45455.0
2026-09-04,T_GORDW-1,SSE Generation Ltd,1077.6,88996.0
2026-09-04,T_GORDW-2,SSE Generation Ltd,497.1,7779.0
2026-09-04,T_GRIFW-1,Griffin Wind Farm Ltd,1131.7,100981.0
2026-09-04,T_GRIFW-2,Griffin Wind Farm Ltd,949.7,84742.0
2026-09-04,T_HAHAW-1,HAGSHAW HILL REPOWERING LTD,438.8,5248.0
2026-09-04,T_HALSW-1,SP Renewables (UK) Limited,507.6,5832.0
2026-09-04,T_HRSTW-1,SP Renewables (UK) Limited,1577.1,141232.0
2026-09-04,T_KENNW-1,Kennoxhead Wind Farm Limited,1086.9,40136.0
2026-09-04,T_KILBW-1,Kilbraur Wind Energy Ltd,66.1,6280.0
2026-09-04,T_KLGLW-1,SP Renewables (UK) Limited,3782.8,304209.0
2026-09-04,T_KPMRW-1,OnPath Energy Limited,1102.0,42431.0
2026-09-04,T_LCLTW-1,Eneco Energy Trade,1011.6,90036.0
2026-09-04,T_LIMKW-1,Limekiln Extension Ltd,1941.6,58248.0
2026-09-04,T_MIDMW-1,OnPath Energy Limited,621.5,34202.0
2026-09-04,T_MKHLW-1,SP Renewables (UK) Limited,596.7,53383.0
2026-09-04,T_MOWEO-1,Moray Offshore Wind East Ltd,6107.8,179310.0
2026-09-04,T_MOWEO-2,Moray Offshore Wind East Ltd,5386.7,161392.0
2026-09-04,T_MOWEO-3,Moray Offshore Wind East Ltd,5438.7,159846.0
2026-09-04,T_MOWWO-1,Moray Offshore Wind West Ltd,2166.7,43420.0
2026-09-04,T_MOWWO-2,Moray Offshore Wind West Ltd,2183.2,43763.0
2026-09-04,T_MOWWO-3,Moray Offshore Wind West Ltd,2773.7,57632.0
2026-09-04,T_MOWWO-4,Moray Offshore Wind West Ltd,5320.1,175723.0
2026-09-04,T_MYGPW-1,Minnygap Energy Limited,346.1,26302.0
2026-09-04,T_NNGAO-1,Neart Na Gaoithe Offshore Wind,1727.9,112874.0
2026-09-04,T_NOKYW-1,North Kyle Wind farm Ltd,1914.5,28698.0
2026-09-04,T_NOKYW-2,North Kyle Wind farm Ltd,1894.1,28393.0
2026-09-04,T_SAKNW-1,Sandy Knowe Wind Farm Ltd,1544.4,61777.0
2026-09-04,T_SGRWO-1,Seagreen Wind Energy Limited,5166.2,71811.0
2026-09-04,T_SGRWO-2,Seagreen Wind Energy Limited,1405.4,19535.0
2026-09-04,T_SGRWO-3,Seagreen Wind Energy Limited,2618.3,36395.0
2026-09-04,T_SGRWO-4,Seagreen Wind Energy Limited,2348.8,32648.0
2026-09-04,T_SGRWO-5,Seagreen Wind Energy Limited,1353.0,18807.0
2026-09-04,T_SGRWO-6,Seagreen Wind Energy Limited,6292.7,87469.0
2026-09-04,T_SOKYW-1,South Kyle Wind Farm Limited,3043.1,146070.0
2026-09-04,T_STLGW-1,Stronelairg Windfarm Limited,1422.7,120784.0
2026-09-04,T_STLGW-2,Stronelairg Windfarm Limited,1189.1,100953.0
2026-09-04,T_STLGW-3,Stronelairg Windfarm Limited,1008.1,85584.0
2026-09-04,T_STRNW-1,Strathy Wind Farm Limited,752.0,62193.0
2026-09-04,T_TDBNW-1,SSE Generation Ltd,27.3,2530.0
2026-09-04,T_TWSHW-1,Twentyshilling Limited,598.7,16859.0
2026-09-04,T_VKNGW-1,Viking Energy Wind Farm LLP,909.3,13111.0
2026-09-04,T_VKNGW-2,Viking Energy Wind Farm LLP,919.7,13260.0
2026-09-04,T_VKNGW-3,Viking Energy Wind Farm LLP,755.9,10899.0
2026-09-04,T_VKNGW-4,Viking Energy Wind Farm LLP,693.6,10000.0
2026-09-04,T_WDRGW-1,Windy Rig Wind Farm Limited,722.1,20725.0
2026-09-04,T_WHIHW-1,Whiteside Hill,287.7,25894.0
2026-09-04,T_WHILW-1,SP Renewables (UK) Limited,3379.4,305125.0
2026-09-04,T_WHILW-2,SP Renewables (UK) Limited,875.4,78510.0
2026-09-04,T_WISTW-2,BROCKLOCH RIG WINDFARM LTD,864.7,74534.0
2026-09-04,T_WLNYO-3,Walney Extension Ltd,156.7,16963.0
2026-09-04,T_WLNYO-4,Walney Extension Ltd,206.7,23715.0
2026-09-05,2__PSTAT001,Statkraft Markets Gmbh,257.2,23326.0
2026-09-05,C__PSTAT011,Statkraft Markets Gmbh,548.4,19193.0
2026-09-05,E_ABRTW-1,Npower Commercial Gas Limited,88.6,8061.0
2026-09-05,E_ASLVW-1,Npower Commercial Gas Limited,73.4,6683.0
2026-09-05,E_BABAW-1,Statkraft Markets Gmbh,400.4,33672.0
2026-09-05,E_BETHW-1,SP Renewables (UK) Limited,126.1,11279.0
2026-09-05,E_BLARW-1,Erova Energy Limited,174.5,8824.0
2026-09-05,E_BNWKW-1,Eneco Energy Trade,140.8,12531.0
2026-09-05,E_BRYBW-1,Statkraft Markets Gmbh,101.8,9273.0
2026-09-05,E_BTUIW-2,SP Renewables (UK) Limited,171.9,15378.0
2026-09-05,E_BTUIW-3,SP Renewables (UK) Limited,505.0,5544.0
2026-09-05,E_BURBO,Orsted Burbo (UK) Limited,180.2,23225.0
2026-09-05,E_CLDRW-1,Vattenfall Energy Trading,0.3,25.0
2026-09-05,E_CMSTW-2,Edgware Energy Limited,538.0,13509.0
2026-09-05,E_GRGRW-1,Evolve Energy Supply Limited,232.7,16292.0
2026-09-05,E_HRHLW-1,SP Renewables (UK) Limited,142.5,11503.0
2026-09-05,E_MOYEW-1,Eneco Energy Trade,1.3,123.0
2026-09-05,T_AFTOW-1,Afton Wind Farm Limited,224.7,19099.0
2026-09-05,T_AKGLW-3,AIK2A Sustainable Energy Ltd,697.2,34792.0
2026-09-05,T_BDCHW-1,RWE Generation UK plc,0.6,72.0
2026-09-05,T_BEATO-4,Beatrice Offshore Windfarm Ltd,26.0,3572.0
2026-09-05,T_BENBW-1,Benbrack Wind Farm Limited,310.8,9085.0
2026-09-05,T_BHLAW-1,SSE Generation Ltd,971.3,82447.0
2026-09-05,T_BLLA-1,SP Renewables (UK) Limited,363.2,32493.0
2026-09-05,T_BLLA-2,SP Renewables (UK) Limited,227.1,18334.0
2026-09-05,T_BOWLW-1,Barrow Offshore Wind Limited,172.5,15748.0
2026-09-05,T_BROCW-1,Smartestenergy Limited,192.0,7488.0
2026-09-05,T_CGTHW-1,Corriegarth Wind Energy LTD,346.8,27987.0
2026-09-05,T_CLDCW-1,Clyde Windfarm (Scotland) Ltd,966.0,95252.0
2026-09-05,T_CLDNW-1,Clyde Windfarm (Scotland) Ltd,800.3,73714.0
2026-09-05,T_CLDSW-1,Clyde Windfarm (Scotland) Ltd,454.9,43498.0
2026-09-05,T_CRDEW-1,EDF Energy Customers Limited,85.6,4625.0
2026-09-05,T_CRDEW-2,EDF Energy Customers Limited,89.5,4831.0
2026-09-05,T_CREAW-1,Creag Riabhach Wind Farm Ltd,620.7,35998.0
2026-09-05,T_CRGHW-1,Statkraft Markets Gmbh,193.0,14860.0
2026-09-05,T_CRYRW-4,Erova Energy Limited,312.9,13674.0
2026-09-05,T_CUMHW-1,Uniper UK Limited,442.7,6711.0
2026-09-05,T_DALQW-1,Statkraft Markets Gmbh,231.3,16424.0
2026-09-05,T_DNLWW-1,SP Renewables (UK) Limited,87.9,7867.0
2026-09-05,T_DOREW-1,Dorenell Windfarm Limited,701.5,51954.0
2026-09-05,T_DOREW-2,Dorenell Windfarm Limited,592.7,43665.0
2026-09-05,T_DOUGW-1,Erova Energy Limited,179.5,5386.0
2026-09-05,T_DRSLW-1,SP Renewables (UK) Limited,378.6,30572.0
2026-09-05,T_DUNGW-1,Dunmaglass Wind Farm Limited,542.8,49441.0
2026-09-05,T_EDINW-1,Vattenfall Wind Power Ltd,3.1,341.0
2026-09-05,T_EWHLW-1,SP Renewables (UK) Limited,102.4,8264.0
2026-09-05,T_FARR-1,Smartestenergy Limited,1.4,127.0
2026-09-05,T_FARR-2,Smartestenergy Limited,0.1,8.0
2026-09-05,T_GLNKW-1,EDF Energy Customers Limited,518.8,20959.0
2026-09-05,T_GLWSW-1,GALAWHISTLE WIND FARM,191.3,17040.0
2026-09-05,T_GORDW-1,SSE Generation Ltd,851.1,70272.0
2026-09-05,T_GORDW-2,SSE Generation Ltd,390.8,6108.0
2026-09-05,T_GRIFW-1,Griffin Wind Farm Ltd,444.1,39617.0
2026-09-05,T_GRIFW-2,Griffin Wind Farm Ltd,366.3,32674.0
2026-09-05,T_HAHAW-1,HAGSHAW HILL REPOWERING LTD,149.1,1783.0
2026-09-05,T_HALSW-1,SP Renewables (UK) Limited,398.2,4575.0
2026-09-05,T_HOWBO-1,Breesea Limited,286.6,28123.0
2026-09-05,T_HOWBO-2,Sonningmay Wind Limited,194.2,18597.0
2026-09-05,T_HOWBO-3,Soundmark Wind Limited,264.3,25537.0
2026-09-05,T_HRSTW-1,SP Renewables (UK) Limited,331.6,29694.0
2026-09-05,T_KENNW-1,Kennoxhead Wind Farm Limited,358.1,12067.0
2026-09-05,T_KLGLW-1,SP Renewables (UK) Limited,1329.6,106927.0
2026-09-05,T_KPMRW-1,OnPath Energy Limited,249.7,23691.0
2026-09-05,T_LCLTW-1,Eneco Energy Trade,488.8,43508.0
2026-09-05,T_LIMKW-1,Limekiln Extension Ltd,1546.8,46405.0
2026-09-05,T_MIDMW-1,OnPath Energy Limited,89.1,8446.0
2026-09-05,T_MKHLW-1,SP Renewables (UK) Limited,220.5,19725.0
2026-09-05,T_MOWEO-1,Moray Offshore Wind East Ltd,3781.6,284554.0
2026-09-05,T_MOWEO-2,Moray Offshore Wind East Ltd,2809.3,197363.0
2026-09-05,T_MOWEO-3,Moray Offshore Wind East Ltd,3322.0,251146.0
2026-09-05,T_MOWWO-1,Moray Offshore Wind West Ltd,2989.5,87613.0
2026-09-05,T_MOWWO-2,Moray Offshore Wind West Ltd,3077.1,89129.0
2026-09-05,T_MOWWO-3,Moray Offshore Wind West Ltd,2039.5,59700.0
2026-09-05,T_MOWWO-4,Moray Offshore Wind West Ltd,3757.0,124092.0
2026-09-05,T_MYGPW-1,Minnygap Energy Limited,59.2,4502.0
2026-09-05,T_NNGAO-1,Neart Na Gaoithe Offshore Wind,646.3,80229.0
2026-09-05,T_NOKYW-1,North Kyle Wind farm Ltd,766.3,11486.0
2026-09-05,T_NOKYW-2,North Kyle Wind farm Ltd,771.8,11569.0
2026-09-05,T_PNYCW-1,Pen y Cymoedd Wind Farm LTD,21.8,2089.0
2026-09-05,T_SAKNW-1,Sandy Knowe Wind Farm Ltd,611.1,24443.0
2026-09-05,T_SGRWO-1,Seagreen Wind Energy Limited,3411.1,47414.0
2026-09-05,T_SGRWO-2,Seagreen Wind Energy Limited,935.6,13005.0
2026-09-05,T_SGRWO-3,Seagreen Wind Energy Limited,1771.3,24621.0
2026-09-05,T_SGRWO-4,Seagreen Wind Energy Limited,1304.5,18133.0
2026-09-05,T_SGRWO-5,Seagreen Wind Energy Limited,830.7,11547.0
2026-09-05,T_SGRWO-6,Seagreen Wind Energy Limited,4320.2,60051.0
2026-09-05,T_SOKYW-1,South Kyle Wind Farm Limited,1165.8,55960.0
2026-09-05,T_STLGW-1,Stronelairg Windfarm Limited,737.3,62579.0
2026-09-05,T_STLGW-2,Stronelairg Windfarm Limited,794.1,67401.0
2026-09-05,T_STLGW-3,Stronelairg Windfarm Limited,586.0,49742.0
2026-09-05,T_STRNW-1,Strathy Wind Farm Limited,752.8,62240.0
2026-09-05,T_TDBNW-1,SSE Generation Ltd,73.3,6792.0
2026-09-05,T_TWSHW-1,Twentyshilling Limited,185.2,5216.0
2026-09-05,T_VKNGW-1,Viking Energy Wind Farm LLP,1729.3,24902.0
2026-09-05,T_VKNGW-2,Viking Energy Wind Farm LLP,1741.3,25075.0
2026-09-05,T_VKNGW-3,Viking Energy Wind Farm LLP,1695.9,24421.0
2026-09-05,T_VKNGW-4,Viking Energy Wind Farm LLP,1670.4,24054.0
2026-09-05,T_WDRGW-1,Windy Rig Wind Farm Limited,358.8,10298.0
2026-09-05,T_WHIHW-1,Whiteside Hill,146.7,13199.0
2026-09-05,T_WHILW-1,SP Renewables (UK) Limited,895.7,80874.0
2026-09-05,T_WHILW-2,SP Renewables (UK) Limited,384.9,34519.0
2026-09-05,T_WISTW-2,BROCKLOCH RIG WINDFARM LTD,322.7,27817.0
2026-09-06,2__PEDGE003,Edgware Energy Limited,94.8,9709.0
2026-09-06,2__PSTAT001,Statkraft Markets Gmbh,47.7,4327.0
2026-09-06,C__PSTAT011,Statkraft Markets Gmbh,623.5,21821.0
2026-09-06,E_BABAW-1,Statkraft Markets Gmbh,157.8,13266.0
2026-09-06,E_BETHW-1,SP Renewables (UK) Limited,178.8,15998.0
2026-09-06,E_BLARW-1,Erova Energy Limited,88.8,3171.0
2026-09-06,E_BNWKW-1,Eneco Energy Trade,171.2,15235.0
2026-09-06,E_BRYBW-1,Statkraft Markets Gmbh,153.8,14012.0
2026-09-06,E_BTUIW-3,SP Renewables (UK) Limited,485.6,5332.0
2026-09-06,E_CLDRW-1,Vattenfall Energy Trading,167.8,15440.0
2026-09-06,E_CMSTW-2,Edgware Energy Limited,585.1,14692.0
2026-09-06,E_GDSTW-1,Mobius Renewables Gen. (GB),21.8,2290.0
2026-09-06,E_GRGRW-1,Evolve Energy Supply Limited,0.6,41.0
2026-09-06,E_HLTWW-1,ScottishPower Energy Retail,61.7,6361.0
2026-09-06,E_MOYEW-1,Eneco Energy Trade,136.7,12578.0
2026-09-06,T_AKGLW-3,AIK2A Sustainable Energy Ltd,737.1,36782.0
2026-09-06,T_BDCHW-1,RWE Generation UK plc,3.0,143.0
2026-09-06,T_BEATO-1,Beatrice Offshore Windfarm Ltd,289.9,14025.0
2026-09-06,T_BEATO-2,Beatrice Offshore Windfarm Ltd,563.8,28906.0
2026-09-06,T_BEATO-3,Beatrice Offshore Windfarm Ltd,864.3,47022.0
2026-09-06,T_BEATO-4,Beatrice Offshore Windfarm Ltd,882.7,49682.0
2026-09-06,T_BENBW-1,Benbrack Wind Farm Limited,162.1,4357.0
2026-09-06,T_BHLAW-1,SSE Generation Ltd,714.7,60664.0
2026-09-06,T_BLLA-2,SP Renewables (UK) Limited,54.1,4370.0
2026-09-06,T_BROCW-1,Smartestenergy Limited,87.8,3423.0
2026-09-06,T_CGTHW-1,Corriegarth Wind Energy LTD,524.3,42310.0
2026-09-06,T_CRDEW-1,EDF Energy Customers Limited,78.2,4224.0
2026-09-06,T_CRDEW-2,EDF Energy Customers Limited,1.0,53.0
2026-09-06,T_CREAW-1,Creag Riabhach Wind Farm Ltd,99.7,5785.0
2026-09-06,T_CRGHW-1,Statkraft Markets Gmbh,38.5,2962.0
2026-09-06,T_CRYRW-2,Eneco Energy Trade,283.1,36715.0
2026-09-06,T_CRYRW-3,Eneco Energy Trade,34.2,3732.0
2026-09-06,T_CUMHW-1,Uniper UK Limited,395.2,5992.0
2026-09-06,T_DOREW-1,Dorenell Windfarm Limited,905.6,12107.0
2026-09-06,T_DOREW-2,Dorenell Windfarm Limited,770.2,10433.0
2026-09-06,T_DOUGW-1,Erova Energy Limited,377.9,11336.0
2026-09-06,T_DRSLW-1,SP Renewables (UK) Limited,80.7,6516.0
2026-09-06,T_DUNGW-1,Dunmaglass Wind Farm Limited,296.0,26957.0
2026-09-06,T_EDINW-1,Vattenfall Wind Power Ltd,280.6,30865.0
2026-09-06,T_FARR-1,Smartestenergy Limited,122.6,11276.0
2026-09-06,T_FARR-2,Smartestenergy Limited,105.1,9666.0
2026-09-06,T_GLNKW-1,EDF Energy Customers Limited,559.2,22592.0
2026-09-06,T_GORDW-1,SSE Generation Ltd,507.7,41925.0
2026-09-06,T_GORDW-2,SSE Generation Ltd,301.2,4708.0
2026-09-06,T_HAHAW-1,HAGSHAW HILL REPOWERING LTD,73.1,874.0
2026-09-06,T_HALSW-1,SP Renewables (UK) Limited,398.5,4579.0
2026-09-06,T_KENNW-1,Kennoxhead Wind Farm Limited,382.6,12886.0
2026-09-06,T_KLGLW-1,SP Renewables (UK) Limited,269.5,21676.0
2026-09-06,T_KPMRW-1,OnPath Energy Limited,130.9,935.0
2026-09-06,T_LCLTW-1,Eneco Energy Trade,325.9,29010.0
2026-09-06,T_LIMKW-1,Limekiln Extension Ltd,1270.5,38116.0
2026-09-06,T_MIDMW-1,OnPath Energy Limited,58.5,404.0
2026-09-06,T_MOWEO-1,Moray Offshore Wind East Ltd,4239.9,134858.0
2026-09-06,T_MOWEO-2,Moray Offshore Wind East Ltd,4088.9,152044.0
2026-09-06,T_MOWEO-3,Moray Offshore Wind East Ltd,3999.6,131797.0
2026-09-06,T_MOWWO-1,Moray Offshore Wind West Ltd,2962.9,60714.0
2026-09-06,T_MOWWO-2,Moray Offshore Wind West Ltd,3124.3,64074.0
2026-09-06,T_MOWWO-3,Moray Offshore Wind West Ltd,2422.7,52064.0
2026-09-06,T_MOWWO-4,Moray Offshore Wind West Ltd,3805.7,125704.0
2026-09-06,T_NNGAO-1,Neart Na Gaoithe Offshore Wind,1286.1,24743.0
2026-09-06,T_NOKYW-1,North Kyle Wind farm Ltd,1062.5,15927.0
2026-09-06,T_NOKYW-2,North Kyle Wind farm Ltd,984.3,14755.0
2026-09-06,T_SAKNW-1,Sandy Knowe Wind Farm Ltd,5.2,209.0
2026-09-06,T_SGRWO-1,Seagreen Wind Energy Limited,4550.0,63245.0
2026-09-06,T_SGRWO-2,Seagreen Wind Energy Limited,1127.9,15678.0
2026-09-06,T_SGRWO-3,Seagreen Wind Energy Limited,2399.7,33357.0
2026-09-06,T_SGRWO-4,Seagreen Wind Energy Limited,2220.7,30868.0
2026-09-06,T_SGRWO-5,Seagreen Wind Energy Limited,982.1,13651.0
2026-09-06,T_SGRWO-6,Seagreen Wind Energy Limited,5754.8,79992.0
2026-09-06,T_SOKYW-1,South Kyle Wind Farm Limited,968.7,46500.0
2026-09-06,T_STLGW-1,Stronelairg Windfarm Limited,576.1,48902.0
2026-09-06,T_STLGW-2,Stronelairg Windfarm Limited,634.4,53848.0
2026-09-06,T_STLGW-3,Stronelairg Windfarm Limited,509.4,43234.0
2026-09-06,T_STRNW-1,Strathy Wind Farm Limited,398.6,32956.0
2026-09-06,T_TWSHW-1,Twentyshilling Limited,19.6,551.0
2026-09-06,T_VKNGW-1,Viking Energy Wind Farm LLP,1020.6,14697.0
2026-09-06,T_VKNGW-2,Viking Energy Wind Farm LLP,998.9,14384.0
2026-09-06,T_VKNGW-3,Viking Energy Wind Farm LLP,904.0,13017.0
2026-09-06,T_VKNGW-4,Viking Energy Wind Farm LLP,955.7,13762.0
2026-09-06,T_WDRGW-1,Windy Rig Wind Farm Limited,221.1,6346.0
2026-09-06,T_WLNYO-3,Walney Extension Ltd,66.7,4213.0
2026-09-06,T_WLNYO-4,Walney Extension Ltd,143.9,9224.0
2026-09-07,2__PEDGE003,Edgware Energy Limited,296.4,30354.0
2026-09-07,C__PSTAT011,Statkraft Markets Gmbh,446.8,15638.0
2026-09-07,E_BABAW-1,Statkraft Markets Gmbh,12.2,1022.0
2026-09-07,E_BLARW-1,Erova Energy Limited,0.3,9.0
2026-09-07,E_BTUIW-3,SP Renewables (UK) Limited,906.7,9956.0
2026-09-07,E_CMSTW-2,Edgware Energy Limited,421.7,10589.0
2026-09-07,E_GRGRW-1,Evolve Energy Supply Limited,22.8,1596.0
2026-09-07,T_AKGLW-3,AIK2A Sustainable Energy Ltd,333.8,16656.0
2026-09-07,T_BDCHW-1,RWE Generation UK plc,74.3,2815.0
2026-09-07,T_BEATO-1,Beatrice Offshore Windfarm Ltd,524.9,26261.0
2026-09-07,T_BEATO-2,Beatrice Offshore Windfarm Ltd,871.0,43583.0
2026-09-07,T_BEATO-3,Beatrice Offshore Windfarm Ltd,1104.7,55554.0
2026-09-07,T_BEATO-4,Beatrice Offshore Windfarm Ltd,1106.7,55662.0
2026-09-07,T_BENBW-1,Benbrack Wind Farm Limited,43.1,0.0
2026-09-07,T_BHLAW-1,SSE Generation Ltd,79.1,6715.0
2026-09-07,T_BROCW-1,Smartestenergy Limited,21.2,828.0
2026-09-07,T_CGTHW-1,Corriegarth Wind Energy LTD,165.9,13390.0
2026-09-07,T_CLDCW-1,Clyde Windfarm (Scotland) Ltd,38.2,3768.0
2026-09-07,T_CLDNW-1,Clyde Windfarm (Scotland) Ltd,59.4,5471.0
2026-09-07,T_CLDSW-1,Clyde Windfarm (Scotland) Ltd,13.9,1332.0
2026-09-07,T_CREAW-1,Creag Riabhach Wind Farm Ltd,830.0,48139.0
2026-09-07,T_CRGHW-1,Statkraft Markets Gmbh,19.5,1500.0
2026-09-07,T_CUMHW-1,Uniper UK Limited,247.0,3744.0
2026-09-07,T_DOREW-1,Dorenell Windfarm Limited,1182.1,8059.0
2026-09-07,T_DOREW-2,Dorenell Windfarm Limited,998.7,6820.0
2026-09-07,T_DOUGW-1,Erova Energy Limited,0.2,7.0
2026-09-07,T_DRSLW-1,SP Renewables (UK) Limited,24.2,1957.0
2026-09-07,T_EAAO-1,East Anglia One Limited,6.2,661.0
2026-09-07,T_EAAO-2,East Anglia One Limited,6.2,661.0
2026-09-07,T_GLNKW-1,EDF Energy Customers Limited,601.5,24302.0
2026-09-07,T_GORDW-1,SSE Generation Ltd,780.2,64421.0
2026-09-07,T_GORDW-2,SSE Generation Ltd,458.1,7160.0
2026-09-07,T_GRIFW-1,Griffin Wind Farm Ltd,89.9,8018.0
2026-09-07,T_GRIFW-2,Griffin Wind Farm Ltd,128.2,11436.0
2026-09-07,T_GYMR-15,Gwynt y Mor Offshore Wind Farm,39.4,7113.0
2026-09-07,T_HALSW-1,SP Renewables (UK) Limited,436.3,5013.0
2026-09-07,T_HOWBO-1,Breesea Limited,250.2,142.0
2026-09-07,T_HOWBO-2,Sonningmay Wind Limited,192.8,151.0
2026-09-07,T_HOWBO-3,Soundmark Wind Limited,205.5,92.0
2026-09-07,T_KENNW-1,Kennoxhead Wind Farm Limited,308.6,9697.0
2026-09-07,T_KPMRW-1,OnPath Energy Limited,376.3,1034.0
2026-09-07,T_LCLTW-1,Eneco Energy Trade,54.3,4837.0
2026-09-07,T_LIMKW-1,Limekiln Extension Ltd,1236.1,37084.0
2026-09-07,T_MIDMW-1,OnPath Energy Limited,218.8,415.0
2026-09-07,T_MOWEO-1,Moray Offshore Wind East Ltd,4968.7,20413.0
2026-09-07,T_MOWEO-2,Moray Offshore Wind East Ltd,4232.3,17713.0
2026-09-07,T_MOWEO-3,Moray Offshore Wind East Ltd,4134.4,16467.0
2026-09-07,T_MOWWO-1,Moray Offshore Wind West Ltd,3344.5,42461.0
2026-09-07,T_MOWWO-2,Moray Offshore Wind West Ltd,3626.4,45614.0
2026-09-07,T_MOWWO-3,Moray Offshore Wind West Ltd,2430.0,31961.0
2026-09-07,T_MOWWO-4,Moray Offshore Wind West Ltd,3088.7,102019.0
2026-09-07,T_NNGAO-1,Neart Na Gaoithe Offshore Wind,1643.0,24619.0
2026-09-07,T_NOKYW-1,North Kyle Wind farm Ltd,539.1,8081.0
2026-09-07,T_NOKYW-2,North Kyle Wind farm Ltd,544.5,8163.0
2026-09-07,T_RCBKO-2,Race Bank Wind Farm Ltd,1.7,282.0
2026-09-07,T_SAKNW-1,Sandy Knowe Wind Farm Ltd,431.8,17272.0
2026-09-07,T_SGRWO-1,Seagreen Wind Energy Limited,4003.8,55653.0
2026-09-07,T_SGRWO-2,Seagreen Wind Energy Limited,1021.2,14194.0
2026-09-07,T_SGRWO-3,Seagreen Wind Energy Limited,1840.4,25582.0
2026-09-07,T_SGRWO-4,Seagreen Wind Energy Limited,2376.9,33038.0
2026-09-07,T_SGRWO-5,Seagreen Wind Energy Limited,692.2,9621.0
2026-09-07,T_SGRWO-6,Seagreen Wind Energy Limited,5764.0,80120.0
2026-09-07,T_SOKYW-1,South Kyle Wind Farm Limited,589.1,28276.0
2026-09-07,T_STLGW-1,Stronelairg Windfarm Limited,150.4,12765.0
2026-09-07,T_STLGW-2,Stronelairg Windfarm Limited,128.4,10896.0
2026-09-07,T_STLGW-3,Stronelairg Windfarm Limited,70.4,5971.0
2026-09-07,T_STRNW-1,Strathy Wind Farm Limited,158.0,13061.0
2026-09-07,T_VKNGW-1,Viking Energy Wind Farm LLP,1480.7,21323.0
2026-09-07,T_VKNGW-2,Viking Energy Wind Farm LLP,1393.5,20066.0
2026-09-07,T_VKNGW-3,Viking Energy Wind Farm LLP,1352.7,19479.0
2026-09-07,T_VKNGW-4,Viking Energy Wind Farm LLP,1412.2,20336.0
2026-09-07,T_WDRGW-1,Windy Rig Wind Farm Limited,0.6,16.0
2026-09-07,T_WHILW-1,SP Renewables (UK) Limited,186.2,16817.0
2026-09-07,T_WISTW-2,BROCKLOCH RIG WINDFARM LTD,40.6,3499.0
2026-09-07,T_WLNYO-3,Walney Extension Ltd,1169.1,82045.0
2026-09-07,T_WLNYO-4,Walney Extension Ltd,1604.0,113017.0
2026-09-08,2__PEDGE003,Edgware Energy Limited,565.5,57907.0
2026-09-08,C__PSTAT011,Statkraft Markets Gmbh,802.8,28098.0
2026-09-08,E_BABAW-1,Statkraft Markets Gmbh,230.4,19370.0
2026-09-08,E_BTUIW-3,SP Renewables (UK) Limited,1091.8,11988.0
2026-09-08,E_CMSTW-2,Edgware Energy Limited,503.5,12643.0
2026-09-08,E_GRGRW-1,Evolve Energy Supply Limited,707.4,49515.0
2026-09-08,E_HRHLW-1,SP Renewables (UK) Limited,347.5,28054.0
2026-09-08,T_AKGLW-3,AIK2A Sustainable Energy Ltd,1658.9,82780.0
2026-09-08,T_BDCHW-1,RWE Generation UK plc,269.8,16125.0
2026-09-08,T_BEATO-1,Beatrice Offshore Windfarm Ltd,481.3,42517.0
2026-09-08,T_BEATO-2,Beatrice Offshore Windfarm Ltd,884.6,91356.0
2026-09-08,T_BEATO-3,Beatrice Offshore Windfarm Ltd,1145.1,99857.0
2026-09-08,T_BEATO-4,Beatrice Offshore Windfarm Ltd,854.0,71082.0
2026-09-08,T_BENBW-1,Benbrack Wind Farm Limited,515.9,4398.0
2026-09-08,T_BHLAW-1,SSE Generation Ltd,1553.6,131866.0
2026-09-08,T_BLLA-2,SP Renewables (UK) Limited,321.2,25932.0
2026-09-08,T_BROCW-1,Smartestenergy Limited,348.4,13587.0
2026-09-08,T_CGTHW-1,Corriegarth Wind Energy LTD,916.2,73937.0
2026-09-08,T_CLDNW-1,Clyde Windfarm (Scotland) Ltd,242.0,22287.0
2026-09-08,T_CRDEW-1,EDF Energy Customers Limited,168.1,9078.0
2026-09-08,T_CRDEW-2,EDF Energy Customers Limited,168.1,9078.0
2026-09-08,T_CREAW-1,Creag Riabhach Wind Farm Ltd,1318.3,76460.0
2026-09-08,T_CRGHW-1,Statkraft Markets Gmbh,647.7,49869.0
2026-09-08,T_CUMHW-1,Uniper UK Limited,274.5,4161.0
2026-09-08,T_DOREW-1,Dorenell Windfarm Limited,2122.9,37815.0
2026-09-08,T_DOREW-2,Dorenell Windfarm Limited,1771.5,31859.0
2026-09-08,T_DOUGW-1,Erova Energy Limited,310.4,9311.0
2026-09-08,T_DRSLW-1,SP Renewables (UK) Limited,1168.3,94326.0
2026-09-08,T_EWHLW-1,SP Renewables (UK) Limited,259.1,20923.0
2026-09-08,T_FARR-1,Smartestenergy Limited,314.9,28968.0
2026-09-08,T_GLNKW-1,EDF Energy Customers Limited,959.8,38776.0
2026-09-08,T_GORDW-1,SSE Generation Ltd,922.9,76207.0
2026-09-08,T_GORDW-2,SSE Generation Ltd,645.8,10094.0
2026-09-08,T_GRGBW-1,Greater Gabbard Offshore Winds,7.3,1199.0
2026-09-08,T_GRIFW-1,Griffin Wind Farm Ltd,51.8,4617.0
2026-09-08,T_GRIFW-2,Griffin Wind Farm Ltd,716.2,63894.0
2026-09-08,T_HAHAW-1,HAGSHAW HILL REPOWERING LTD,267.2,3196.0
2026-09-08,T_HALSW-1,SP Renewables (UK) Limited,591.5,6796.0
2026-09-08,T_HOWBO-1,Breesea Limited,411.7,0.0
2026-09-08,T_KENNW-1,Kennoxhead Wind Farm Limited,1017.8,31978.0
2026-09-08,T_KILBW-1,Kilbraur Wind Energy Ltd,333.3,31663.0
2026-09-08,T_KPMRW-1,OnPath Energy Limited,1186.8,39385.0
2026-09-08,T_LCLTW-1,Eneco Energy Trade,386.6,34408.0
2026-09-08,T_LIMKW-1,Limekiln Extension Ltd,2000.2,60007.0
2026-09-08,T_MIDMW-1,OnPath Energy Limited,775.8,26834.0
2026-09-08,T_MOWEO-1,Moray Offshore Wind East Ltd,6473.8,70413.0
2026-09-08,T_MOWEO-2,Moray Offshore Wind East Ltd,5695.0,62849.0
2026-09-08,T_MOWEO-3,Moray Offshore Wind East Ltd,5566.9,60736.0
2026-09-08,T_MOWWO-1,Moray Offshore Wind West Ltd,4368.6,71714.0
2026-09-08,T_MOWWO-2,Moray Offshore Wind West Ltd,4502.4,74150.0
2026-09-08,T_MOWWO-3,Moray Offshore Wind West Ltd,3238.6,53109.0
2026-09-08,T_MOWWO-4,Moray Offshore Wind West Ltd,5200.5,171773.0
2026-09-08,T_MYGPW-1,Minnygap Energy Limited,236.5,17973.0
2026-09-08,T_NNGAO-1,Neart Na Gaoithe Offshore Wind,2609.6,161051.0
2026-09-08,T_NOKYW-1,North Kyle Wind farm Ltd,1776.1,26624.0
2026-09-08,T_NOKYW-2,North Kyle Wind farm Ltd,2034.5,30497.0
2026-09-08,T_SAKNW-1,Sandy Knowe Wind Farm Ltd,1551.2,62047.0
2026-09-08,T_SGRWO-1,Seagreen Wind Energy Limited,5594.0,76302.0
2026-09-08,T_SGRWO-2,Seagreen Wind Energy Limited,1519.7,20728.0
2026-09-08,T_SGRWO-3,Seagreen Wind Energy Limited,2812.7,38366.0
2026-09-08,T_SGRWO-4,Seagreen Wind Energy Limited,3028.0,41302.0
2026-09-08,T_SGRWO-5,Seagreen Wind Energy Limited,1511.1,20611.0
2026-09-08,T_SGRWO-6,Seagreen Wind Energy Limited,7876.7,107439.0
2026-09-08,T_SOKYW-1,South Kyle Wind Farm Limited,2405.1,115446.0
2026-09-08,T_STLGW-1,Stronelairg Windfarm Limited,1337.6,113534.0
2026-09-08,T_STLGW-2,Stronelairg Windfarm Limited,1570.7,133317.0
2026-09-08,T_STLGW-3,Stronelairg Windfarm Limited,1310.4,111225.0
2026-09-08,T_STRNW-1,Strathy Wind Farm Limited,860.6,71154.0
2026-09-08,T_VKNGW-1,Viking Energy Wind Farm LLP,865.8,12468.0
2026-09-08,T_VKNGW-2,Viking Energy Wind Farm LLP,856.3,12330.0
2026-09-08,T_VKNGW-3,Viking Energy Wind Farm LLP,727.3,10472.0
2026-09-08,T_VKNGW-4,Viking Energy Wind Farm LLP,788.2,11349.0
2026-09-08,T_WDRGW-1,Windy Rig Wind Farm Limited,467.8,13425.0
2026-09-08,T_WHILW-1,SP Renewables (UK) Limited,620.1,55989.0
2026-09-08,T_WISTW-2,BROCKLOCH RIG WINDFARM LTD,1137.3,98036.0
2026-09-08,T_WLNYO-3,Walney Extension Ltd,609.5,39377.0
2026-09-09,2__PEDGE003,Edgware Energy Limited,111.9,11459.0
2026-09-09,C__PSTAT011,Statkraft Markets Gmbh,0.2,7.0
2026-09-09,E_BABAW-1,Statkraft Markets Gmbh,33.9,2847.0
2026-09-09,E_BTUIW-3,SP Renewables (UK) Limited,0.7,8.0
2026-09-09,E_CMSTW-2,Edgware Energy Limited,73.2,1839.0
2026-09-09,E_GRGRW-1,Evolve Energy Supply Limited,5.1,358.0
2026-09-09,T_BDCHW-1,RWE Generation UK plc,34.2,2009.0
2026-09-09,T_DOREW-1,Dorenell Windfarm Limited,188.6,1139.0
2026-09-09,T_DOREW-2,Dorenell Windfarm Limited,128.4,781.0
2026-09-09,T_GORDW-2,SSE Generation Ltd,58.7,917.0
2026-09-09,T_HALSW-1,SP Renewables (UK) Limited,0.3,3.0
2026-09-09,T_HOWBO-1,Breesea Limited,1165.0,0.0
2026-09-09,T_HOWBO-2,Sonningmay Wind Limited,2712.6,0.0
2026-09-09,T_HOWBO-3,Soundmark Wind Limited,2058.8,0.0
2026-09-09,T_LIMKW-1,Limekiln Extension Ltd,180.9,5426.0
2026-09-09,T_MOWEO-1,Moray Offshore Wind East Ltd,1049.3,0.0
2026-09-09,T_MOWEO-2,Moray Offshore Wind East Ltd,937.0,0.0
2026-09-09,T_MOWEO-3,Moray Offshore Wind East Ltd,1012.8,0.0
2026-09-09,T_MOWWO-1,Moray Offshore Wind West Ltd,12.7,216.0
2026-09-09,T_MOWWO-2,Moray Offshore Wind West Ltd,181.7,2878.0
2026-09-09,T_MOWWO-3,Moray Offshore Wind West Ltd,344.3,5706.0
2026-09-09,T_MOWWO-4,Moray Offshore Wind West Ltd,21.7,715.0
2026-09-09,T_SGRWO-1,Seagreen Wind Energy Limited,425.4,5802.0
2026-09-09,T_SGRWO-2,Seagreen Wind Energy Limited,431.3,5884.0
2026-09-09,T_SGRWO-3,Seagreen Wind Energy Limited,842.1,11487.0
2026-09-09,T_SGRWO-4,Seagreen Wind Energy Limited,75.0,1024.0
2026-09-09,T_SGRWO-5,Seagreen Wind Energy Limited,430.2,5868.0
2026-09-09,T_SGRWO-6,Seagreen Wind Energy Limited,2168.5,29578.0
2026-09-09,T_STRNW-1,Strathy Wind Farm Limited,134.1,11085.0
2026-09-09,T_VKNGW-2,Viking Energy Wind Farm LLP,90.5,1303.0
2026-09-09,T_VKNGW-3,Viking Energy Wind Farm LLP,218.7,3150.0
2026-09-09,T_VKNGW-4,Viking Energy Wind Farm LLP,62.6,902.0
2026-09-10,C__PSTAT011,Statkraft Markets Gmbh,146.1,5112.0
2026-09-10,E_BABAW-1,Statkraft Markets Gmbh,38.5,3236.0
2026-09-10,E_BLARW-1,Erova Energy Limited,123.4,3422.0
2026-09-10,E_BTUIW-3,SP Renewables (UK) Limited,469.7,5157.0
2026-09-10,E_CMSTW-2,Edgware Energy Limited,186.4,4680.0
2026-09-10,T_BDCHW-1,RWE Generation UK plc,281.6,8413.0
2026-09-10,T_BEATO-2,Beatrice Offshore Windfarm Ltd,180.9,4667.0
2026-09-10,T_BEATO-3,Beatrice Offshore Windfarm Ltd,256.4,6524.0
2026-09-10,T_BEATO-4,Beatrice Offshore Windfarm Ltd,173.5,4416.0
2026-09-10,T_BROCW-1,Smartestenergy Limited,17.9,698.0
2026-09-10,T_CGTHW-1,Corriegarth Wind Energy LTD,114.6,9252.0
2026-09-10,T_CREAW-1,Creag Riabhach Wind Farm Ltd,137.3,7963.0
2026-09-10,T_CUMHW-1,Uniper UK Limited,257.6,3906.0
2026-09-10,T_DOREW-1,Dorenell Windfarm Limited,884.1,3556.0
2026-09-10,T_DOREW-2,Dorenell Windfarm Limited,787.6,2658.0
2026-09-10,T_DOUGW-1,Erova Energy Limited,165.6,4968.0
2026-09-10,T_GLNKW-1,EDF Energy Customers Limited,115.8,4679.0
2026-09-10,T_GORDW-2,SSE Generation Ltd,178.1,2784.0
2026-09-10,T_HALSW-1,SP Renewables (UK) Limited,337.4,3877.0
2026-09-10,T_HOWBO-1,Breesea Limited,452.6,0.0
2026-09-10,T_HOWBO-2,Sonningmay Wind Limited,197.5,0.0
2026-09-10,T_HOWBO-3,Soundmark Wind Limited,379.8,0.0
2026-09-10,T_KENNW-1,Kennoxhead Wind Farm Limited,111.1,3490.0
2026-09-10,T_KPMRW-1,OnPath Energy Limited,399.8,6425.0
2026-09-10,T_LIMKW-1,Limekiln Extension Ltd,297.3,8920.0
2026-09-10,T_MIDMW-1,OnPath Energy Limited,208.2,3669.0
2026-09-10,T_MOWEO-1,Moray Offshore Wind East Ltd,4089.5,0.0
2026-09-10,T_MOWEO-2,Moray Offshore Wind East Ltd,3664.7,0.0
2026-09-10,T_MOWEO-3,Moray Offshore Wind East Ltd,3709.5,0.0
2026-09-10,T_MOWWO-1,Moray Offshore Wind West Ltd,2380.2,26635.0
2026-09-10,T_MOWWO-2,Moray Offshore Wind West Ltd,2778.5,30113.0
2026-09-10,T_MOWWO-3,Moray Offshore Wind West Ltd,1832.5,20794.0
2026-09-10,T_MOWWO-4,Moray Offshore Wind West Ltd,1628.2,53781.0
2026-09-10,T_NNGAO-1,Neart Na Gaoithe Offshore Wind,1331.3,7467.0
2026-09-10,T_NOKYW-1,North Kyle Wind farm Ltd,537.3,8054.0
2026-09-10,T_NOKYW-2,North Kyle Wind farm Ltd,574.2,8607.0
2026-09-10,T_SAKNW-1,Sandy Knowe Wind Farm Ltd,18.8,753.0
2026-09-10,T_SGRWO-1,Seagreen Wind Energy Limited,3671.6,50080.0
2026-09-10,T_SGRWO-2,Seagreen Wind Energy Limited,564.5,7700.0
2026-09-10,T_SGRWO-3,Seagreen Wind Energy Limited,1835.0,25029.0
2026-09-10,T_SGRWO-4,Seagreen Wind Energy Limited,1672.2,22808.0
2026-09-10,T_SGRWO-5,Seagreen Wind Energy Limited,633.9,8647.0
2026-09-10,T_SGRWO-6,Seagreen Wind Energy Limited,3300.2,45015.0
2026-09-10,T_STLGW-2,Stronelairg Windfarm Limited,65.3,5546.0
2026-09-10,T_STLGW-3,Stronelairg Windfarm Limited,142.1,12065.0
2026-09-10,T_STRNW-1,Strathy Wind Farm Limited,83.9,6933.0
2026-09-10,T_TWSHW-1,Twentyshilling Limited,74.0,2083.0
2026-09-10,T_VKNGW-1,Viking Energy Wind Farm LLP,1117.4,16090.0
2026-09-10,T_VKNGW-2,Viking Energy Wind Farm LLP,1001.3,14419.0
2026-09-10,T_VKNGW-3,Viking Energy Wind Farm LLP,914.3,13166.0
2026-09-10,T_VKNGW-4,Viking Energy Wind Farm LLP,893.5,12867.0
2026-09-10,T_WDRGW-1,Windy Rig Wind Farm Limited,113.3,3253.0
2026-09-11,E_BLARW-1,Erova Energy Limited,29.3,812.0
2026-09-11,E_BTUIW-3,SP Renewables (UK) Limited,257.3,2825.0
2026-09-11,E_CMSTW-2,Edgware Energy Limited,19.8,497.0
2026-09-11,T_BDCHW-1,RWE Generation UK plc,57.9,563.0
2026-09-11,T_BENBW-1,Benbrack Wind Farm Limited,42.5,0.0
2026-09-11,T_DOREW-1,Dorenell Windfarm Limited,659.6,3485.0
2026-09-11,T_DOREW-2,Dorenell Windfarm Limited,455.8,2090.0
2026-09-11,T_GORDW-2,SSE Generation Ltd,65.4,1022.0
2026-09-11,T_HALSW-1,SP Renewables (UK) Limited,89.7,1030.0
2026-09-11,T_LIMKW-1,Limekiln Extension Ltd,62.1,1863.0
2026-09-11,T_MOWEO-1,Moray Offshore Wind East Ltd,2584.3,0.0
2026-09-11,T_MOWEO-2,Moray Offshore Wind East Ltd,2178.5,0.0
2026-09-11,T_MOWEO-3,Moray Offshore Wind East Ltd,2112.7,0.0
2026-09-11,T_MOWWO-1,Moray Offshore Wind West Ltd,2021.9,20196.0
2026-09-11,T_MOWWO-2,Moray Offshore Wind West Ltd,2235.1,22160.0
2026-09-11,T_MOWWO-3,Moray Offshore Wind West Ltd,1430.6,14485.0
2026-09-11,T_MOWWO-4,Moray Offshore Wind West Ltd,257.2,8497.0
2026-09-11,T_SGRWO-1,Seagreen Wind Energy Limited,1571.8,21439.0
2026-09-11,T_SGRWO-2,Seagreen Wind Energy Limited,336.4,4588.0
2026-09-11,T_SGRWO-3,Seagreen Wind Energy Limited,709.7,9681.0
2026-09-11,T_SGRWO-4,Seagreen Wind Energy Limited,625.5,8532.0
2026-09-11,T_SGRWO-5,Seagreen Wind Energy Limited,346.4,4725.0
2026-09-11,T_SGRWO-6,Seagreen Wind Energy Limited,1563.6,21327.0
2026-09-11,T_VKNGW-1,Viking Energy Wind Farm LLP,716.7,10321.0
2026-09-11,T_VKNGW-2,Viking Energy Wind Farm LLP,383.0,5516.0
2026-09-11,T_VKNGW-3,Viking Energy Wind Farm LLP,490.3,7059.0
2026-09-11,T_VKNGW-4,Viking Energy Wind Farm LLP,379.2,5458.0
2026-09-12,2__PSTAT001,Statkraft Markets Gmbh,196.7,17843.0
2026-09-12,C__PSTAT011,Statkraft Markets Gmbh,549.1,19220.0
2026-09-12,E_BABAW-1,Statkraft Markets Gmbh,427.0,35902.0
2026-09-12,E_BLARW-1,Erova Energy Limited,278.6,9382.0
2026-09-12,E_BNWKW-1,Eneco Energy Trade,10.3,915.0
2026-09-12,E_BRYBW-1,Statkraft Markets Gmbh,225.5,20543.0
2026-09-12,E_BTUIW-3,SP Renewables (UK) Limited,757.5,8318.0
2026-09-12,E_CMSTW-2,Edgware Energy Limited,438.5,11010.0
2026-09-12,E_GRGRW-1,Evolve Energy Supply Limited,292.0,20442.0
2026-09-12,E_HRHLW-1,SP Renewables (UK) Limited,256.2,20686.0
2026-09-12,E_MOYEW-1,Eneco Energy Trade,247.2,22744.0
2026-09-12,E_TULWW-1,Eneco Energy Trade,26.1,2322.0
2026-09-12,T_AKGLW-3,AIK2A Sustainable Energy Ltd,731.4,36497.0
2026-09-12,T_BDCHW-1,RWE Generation UK plc,194.4,9883.0
2026-09-12,T_BEATO-1,Beatrice Offshore Windfarm Ltd,498.5,40738.0
2026-09-12,T_BEATO-2,Beatrice Offshore Windfarm Ltd,804.3,62728.0
2026-09-12,T_BEATO-3,Beatrice Offshore Windfarm Ltd,1006.4,75805.0
2026-09-12,T_BEATO-4,Beatrice Offshore Windfarm Ltd,1086.8,90667.0
2026-09-12,T_BHLAW-1,SSE Generation Ltd,397.5,33725.0
2026-09-12,T_BLLA-2,SP Renewables (UK) Limited,458.2,36994.0
2026-09-12,T_BROCW-1,Smartestenergy Limited,282.0,10999.0
2026-09-12,T_CGTHW-1,Corriegarth Wind Energy LTD,679.8,54856.0
2026-09-12,T_CLDCW-1,Clyde Windfarm (Scotland) Ltd,176.1,17360.0
2026-09-12,T_CLDNW-1,Clyde Windfarm (Scotland) Ltd,198.1,18243.0
2026-09-12,T_CLDSW-1,Clyde Windfarm (Scotland) Ltd,124.4,11884.0
2026-09-12,T_CRDEW-1,EDF Energy Customers Limited,158.0,8531.0
2026-09-12,T_CRDEW-2,EDF Energy Customers Limited,158.0,8531.0
2026-09-12,T_CREAW-1,Creag Riabhach Wind Farm Ltd,479.0,27779.0
2026-09-12,T_CRGHW-1,Statkraft Markets Gmbh,437.9,33719.0
2026-09-12,T_CUMHW-1,Uniper UK Limited,466.0,7065.0
2026-09-12,T_DALQW-1,Statkraft Markets Gmbh,355.1,25211.0
2026-09-12,T_DOREW-1,Dorenell Windfarm Limited,874.7,15291.0
2026-09-12,T_DOREW-2,Dorenell Windfarm Limited,636.6,10237.0
2026-09-12,T_DOUGW-1,Erova Energy Limited,330.3,9909.0
2026-09-12,T_DRSLW-1,SP Renewables (UK) Limited,586.7,47372.0
2026-09-12,T_DUNGW-1,Dunmaglass Wind Farm Limited,477.1,43437.0
2026-09-12,T_EWHLW-1,SP Renewables (UK) Limited,319.4,25788.0
2026-09-12,T_FALGW-1,Fallago Rig Wind Farm Limited,870.2,73610.0
2026-09-12,T_FARR-1,Smartestenergy Limited,5.2,483.0
2026-09-12,T_FARR-2,Smartestenergy Limited,2.4,217.0
2026-09-12,T_GLNKW-1,EDF Energy Customers Limited,633.2,25580.0
2026-09-12,T_GORDW-1,SSE Generation Ltd,680.9,56193.0
2026-09-12,T_GORDW-2,SSE Generation Ltd,426.8,6654.0
2026-09-12,T_GRIFW-1,Griffin Wind Farm Ltd,33.4,2983.0
2026-09-12,T_GRIFW-2,Griffin Wind Farm Ltd,35.1,3125.0
2026-09-12,T_HAHAW-1,HAGSHAW HILL REPOWERING LTD,268.6,3213.0
2026-09-12,T_HALSW-1,SP Renewables (UK) Limited,483.3,5553.0
2026-09-12,T_HOWBO-1,Breesea Limited,102.3,2943.0
2026-09-12,T_HOWBO-2,Sonningmay Wind Limited,216.1,5312.0
2026-09-12,T_HOWBO-3,Soundmark Wind Limited,166.8,5519.0
2026-09-12,T_KENNW-1,Kennoxhead Wind Farm Limited,567.4,22737.0
2026-09-12,T_KLGLW-1,SP Renewables (UK) Limited,1972.0,158586.0
2026-09-12,T_KPMRW-1,OnPath Energy Limited,680.3,14943.0
2026-09-12,T_LCLTW-1,Eneco Energy Trade,237.6,21148.0
2026-09-12,T_LIMKW-1,Limekiln Extension Ltd,1484.2,44526.0
2026-09-12,T_MIDMW-1,OnPath Energy Limited,361.5,5959.0
2026-09-12,T_MOWEO-1,Moray Offshore Wind East Ltd,3708.0,123818.0
2026-09-12,T_MOWEO-2,Moray Offshore Wind East Ltd,3000.2,61989.0
2026-09-12,T_MOWEO-3,Moray Offshore Wind East Ltd,3570.0,139011.0
2026-09-12,T_MOWWO-1,Moray Offshore Wind West Ltd,2974.5,62784.0
2026-09-12,T_MOWWO-2,Moray Offshore Wind West Ltd,3314.1,68777.0
2026-09-12,T_MOWWO-3,Moray Offshore Wind West Ltd,2306.6,48113.0
2026-09-12,T_MOWWO-4,Moray Offshore Wind West Ltd,3831.8,126564.0
2026-09-12,T_MYGPW-1,Minnygap Energy Limited,137.9,10480.0
2026-09-12,T_NNGAO-1,Neart Na Gaoithe Offshore Wind,1907.3,86656.0
2026-09-12,T_NOKYW-1,North Kyle Wind farm Ltd,1533.3,22985.0
2026-09-12,T_NOKYW-2,North Kyle Wind farm Ltd,1206.3,18083.0
2026-09-12,T_PNYCW-1,Pen y Cymoedd Wind Farm LTD,141.4,13576.0
2026-09-12,T_RCBKO-1,Race Bank Wind Farm Ltd,13.7,2332.0
2026-09-12,T_RCBKO-2,Race Bank Wind Farm Ltd,16.0,2729.0
2026-09-12,T_SAKNW-1,Sandy Knowe Wind Farm Ltd,772.4,30898.0
2026-09-12,T_SGRWO-1,Seagreen Wind Energy Limited,4367.4,59571.0
2026-09-12,T_SGRWO-2,Seagreen Wind Energy Limited,1167.0,15918.0
2026-09-12,T_SGRWO-3,Seagreen Wind Energy Limited,2039.7,27822.0
2026-09-12,T_SGRWO-4,Seagreen Wind Energy Limited,2048.3,27939.0
2026-09-12,T_SGRWO-5,Seagreen Wind Energy Limited,1183.3,16141.0
2026-09-12,T_SGRWO-6,Seagreen Wind Energy Limited,5414.2,73850.0
2026-09-12,T_SOKYW-1,South Kyle Wind Farm Limited,1846.7,88643.0
2026-09-12,T_STLGW-1,Stronelairg Windfarm Limited,681.7,57840.0
2026-09-12,T_STLGW-2,Stronelairg Windfarm Limited,783.7,66492.0
2026-09-12,T_STLGW-3,Stronelairg Windfarm Limited,468.0,39708.0
2026-09-12,T_STRNW-1,Strathy Wind Farm Limited,620.5,51282.0
2026-09-12,T_TWSHW-1,Twentyshilling Limited,354.4,9979.0
2026-09-12,T_VKNGW-1,Viking Energy Wind Farm LLP,1675.3,24057.0
2026-09-12,T_VKNGW-2,Viking Energy Wind Farm LLP,1676.8,24079.0
2026-09-12,T_VKNGW-3,Viking Energy Wind Farm LLP,1489.3,21386.0
2026-09-12,T_VKNGW-4,Viking Energy Wind Farm LLP,1587.7,22800.0
2026-09-12,T_WDRGW-1,Windy Rig Wind Farm Limited,472.1,13550.0
2026-09-12,T_WHILW-1,SP Renewables (UK) Limited,294.6,26597.0
2026-09-14,T_DOREW-1,Dorenell Windfarm Limited,8.4,0.0
2026-09-14,T_DOREW-2,Dorenell Windfarm Limited,7.2,0.0
2026-09-14,T_MOWEO-1,Moray Offshore Wind East Ltd,1297.9,0.0
2026-09-14,T_MOWEO-2,Moray Offshore Wind East Ltd,821.8,0.0
2026-09-14,T_MOWEO-3,Moray Offshore Wind East Ltd,1231.4,0.0
2026-09-14,T_MOWWO-3,Moray Offshore Wind West Ltd,151.8,823.0
2026-09-14,T_SGRWO-1,Seagreen Wind Energy Limited,919.4,12541.0
2026-09-14,T_SGRWO-5,Seagreen Wind Energy Limited,89.0,1213.0
2026-09-15,2__PSTAT001,Statkraft Markets Gmbh,53.8,4881.0
2026-09-15,C__PSTAT011,Statkraft Markets Gmbh,122.8,4299.0
2026-09-15,E_BABAW-1,Statkraft Markets Gmbh,75.0,6306.0
2026-09-15,E_BNWKW-1,Eneco Energy Trade,17.6,1564.0
2026-09-15,E_BTUIW-3,SP Renewables (UK) Limited,107.4,1180.0
2026-09-15,E_CMSTW-2,Edgware Energy Limited,69.5,1746.0
2026-09-15,T_BEATO-1,Beatrice Offshore Windfarm Ltd,186.6,14676.0
2026-09-15,T_BEATO-2,Beatrice Offshore Windfarm Ltd,411.1,27306.0
2026-09-15,T_BEATO-3,Beatrice Offshore Windfarm Ltd,507.3,33038.0
2026-09-15,T_BEATO-4,Beatrice Offshore Windfarm Ltd,580.7,34085.0
2026-09-15,T_BHLAW-1,SSE Generation Ltd,58.6,4968.0
2026-09-15,T_CGTHW-1,Corriegarth Wind Energy LTD,55.5,4479.0
2026-09-15,T_CREAW-1,Creag Riabhach Wind Farm Ltd,12.0,746.0
2026-09-15,T_CRMLW-1,EDF Energy Customers Limited,63.7,5417.0
2026-09-15,T_DOREW-1,Dorenell Windfarm Limited,830.3,0.0
2026-09-15,T_DOREW-2,Dorenell Windfarm Limited,487.6,0.0
2026-09-15,T_DUNGW-1,Dunmaglass Wind Farm Limited,83.9,7641.0
2026-09-15,T_GLNKW-1,EDF Energy Customers Limited,133.2,5381.0
2026-09-15,T_GORDW-2,SSE Generation Ltd,72.9,1136.0
2026-09-15,T_GRGBW-3,Greater Gabbard Offshore Winds,14.7,2408.0
2026-09-15,T_GRIFW-1,Griffin Wind Farm Ltd,165.5,14761.0
2026-09-15,T_GRIFW-2,Griffin Wind Farm Ltd,54.9,4892.0
2026-09-15,T_HALSW-1,SP Renewables (UK) Limited,129.5,1489.0
2026-09-15,T_HOWBO-1,Breesea Limited,862.9,0.0
2026-09-15,T_HOWBO-2,Sonningmay Wind Limited,1303.6,0.0
2026-09-15,T_HOWBO-3,Soundmark Wind Limited,1203.0,0.0
2026-09-15,T_KPMRW-1,OnPath Energy Limited,233.6,0.0
2026-09-15,T_LCLTW-1,Eneco Energy Trade,97.6,8688.0
2026-09-15,T_LIMKW-1,Limekiln Extension Ltd,397.7,11931.0
2026-09-15,T_MIDMW-1,OnPath Energy Limited,123.4,0.0
2026-09-15,T_MOWEO-1,Moray Offshore Wind East Ltd,2210.5,0.0
2026-09-15,T_MOWEO-2,Moray Offshore Wind East Ltd,1993.5,0.0
2026-09-15,T_MOWEO-3,Moray Offshore Wind East Ltd,2046.4,0.0
2026-09-15,T_MOWWO-1,Moray Offshore Wind West Ltd,1479.9,13510.0
2026-09-15,T_MOWWO-2,Moray Offshore Wind West Ltd,1303.1,12014.0
2026-09-15,T_MOWWO-3,Moray Offshore Wind West Ltd,1147.7,10090.0
2026-09-15,T_MOWWO-4,Moray Offshore Wind West Ltd,1117.7,36918.0
2026-09-15,T_NNGAO-1,Neart Na Gaoithe Offshore Wind,1587.6,29751.0
2026-09-15,T_SGRWO-1,Seagreen Wind Energy Limited,2071.8,28218.0
2026-09-15,T_SGRWO-2,Seagreen Wind Energy Limited,499.5,6803.0
2026-09-15,T_SGRWO-3,Seagreen Wind Energy Limited,951.7,12962.0
2026-09-15,T_SGRWO-4,Seagreen Wind Energy Limited,755.6,10292.0
2026-09-15,T_SGRWO-5,Seagreen Wind Energy Limited,452.2,6159.0
2026-09-15,T_SGRWO-6,Seagreen Wind Energy Limited,1904.8,25943.0
2026-09-15,T_STLGW-1,Stronelairg Windfarm Limited,115.1,9765.0
2026-09-15,T_STLGW-2,Stronelairg Windfarm Limited,136.4,11569.0
2026-09-15,T_STLGW-3,Stronelairg Windfarm Limited,95.6,8110.0
2026-09-15,T_STRNW-1,Strathy Wind Farm Limited,46.8,3868.0
2026-09-15,T_VKNGW-1,Viking Energy Wind Farm LLP,489.8,7033.0
2026-09-15,T_VKNGW-2,Viking Energy Wind Farm LLP,478.0,6865.0
2026-09-15,T_VKNGW-3,Viking Energy Wind Farm LLP,394.5,5665.0
2026-09-15,T_VKNGW-4,Viking Energy Wind Farm LLP,425.1,6104.0
2026-09-16,2__PSTAT001,Statkraft Markets Gmbh,77.9,7067
2026-09-16,C__PSTAT011,Statkraft Markets Gmbh,138.6,4850
2026-09-16,E_BABAW-1,Statkraft Markets Gmbh,14.3,1204
2026-09-16,E_BETHW-1,SP Renewables (UK) Limited,35.0,3134
2026-09-16,E_BNWKW-1,Eneco Energy Trade,41.8,3722
2026-09-16,E_BRDUW-1,Erova Energy Limited,97.4,9543
2026-09-16,E_BRYBW-1,Statkraft Markets Gmbh,154.4,14063
2026-09-16,E_CMSTW-2,Edgware Energy Limited,130.1,3266
2026-09-16,E_MOYEW-1,Eneco Energy Trade,124.7,11474
2026-09-16,T_AKGLW-3,AIK2A Sustainable Energy Ltd,75.1,3750
2026-09-16,T_BEATO-1,Beatrice Offshore Windfarm Ltd,537.7,29981
2026-09-16,T_BEATO-2,Beatrice Offshore Windfarm Ltd,531.3,28087
2026-09-16,T_BEATO-3,Beatrice Offshore Windfarm Ltd,703.1,39002
2026-09-16,T_BEATO-4,Beatrice Offshore Windfarm Ltd,647.8,36335
2026-09-16,T_BHLAW-1,SSE Generation Ltd,204.9,17387
2026-09-16,T_CGTHW-1,Corriegarth Wind Energy LTD,146.5,11824
2026-09-16,T_CLDCW-1,Clyde Windfarm (Scotland) Ltd,206.2,20321
2026-09-16,T_CLDNW-1,Clyde Windfarm (Scotland) Ltd,361.6,33293
2026-09-16,T_CLDSW-1,Clyde Windfarm (Scotland) Ltd,240.0,22939
2026-09-16,T_CRMLW-1,EDF Energy Customers Limited,68.0,5779
2026-09-16,T_CUMHW-1,Uniper UK Limited,128.2,1944
2026-09-16,T_DOREW-1,Dorenell Windfarm Limited,694.8,59
2026-09-16,T_DOREW-2,Dorenell Windfarm Limited,503.6,45
2026-09-16,T_DUNGW-1,Dunmaglass Wind Farm Limited,284.6,25912
2026-09-16,T_GLNKW-1,EDF Energy Customers Limited,35.2,1422
2026-09-16,T_GORDW-1,SSE Generation Ltd,153.7,12686
2026-09-16,T_GORDW-2,SSE Generation Ltd,104.5,1629
2026-09-16,T_GRIFW-1,Griffin Wind Farm Ltd,56.2,5011
2026-09-16,T_GRIFW-2,Griffin Wind Farm Ltd,48.5,4328
2026-09-16,T_HALSW-1,SP Renewables (UK) Limited,83.3,957
2026-09-16,T_KPMRW-1,OnPath Energy Limited,179.5,1391
2026-09-16,T_KYPEW-1,Kype Extension Wind Farm Ltd,25.6,898
2026-09-16,T_LCLTW-1,Eneco Energy Trade,118.7,10562
2026-09-16,T_LIMKW-1,Limekiln Extension Ltd,405.3,12158
2026-09-16,T_MIDMW-1,OnPath Energy Limited,79.6,535
2026-09-16,T_MOWEO-1,Moray Offshore Wind East Ltd,1821.4,0
2026-09-16,T_MOWEO-2,Moray Offshore Wind East Ltd,2041.0,0
2026-09-16,T_MOWEO-3,Moray Offshore Wind East Ltd,2056.5,0
2026-09-16,T_MOWWO-1,Moray Offshore Wind West Ltd,1295.6,14145
2026-09-16,T_MOWWO-2,Moray Offshore Wind West Ltd,1350.5,14398
2026-09-16,T_MOWWO-3,Moray Offshore Wind West Ltd,923.8,10302
2026-09-16,T_MOWWO-4,Moray Offshore Wind West Ltd,1572.2,51930
2026-09-16,T_NNGAO-1,Neart Na Gaoithe Offshore Wind,577.1,18648
2026-09-16,T_NNGAO-2,Neart Na Gaoithe Offshore Wind,531.8,20343
2026-09-16,T_NOKYW-1,North Kyle Wind farm Ltd,289.1,4333
2026-09-16,T_NOKYW-2,North Kyle Wind farm Ltd,267.8,4014
2026-09-16,T_SGRWO-1,Seagreen Wind Energy Limited,1083.4,14756
2026-09-16,T_SGRWO-2,Seagreen Wind Energy Limited,226.7,3087
2026-09-16,T_SGRWO-3,Seagreen Wind Energy Limited,511.7,6970
2026-09-16,T_SGRWO-4,Seagreen Wind Energy Limited,496.7,6765
2026-09-16,T_SGRWO-5,Seagreen Wind Energy Limited,261.8,3566
2026-09-16,T_SGRWO-6,Seagreen Wind Energy Limited,1421.5,19361
2026-09-16,T_STLGW-1,Stronelairg Windfarm Limited,186.9,15853
2026-09-16,T_STLGW-2,Stronelairg Windfarm Limited,244.8,20773
2026-09-16,T_STLGW-3,Stronelairg Windfarm Limited,204.0,17312
2026-09-16,T_STRNW-1,Strathy Wind Farm Limited,87.1,7199
2026-09-16,T_VKNGW-1,Viking Energy Wind Farm LLP,928.7,13337
2026-09-16,T_VKNGW-2,Viking Energy Wind Farm LLP,967.1,13887
2026-09-16,T_VKNGW-3,Viking Energy Wind Farm LLP,734.6,10549
2026-09-16,T_VKNGW-4,Viking Energy Wind Farm LLP,818.3,11751
2026-09-16,T_WHILW-1,SP Renewables (UK) Limited,623.3,56276
2026-09-19,2__PEDGE003,Edgware Energy Limited,719.9,73721
2026-09-19,2__PEDGE004,Edgware Energy Limited,380.8,38796
2026-09-19,2__PSTAT001,Statkraft Markets Gmbh,944.5,85663
2026-09-19,2__PSTAT002,Statkraft Markets Gmbh,885.0,73192
2026-09-19,C__PSTAT011,Statkraft Markets Gmbh,864.0,30240
2026-09-19,E_BABAW-1,Statkraft Markets Gmbh,848.2,71322
2026-09-19,E_BETHW-1,SP Renewables (UK) Limited,460.6,41204
2026-09-19,E_BLARW-1,Erova Energy Limited,152.3,8134
2026-09-19,E_BNWKW-1,Eneco Energy Trade,390.5,34755
2026-09-19,E_BRYBW-1,Statkraft Markets Gmbh,1170.7,106631
2026-09-19,E_BTUIW-3,SP Renewables (UK) Limited,830.8,9122
2026-09-19,E_CLDRW-1,Vattenfall Energy Trading,664.3,61114
2026-09-19,E_CMSTW-2,Edgware Energy Limited,701.6,17616
2026-09-19,E_GDSTW-1,Mobius Renewables Gen. (GB),30.6,3210
2026-09-19,E_GLOFW-1,Glens of Foudland Ltd,275.7,30326
2026-09-19,E_GRGRW-1,Evolve Energy Supply Limited,732.3,51261
2026-09-19,E_HLTWW-1,ScottishPower Energy Retail,803.2,82831
2026-09-19,E_HRHLW-1,SP Renewables (UK) Limited,24.3,1966
2026-09-19,E_MOYEW-1,Eneco Energy Trade,1109.9,102112
2026-09-19,E_TULWW-1,Eneco Energy Trade,239.5,21315
2026-09-19,E_TULWW-2,Eneco Energy Trade,7.6,680
2026-09-19,T_AFTOW-1,Afton Wind Farm Limited,53.4,4535
2026-09-19,T_AKGLW-2,Aikengall 2 CWCL,396.2,34470
2026-09-19,T_AKGLW-3,AIK2A Sustainable Energy Ltd,1902.2,94918
2026-09-19,T_BDCHW-1,RWE Generation UK plc,18.3,2931
2026-09-19,T_BENBW-1,Benbrack Wind Farm Limited,196.8,10361
2026-09-19,T_BHLAW-1,SSE Generation Ltd,2415.3,204766
2026-09-19,T_BLLA-2,SP Renewables (UK) Limited,47.3,3820
2026-09-19,T_BROCW-1,Smartestenergy Limited,834.4,32542
2026-09-19,T_CGTHW-1,Corriegarth Wind Energy LTD,1334.3,107675
2026-09-19,T_CRDEW-1,EDF Energy Customers Limited,415.5,22436
2026-09-19,T_CRDEW-2,EDF Energy Customers Limited,417.0,22517
2026-09-19,T_CREAW-1,Creag Riabhach Wind Farm Ltd,747.4,46341
2026-09-19,T_CRGHW-1,Statkraft Markets Gmbh,634.8,48879
2026-09-19,T_CRMLW-1,EDF Energy Customers Limited,945.1,80336
2026-09-19,T_CRYRW-4,Erova Energy Limited,21.1,923
2026-09-19,T_CUMHW-1,Uniper UK Limited,895.1,27821
2026-09-19,T_DALQW-1,Statkraft Markets Gmbh,426.4,30274
2026-09-19,T_DOREW-1,Dorenell Windfarm Limited,894.1,59786
2026-09-19,T_DOREW-2,Dorenell Windfarm Limited,1028.1,85969
2026-09-19,T_DOUGW-1,Erova Energy Limited,817.0,24508
2026-09-19,T_DRSLW-1,SP Renewables (UK) Limited,55.9,4509
2026-09-19,T_DUNGW-1,Dunmaglass Wind Farm Limited,1884.8,171482
2026-09-19,T_DWEXW-1,Douglas West Extension Ltd,791.7,63333
2026-09-19,T_EDINW-1,Vattenfall Wind Power Ltd,425.5,46810
2026-09-19,T_EWHLW-1,SP Renewables (UK) Limited,34.1,2755
2026-09-19,T_FALGW-1,Fallago Rig Wind Farm Limited,3207.7,271341
2026-09-19,T_FARR-1,Smartestenergy Limited,619.3,56978
2026-09-19,T_FARR-2,Smartestenergy Limited,436.4,40144
2026-09-19,T_GLNKW-1,EDF Energy Customers Limited,1152.0,46541
2026-09-19,T_GORDW-1,SSE Generation Ltd,1580.0,130312
2026-09-19,T_GORDW-2,SSE Generation Ltd,827.1,12837
2026-09-19,T_GRIFW-2,Griffin Wind Farm Ltd,0.6,56
2026-09-19,T_HAHAW-1,HAGSHAW HILL REPOWERING LTD,257.9,3084
2026-09-19,T_HALSW-1,SP Renewables (UK) Limited,646.3,7425
2026-09-19,T_KENNW-1,Kennoxhead Wind Farm Limited,789.3,37174
2026-09-19,T_KILBW-1,Kilbraur Wind Energy Ltd,475.6,45186
2026-09-19,T_KLGLW-1,SP Renewables (UK) Limited,1875.5,150830
2026-09-19,T_KPMRW-1,OnPath Energy Limited,206.0,13792
2026-09-19,T_KYPEW-1,Kype Extension Wind Farm Ltd,997.5,34913
2026-09-19,T_LCLTW-1,Eneco Energy Trade,1432.7,127508
2026-09-19,T_LIMKW-1,Limekiln Extension Ltd,2458.4,73753
2026-09-19,T_MIDMW-1,OnPath Energy Limited,97.1,6496
2026-09-19,T_MOWEO-1,Moray Offshore Wind East Ltd,3932.4,262570
2026-09-19,T_MOWEO-2,Moray Offshore Wind East Ltd,3670.7,248790
2026-09-19,T_MOWEO-3,Moray Offshore Wind East Ltd,4089.4,301673
2026-09-19,T_MOWWO-1,Moray Offshore Wind West Ltd,4655.7,141947
2026-09-19,T_MOWWO-2,Moray Offshore Wind West Ltd,5067.0,154525
2026-09-19,T_MOWWO-3,Moray Offshore Wind West Ltd,3422.8,104498
2026-09-19,T_MOWWO-4,Moray Offshore Wind West Ltd,6281.9,207492
2026-09-19,T_MYGPW-1,Minnygap Energy Limited,122.4,9302
2026-09-19,T_NNGAO-1,Neart Na Gaoithe Offshore Wind,1697.7,271266
2026-09-19,T_NNGAO-2,Neart Na Gaoithe Offshore Wind,5052.8,795401
2026-09-19,T_NOKYW-1,North Kyle Wind farm Ltd,774.4,11609
2026-09-19,T_NOKYW-2,North Kyle Wind farm Ltd,709.5,10635
2026-09-19,T_SAKNW-1,Sandy Knowe Wind Farm Ltd,344.7,13786
2026-09-19,T_SGRWO-1,Seagreen Wind Energy Limited,6452.2,87879
2026-09-19,T_SGRWO-2,Seagreen Wind Energy Limited,1771.3,24125
2026-09-19,T_SGRWO-3,Seagreen Wind Energy Limited,3296.6,44900
2026-09-19,T_SGRWO-4,Seagreen Wind Energy Limited,3100.7,42232
2026-09-19,T_SGRWO-5,Seagreen Wind Energy Limited,1566.7,21338
2026-09-19,T_SGRWO-6,Seagreen Wind Energy Limited,7953.7,108329
2026-09-19,T_SOKYW-1,South Kyle Wind Farm Limited,3569.5,171335
2026-09-19,T_STLGW-1,Stronelairg Windfarm Limited,1728.0,146500
2026-09-19,T_STLGW-2,Stronelairg Windfarm Limited,1968.0,166846
2026-09-19,T_STLGW-3,Stronelairg Windfarm Limited,1749.8,148350
2026-09-19,T_STRNW-1,Strathy Wind Farm Limited,1454.2,120089
2026-09-19,T_TWSHW-1,Twentyshilling Limited,504.7,14213
2026-09-19,T_VKNGW-1,Viking Energy Wind Farm LLP,2588.9,37022
2026-09-19,T_VKNGW-2,Viking Energy Wind Farm LLP,2605.8,37262
2026-09-19,T_VKNGW-3,Viking Energy Wind Farm LLP,2458.4,35155
2026-09-19,T_VKNGW-4,Viking Energy Wind Farm LLP,2635.0,37681
2026-09-19,T_WDRGW-1,Windy Rig Wind Farm Limited,1039.7,29840
2026-09-20,2__PEDGE003,Edgware Energy Limited,437.8,44832
2026-09-20,2__PEDGE004,Edgware Energy Limited,224.8,22898
2026-09-20,2__PSTAT001,Statkraft Markets Gmbh,711.6,64546
2026-09-20,2__PSTAT002,Statkraft Markets Gmbh,638.1,52773
2026-09-20,C__PSTAT011,Statkraft Markets Gmbh,651.4,22799
2026-09-20,E_BABAW-1,Statkraft Markets Gmbh,679.3,57123
2026-09-20,E_BETHW-1,SP Renewables (UK) Limited,364.4,32603
2026-09-20,E_BNWKW-1,Eneco Energy Trade,373.4,33232
2026-09-20,E_BRYBW-1,Statkraft Markets Gmbh,673.5,61342
2026-09-20,E_BTUIW-3,SP Renewables (UK) Limited,408.4,4484
2026-09-20,E_CLDRW-1,Vattenfall Energy Trading,602.9,55469
2026-09-20,E_CMSTW-2,Edgware Energy Limited,624.0,15668
2026-09-20,E_GLOFW-1,Glens of Foudland Ltd,118.2,12997
2026-09-20,E_GRGRW-1,Evolve Energy Supply Limited,188.5,13195
2026-09-20,E_HLTWW-1,ScottishPower Energy Retail,359.4,37064
2026-09-20,E_MOYEW-1,Eneco Energy Trade,716.9,65951
2026-09-20,E_TULWW-1,Eneco Energy Trade,120.4,10719
2026-09-20,E_TULWW-2,Eneco Energy Trade,0.2,21
2026-09-20,T_AKGLW-2,Aikengall 2 CWCL,928.5,80776
2026-09-20,T_AKGLW-3,AIK2A Sustainable Energy Ltd,1353.6,67545
2026-09-20,T_BENBW-1,Benbrack Wind Farm Limited,123.5,9204
2026-09-20,T_BHLAW-1,SSE Generation Ltd,1412.9,119783
2026-09-20,T_BLLA-1,SP Renewables (UK) Limited,122.2,10934
2026-09-20,T_BROCW-1,Smartestenergy Limited,193.7,7553
2026-09-20,T_CGTHW-1,Corriegarth Wind Energy LTD,711.8,57445
2026-09-20,T_CRDEW-1,EDF Energy Customers Limited,24.9,1345
2026-09-20,T_CRDEW-2,EDF Energy Customers Limited,50.4,2722
2026-09-20,T_CREAW-1,Creag Riabhach Wind Farm Ltd,1044.4,64750
2026-09-20,T_CRGHW-1,Statkraft Markets Gmbh,213.4,16435
2026-09-20,T_CRMLW-1,EDF Energy Customers Limited,697.8,59312
2026-09-20,T_CUMHW-1,Uniper UK Limited,271.7,4118
2026-09-20,T_DALQW-1,Statkraft Markets Gmbh,33.8,2403
2026-09-20,T_DOREW-1,Dorenell Windfarm Limited,20.9,0
2026-09-20,T_DOREW-2,Dorenell Windfarm Limited,33.7,0
2026-09-20,T_DOUGW-1,Erova Energy Limited,264.8,7943
2026-09-20,T_DUNGW-1,Dunmaglass Wind Farm Limited,1521.6,138435
2026-09-20,T_FALGW-1,Fallago Rig Wind Farm Limited,2109.9,178472
2026-09-20,T_FARR-1,Smartestenergy Limited,504.1,46378
2026-09-20,T_FARR-2,Smartestenergy Limited,295.9,27227
2026-09-20,T_GLNKW-1,EDF Energy Customers Limited,854.9,34537
2026-09-20,T_GLWSW-1,GALAWHISTLE WIND FARM,68.9,6143
2026-09-20,T_GORDW-1,SSE Generation Ltd,1111.8,91759
2026-09-20,T_GORDW-2,SSE Generation Ltd,457.3,7098
2026-09-20,T_GRIFW-1,Griffin Wind Farm Ltd,169.4,15092
2026-09-20,T_GRIFW-2,Griffin Wind Farm Ltd,152.2,13560
2026-09-20,T_HAHAW-1,HAGSHAW HILL REPOWERING LTD,116.4,1393
2026-09-20,T_HALSW-1,SP Renewables (UK) Limited,539.3,6196
2026-09-20,T_KENNW-1,Kennoxhead Wind Farm Limited,259.1,14532
2026-09-20,T_KILBW-1,Kilbraur Wind Energy Ltd,373.7,35503
2026-09-20,T_KLGLW-1,SP Renewables (UK) Limited,1172.2,94266
2026-09-20,T_KYPEW-1,Kype Extension Wind Farm Ltd,421.6,14758
2026-09-20,T_LCLTW-1,Eneco Energy Trade,1029.8,91653
2026-09-20,T_LIMKW-1,Limekiln Extension Ltd,2006.9,60206
2026-09-20,T_MOWEO-1,Moray Offshore Wind East Ltd,5674.0,468399
2026-09-20,T_MOWEO-2,Moray Offshore Wind East Ltd,5147.8,429279
2026-09-20,T_MOWEO-3,Moray Offshore Wind East Ltd,5059.3,411349
2026-09-20,T_MOWWO-1,Moray Offshore Wind West Ltd,3919.6,105611
2026-09-20,T_MOWWO-2,Moray Offshore Wind West Ltd,4211.0,113771
2026-09-20,T_MOWWO-3,Moray Offshore Wind West Ltd,2881.1,76662
2026-09-20,T_MOWWO-4,Moray Offshore Wind West Ltd,4978.5,164440
2026-09-20,T_NNGAO-1,Neart Na Gaoithe Offshore Wind,310.6,43112
2026-09-20,T_NNGAO-2,Neart Na Gaoithe Offshore Wind,3971.2,572427
2026-09-20,T_NOKYW-1,North Kyle Wind farm Ltd,624.7,9364
2026-09-20,T_NOKYW-2,North Kyle Wind farm Ltd,649.9,9742
2026-09-20,T_SAKNW-1,Sandy Knowe Wind Farm Ltd,342.3,13692
2026-09-20,T_SGRWO-1,Seagreen Wind Energy Limited,4732.4,64456
2026-09-20,T_SGRWO-2,Seagreen Wind Energy Limited,1287.0,17529
2026-09-20,T_SGRWO-3,Seagreen Wind Energy Limited,2305.3,31399
2026-09-20,T_SGRWO-4,Seagreen Wind Energy Limited,2239.8,30506
2026-09-20,T_SGRWO-5,Seagreen Wind Energy Limited,1076.7,14664
2026-09-20,T_SGRWO-6,Seagreen Wind Energy Limited,5363.3,73048
2026-09-20,T_SOKYW-1,South Kyle Wind Farm Limited,914.7,43907
2026-09-20,T_STLGW-1,Stronelairg Windfarm Limited,1071.3,90823
2026-09-20,T_STLGW-2,Stronelairg Windfarm Limited,1214.9,103001
2026-09-20,T_STLGW-3,Stronelairg Windfarm Limited,1160.4,98382
2026-09-20,T_STRNW-1,Strathy Wind Farm Limited,1197.0,98844
2026-09-20,T_TWSHW-1,Twentyshilling Limited,285.3,8034
2026-09-20,T_VKNGW-1,Viking Energy Wind Farm LLP,1440.4,20598
2026-09-20,T_VKNGW-2,Viking Energy Wind Farm LLP,1526.9,21834
2026-09-20,T_VKNGW-3,Viking Energy Wind Farm LLP,1385.0,19805
2026-09-20,T_VKNGW-4,Viking Energy Wind Farm LLP,1508.8,21575
2026-09-20,T_WDRGW-1,Windy Rig Wind Farm Limited,345.5,9916
2026-09-21,T_BEATO-4,Beatrice Offshore Windfarm Ltd,142.2,3037
2026-09-21,T_CRMLW-1,EDF Energy Customers Limited,4.9,414
2026-09-21,T_DOREW-1,Dorenell Windfarm Limited,625.6,0
2026-09-21,T_DOREW-2,Dorenell Windfarm Limited,507.7,0
2026-09-21,T_LCLTW-1,Eneco Energy Trade,3.1,272
2026-09-21,T_MOWEO-1,Moray Offshore Wind East Ltd,1939.5,0
2026-09-21,T_MOWEO-2,Moray Offshore Wind East Ltd,1568.8,0
2026-09-21,T_MOWWO-1,Moray Offshore Wind West Ltd,1674.6,11628
2026-09-21,T_MOWWO-2,Moray Offshore Wind West Ltd,1856.4,13312
2026-09-21,T_MOWWO-3,Moray Offshore Wind West Ltd,1100.7,7375
2026-09-21,T_MOWWO-4,Moray Offshore Wind West Ltd,1348.7,44547
2026-09-21,T_NNGAO-1,Neart Na Gaoithe Offshore Wind,627.4,9715
2026-09-21,T_NNGAO-2,Neart Na Gaoithe Offshore Wind,1071.2,14878
2026-09-21,T_SGRWO-1,Seagreen Wind Energy Limited,1428.6,19430
2026-09-21,T_SGRWO-2,Seagreen Wind Energy Limited,297.6,4045
2026-09-21,T_SGRWO-4,Seagreen Wind Energy Limited,86.6,1175
2026-09-21,T_SGRWO-5,Seagreen Wind Energy Limited,65.6,892
2026-09-21,T_SGRWO-6,Seagreen Wind Energy Limited,1250.1,17027
2026-09-21,T_VKNGW-1,Viking Energy Wind Farm LLP,368.2,5265
2026-09-21,T_VKNGW-2,Viking Energy Wind Farm LLP,253.7,3628
2026-09-21,T_VKNGW-3,Viking Energy Wind Farm LLP,180.8,2585
2026-09-21,T_VKNGW-4,Viking Energy Wind Farm LLP,126.1,1803
